time,q_ref1,q_ref2,q_ref3,q_ref4,q_ref5,q_ref6,q1,q2,q3,q4,q5,q6,tau1,tau2,tau3,tau4,tau5,tau6
0.000000000,0.002479259,0.020000000,-0.020000000,-0.015859662,0.010479649,-0.021087414,0.002479297,-0.000005251,-0.016899879,-0.015859474,0.010479777,-0.021087666,-0.000215041,8.790210414,-6.738394506,-1.416358476,-0.000811504,-0.000609289
0.005000000,0.002479259,0.020000000,-0.020000000,-0.015859662,0.010479649,-0.021087414,0.002479583,0.000195439,-0.016900660,-0.015861016,0.010479646,-0.021088028,-0.000418636,7.322292314,-6.463145170,-1.399091844,-0.000397275,-0.000653255
0.010000000,0.002479259,0.020000000,-0.020000000,-0.015859662,0.010479649,-0.021087414,0.002479834,0.000981265,-0.016900757,-0.015861748,0.010479334,-0.021087991,-0.000292938,5.816441876,-6.189895682,-1.384416671,-0.000172305,-0.000714762
0.015000000,0.002479259,0.020000000,-0.020000000,-0.015859662,0.010479649,-0.021087414,0.002479986,0.002042802,-0.016900727,-0.015861140,0.010479126,-0.021087942,-0.000230747,5.295333266,-6.098512875,-1.380071923,-0.000083690,-0.000744507
0.020000000,0.002479259,0.020000000,-0.020000000,-0.015859662,0.010479649,-0.021087414,0.002480076,0.002914096,-0.016900684,-0.015861110,0.010478996,-0.021087872,-0.000318707,5.112050077,-6.066830534,-1.378492434,-0.000053063,-0.000806898
0.025000000,0.002479259,0.020000000,-0.020000000,-0.015859662,0.010479649,-0.021087414,0.002480178,0.004140535,-0.016900610,-0.015861251,0.010478825,-0.021087824,-0.000179860,5.128134909,-6.071710133,-1.378781057,-0.000039569,-0.000755034
0.030000000,0.002479259,0.020000000,-0.020000000,-0.015859662,0.010479649,-0.021087414,0.002480271,0.005065083,-0.016900539,-0.015861373,0.010478680,-0.021087774,-0.000202251,5.145524461,-6.073273940,-1.378092167,-0.000031648,-0.000740853
0.035000000,0.002479259,0.020000000,-0.020000000,-0.015859662,0.010479649,-0.021087414,0.002480366,0.005909183,-0.016900462,-0.015861580,0.010478531,-0.021087711,-0.000208989,5.155253255,-6.079334193,-1.379203440,-0.000024632,-0.000760176
0.040000000,0.002479259,0.020000000,-0.020000000,-0.015859662,0.010479649,-0.021087414,0.002480464,0.006682206,-0.016900400,-0.015861692,0.010478382,-0.021087663,-0.000224035,5.157216880,-6.077681832,-1.378300307,-0.000013898,-0.000746379
0.045000000,0.002479259,0.020000000,-0.020000000,-0.015859662,0.010479649,-0.021087414,0.002480564,0.007391567,-0.016900316,-0.015862141,0.010478227,-0.021087595,-0.000224040,5.157951808,-6.081217538,-1.379092823,-0.000005248,-0.000764730
0.050000000,0.002479259,0.020000000,-0.020000000,-0.015859662,0.010479649,-0.021087414,0.002480675,0.008043331,-0.016900152,-0.015862259,0.010478062,-0.021087623,-0.000417266,5.123874101,-6.084104828,-1.380813198,0.000050151,-0.000745158
0.055000000,0.002479259,0.020000000,-0.020000000,-0.015859662,0.010479649,-0.021087414,0.002480776,0.008639358,-0.016900139,-0.015862571,0.010477885,-0.021087765,-0.000157340,5.167259314,-6.075932083,-1.377099433,0.000026821,-0.000734065
0.060000000,0.002479259,0.020000000,-0.020000000,-0.015859662,0.010479649,-0.021087414,0.002480880,0.009182042,-0.016900044,-0.015862898,0.010477710,-0.021087907,-0.000147953,5.184019719,-6.085439153,-1.378497710,0.000016484,-0.000734849
0.065000000,0.002479259,0.020000000,-0.020000000,-0.015859662,0.010479649,-0.021087414,0.002480987,0.009682661,-0.016899931,-0.015863189,0.010477529,-0.021088051,-0.000177436,5.170747020,-6.085977883,-1.379099144,0.000041234,-0.000725708
0.070000000,0.002479259,0.020000000,-0.020000000,-0.015859662,0.010479649,-0.021087414,0.002481095,0.010146765,-0.016899835,-0.015863495,0.010477349,-0.021088196,-0.000201035,5.156466226,-6.080936869,-1.378009678,0.000053941,-0.000715351
0.075000000,0.002479259,0.020000000,-0.020000000,-0.015859662,0.010479649,-0.021087414,0.002481195,0.010492405,-0.016899605,-0.015863786,0.010477202,-0.021088295,-0.000453521,5.116004426,-6.086067742,-1.380795591,0.000111110,-0.000709405
0.080000000,0.002479259,0.020000000,-0.020000000,-0.015859662,0.010479649,-0.021087414,0.002481313,0.010965648,-0.016899572,-0.015864190,0.010476992,-0.021088476,-0.000245787,5.167403623,-6.083777462,-1.378059448,0.000076919,-0.000699856
0.085000000,0.002479259,0.020000000,-0.020000000,-0.015859662,0.010479649,-0.021087414,0.002481433,0.011320120,-0.016899469,-0.015864655,0.010476821,-0.021088567,-0.000256443,5.168147231,-6.086418554,-1.378709545,0.000083615,-0.000707889
0.090000000,0.002479259,0.020000000,-0.020000000,-0.015859662,0.010479649,-0.021087414,0.002481543,0.011647437,-0.016899265,-0.015864883,0.010476643,-0.021088693,-0.000278724,5.161102880,-6.083133586,-1.377880342,0.000100269,-0.000688407
0.095000000,0.002479259,0.020000000,-0.020000000,-0.015859662,0.010479649,-0.021087414,0.002481657,0.011949740,-0.016899186,-0.015865364,0.010476466,-0.021088736,-0.000278468,5.157568533,-6.084956117,-1.378495095,0.000109333,-0.000697510
0.100000000,0.002479259,0.020000000,-0.020000000,-0.015859662,0.010479649,-0.021087414,0.002481776,0.012228501,-0.016898898,-0.015865823,0.010476297,-0.021088828,-0.000301958,5.127301836,-6.090571659,-1.380888641,0.000112200,-0.000689652
0.105000000,0.002479259,0.020000000,-0.020000000,-0.015859662,0.010479649,-0.021087414,0.002481892,0.012482598,-0.016898876,-0.015866101,0.010476129,-0.021088894,-0.000303026,5.163598920,-6.078046710,-1.376422217,0.000121757,-0.000705994
0.110000000,0.002479259,0.020000000,-0.020000000,-0.015859662,0.010479649,-0.021087414,0.002482010,0.012712733,-0.016898697,-0.015866507,0.010475959,-0.021088992,-0.000297797,5.176421082,-6.086502598,-1.377770511,0.000136103,-0.000671917
0.115000000,0.002479259,0.020000000,-0.020000000,-0.015859662,0.010479649,-0.021087414,0.002482130,0.012926025,-0.016898590,-0.015866934,0.010475790,-0.021089062,-0.000296914,5.166084996,-6.086663565,-1.378218324,0.000143494,-0.000682263
0.120200000,0.002479259,0.020000000,-0.020000000,-0.015859662,0.010479649,-0.021087414,0.002482249,0.013125024,-0.016898452,-0.015867362,0.010475621,-0.021089139,-0.000301277,5.155282693,-6.082020659,-1.377179181,0.000160266,-0.000661900
0.125000000,0.002479259,0.020000000,-0.020000000,-0.015859662,0.010479649,-0.021087414,0.002482367,0.013309093,-0.016898210,-0.015867714,0.010475452,-0.021089210,-0.000297574,5.152928970,-6.085061540,-1.378162184,0.000169592,-0.000673921
0.130000000,0.002479259,0.020000000,-0.020000000,-0.015859662,0.010479649,-0.021087414,0.002482487,0.013477858,-0.016898154,-0.015868192,0.010475284,-0.021089274,-0.000302665,5.152760538,-6.081697168,-1.377038730,0.000179874,-0.000655575
0.135000000,0.002479259,0.020000000,-0.020000000,-0.015859662,0.010479649,-0.021087414,0.002482606,0.013632133,-0.016897935,-0.015868533,0.010475114,-0.021089346,-0.000302706,5.155194449,-6.085001479,-1.377890633,0.000188177,-0.000665569
0.140000000,0.002479259,0.020000000,-0.020000000,-0.015859662,0.010479649,-0.021087414,0.002482726,0.013773251,-0.016897862,-0.015869052,0.010474943,-0.021089431,-0.000309166,5.155120109,-6.081809528,-1.376822363,0.000198852,-0.000646184
0.145000000,0.002479259,0.020000000,-0.020000000,-0.015859662,0.010479649,-0.021087414,0.002482846,0.013902548,-0.016897787,-0.015869155,0.010474774,-0.021089510,-0.000309250,5.156266062,-6.084759532,-1.377646599,0.000206492,-0.000655821
0.150000000,0.002479259,0.020000000,-0.020000000,-0.015859662,0.010479649,-0.021087414,0.002482966,0.014021128,-0.016897666,-0.015869564,0.010474601,-0.021089600,-0.000315896,5.155299740,-6.081916718,-1.376739432,0.000218453,-0.000637516
0.155000000,0.002479259,0.020000000,-0.020000000,-0.015859662,0.010479649,-0.021087414,0.002483086,0.014129927,-0.016897528,-0.015869968,0.010474426,-0.021089687,-0.000316524,5.156356670,-6.084244187,-1.377368745,0.000226386,-0.000646262
0.160000000,0.002479259,0.020000000,-0.020000000,-0.015859662,0.010479649,-0.021087414,0.002483216,0.014230232,-0.016897205,-0.015870333,0.010474243,-0.021089785,-0.000541156,5.120023685,-6.088974486,-1.379836488,0.000290748,-0.000626505
0.165000000,0.002479259,0.020000000,-0.020000000,-0.015859662,0.010479649,-0.021087414,0.002483331,0.014320041,-0.016897184,-0.015870639,0.010474071,-0.021089876,-0.000243907,5.166084726,-6.077773352,-1.375398029,0.000245617,-0.000625496
0.170000000,0.002479259,0.020000000,-0.020000000,-0.015859662,0.010479649,-0.021087414,0.002483447,0.014398165,-0.016897064,-0.015870961,0.010473898,-0.021089972,-0.000235487,5.182440448,-6.086796917,-1.376799588,0.000246028,-0.000619572
0.175000000,0.002479259,0.020000000,-0.020000000,-0.015859662,0.010479649,-0.021087414,0.002483566,0.014472454,-0.016896927,-0.015871364,0.010473720,-0.021090068,-0.000269041,5.168823948,-6.086290034,-1.377241905,0.000267800,-0.000614052
0.180000000,0.002479259,0.020000000,-0.020000000,-0.015859662,0.010479649,-0.021087414,0.002483686,0.014544818,-0.016896806,-0.015871764,0.010473543,-0.021090167,-0.000296182,5.155368080,-6.080988080,-1.376167550,0.000280581,-0.000604319
0.185000000,0.002479259,0.020000000,-0.020000000,-0.015859662,0.010479649,-0.021087414,0.002483807,0.014613078,-0.016896654,-0.015872160,0.010473368,-0.021090251,-0.000323991,5.151811370,-6.083074683,-1.376952199,0.000292057,-0.000610713
0.190000000,0.002479259,0.020000000,-0.020000000,-0.015859662,0.010479649,-0.021087414,0.002483928,0.014675511,-0.016896504,-0.015872532,0.010473193,-0.021090347,-0.000348258,5.152261676,-6.080365992,-1.376041561,0.000303176,-0.000595146
0.195000000,0.002479259,0.020000000,-0.020000000,-0.015859662,0.010479649,-0.021087414,0.002484050,0.014732027,-0.016896368,-0.015872989,0.010473015,-0.021090438,-0.000364589,5.154567889,-6.082868029,-1.376682652,0.000310453,-0.000601931
0.200000000,0.002479259,0.020000000,-0.020000000,-0.015859662,0.010479649,-0.021087414,0.002484150,0.014773641,-0.016896191,-0.015873323,0.010472878,-0.021090492,-0.000288273,5.163081416,-6.084423686,-1.376739617,0.000317907,-0.000589097
0.205000000,0.002479259,0.020000000,-0.020000000,-0.015859662,0.010479649,-0.021087414,0.002484295,0.014830580,-0.016896059,-0.015873842,0.010472665,-0.021090608,-0.000383150,5.152499260,-6.082060795,-1.376456595,0.000330343,-0.000592439
0.210000000,0.002479259,0.020000000,-0.020000000,-0.015859662,0.010479649,-0.021087414,0.002484417,0.014874687,-0.016895916,-0.015874272,0.010472491,-0.021090693,-0.000386916,5.151858490,-6.079256558,-1.375570376,0.000340636,-0.000575721
0.215000000,0.002479259,0.020000000,-0.020000000,-0.015859662,0.010479649,-0.021087414,0.002484512,0.014906986,-0.016895742,-0.015874551,0.010472349,-0.021090769,-0.000368724,5.155202955,-6.079893984,-1.375588285,0.000350507,-0.000571421
0.220000000,0.002479259,0.020000000,-0.020000000,-0.015859662,0.010479649,-0.021087414,0.002484663,0.014950920,-0.016895427,-0.015875134,0.010472140,-0.021090872,-0.000403868,5.125785083,-6.088217264,-1.378844545,0.000351607,-0.000574938
0.225000000,0.002479259,0.020000000,-0.020000000,-0.015859662,0.010479649,-0.021087414,0.002484785,0.014982132,-0.016895379,-0.015875482,0.010471966,-0.021090941,-0.000402093,5.162917600,-6.078578947,-1.375400601,0.000378993,-0.000573558
0.230000000,0.002479259,0.020000000,-0.020000000,-0.015859662,0.010479649,-0.021087414,0.002484907,0.015007423,-0.016895253,-0.015875843,0.010471790,-0.021091038,-0.000404483,5.177149470,-6.083435605,-1.375576135,0.000375154,-0.000556924
0.235000000,0.002479259,0.020000000,-0.020000000,-0.015859662,0.010479649,-0.021087414,0.002485023,0.015032688,-0.016895126,-0.015875888,0.010471612,-0.021091092,-0.000357523,5.163147535,-6.083887405,-1.376363439,0.000384928,-0.000567791
0.240000000,0.002479259,0.020000000,-0.020000000,-0.015859662,0.010479649,-0.021087414,0.002485149,0.015059186,-0.016895092,-0.015876379,0.010471441,-0.021091155,-0.000398870,5.152708130,-6.078385783,-1.375103095,0.000398723,-0.000550314
0.245000000,0.002479259,0.020000000,-0.020000000,-0.015859662,0.010479649,-0.021087414,0.002485271,0.015084636,-0.016894952,-0.015876713,0.010471265,-0.021091244,-0.000397409,5.152727389,-6.080686284,-1.375803907,0.000405676,-0.000558881
0.250000000,0.002479259,0.020000000,-0.020000000,-0.015859662,0.010479649,-0.021087414,0.002485393,0.015107503,-0.016894796,-0.015877120,0.010471089,-0.021091340,-0.000403324,5.153725020,-6.078090640,-1.374913539,0.000418206,-0.000539642
0.255200000,0.002479259,0.020000000,-0.020000000,-0.015859662,0.010479649,-0.021087414,0.002485515,0.015127909,-0.016894673,-0.015877591,0.010470912,-0.021091421,-0.000403046,5.155463606,-6.080458110,-1.375552303,0.000425048,-0.000548973
0.260000000,0.002479259,0.020000000,-0.020000000,-0.015859662,0.010479649,-0.021087414,0.002485638,0.015146286,-0.016894560,-0.015877921,0.010470736,-0.021091513,-0.000409925,5.155121133,-6.077813989,-1.374714604,0.000437225,-0.000529913
0.265000000,0.002479259,0.020000000,-0.020000000,-0.015859662,0.010479649,-0.021087414,0.002485759,0.015163011,-0.016894415,-0.015878267,0.010470560,-0.021091599,-0.000410172,5.156077331,-6.080163830,-1.375389910,0.000444842,-0.000539508
0.270000000,0.002479259,0.020000000,-0.020000000,-0.015859662,0.010479649,-0.021087414,0.002485858,0.015175370,-0.016894277,-0.015878498,0.010470417,-0.021091679,-0.000417844,5.157272231,-6.080505749,-1.375424915,0.000452560,-0.000534525
0.275000000,0.002479259,0.020000000,-0.020000000,-0.015859662,0.010479649,-0.021087414,0.002486011,0.015192904,-0.016894086,-0.015878969,0.010470193,-0.021091813,-0.000335901,5.151156370,-6.072652566,-1.373800615,0.000493643,-0.000493165
0.280000000,0.002479259,0.020000000,-0.020000000,-0.015859662,0.010479649,-0.021087414,0.002486128,0.015205524,-0.016893959,-0.015879312,0.010470019,-0.021091907,-0.000327292,5.167998911,-6.079768945,-1.374643045,0.000466555,-0.000511918
0.285200000,0.002479259,0.020000000,-0.020000000,-0.015859662,0.010479649,-0.021087414,0.002486247,0.015217115,-0.016893822,-0.015879612,0.010469843,-0.021092000,-0.000360742,5.162959040,-6.080929104,-1.375227972,0.000486761,-0.000506207
0.290000000,0.002479259,0.020000000,-0.020000000,-0.015859662,0.010479649,-0.021087414,0.002486369,0.015229760,-0.016893704,-0.015880109,0.010469663,-0.021092098,-0.000388352,5.153160500,-6.075998339,-1.374114536,0.000499063,-0.000496260
0.295000000,0.002479259,0.020000000,-0.020000000,-0.015859662,0.010479649,-0.021087414,0.002486490,0.015242138,-0.016893468,-0.015880377,0.010469491,-0.021092174,-0.000415541,5.152019292,-6.079173770,-1.375145871,0.000511456,-0.000504518
0.300000000,0.002479259,0.020000000,-0.020000000,-0.015859662,0.010479649,-0.021087414,0.002486587,0.015251096,-0.016893392,-0.015880731,0.010469342,-0.021092204,-0.000381757,5.160126894,-6.079775962,-1.374939779,0.000515803,-0.000495460
0.305000000,0.002479259,0.020000000,-0.020000000,-0.015859662,0.010479649,-0.021087414,0.002486730,0.015262402,-0.016893337,-0.015880967,0.010469130,-0.021092261,-0.000460242,5.150561071,-6.077906242,-1.374789826,0.000528391,-0.000500187
0.310000000,0.002479259,0.020000000,-0.020000000,-0.015859662,0.010479649,-0.021087414,0.002486854,0.015271722,-0.016893067,-0.015881402,0.010468961,-0.021092343,-0.000478821,5.122691707,-6.083686106,-1.377208364,0.000529175,-0.000492488
0.315000000,0.002479259,0.020000000,-0.020000000,-0.015859662,0.010479649,-0.021087414,0.002486947,0.015276305,-0.016893124,-0.015881666,0.010468817,-0.021092424,-0.000472403,5.163505026,-6.077096382,-1.373888511,0.000544187,-0.000478238
0.320000000,0.002479259,0.020000000,-0.020000000,-0.015859662,0.010479649,-0.021087414,0.002487098,0.015278459,-0.016892924,-0.015882092,0.010468605,-0.021092528,-0.000479399,5.176818411,-6.079650440,-1.374044855,0.000552539,-0.000473551
0.325200000,0.002479259,0.020000000,-0.020000000,-0.015859662,0.010479649,-0.021087414,0.002487222,0.015281567,-0.016892782,-0.015882438,0.010468428,-0.021092612,-0.000477167,5.166368080,-6.079683676,-1.374534464,0.000559103,-0.000484099
0.330000000,0.002479259,0.020000000,-0.020000000,-0.015859662,0.010479649,-0.021087414,0.002487317,0.015286371,-0.016892711,-0.015882767,0.010468283,-0.021092699,-0.000481863,5.151741469,-6.076733677,-1.374283539,0.000574770,-0.000475765
0.335000000,0.002479259,0.020000000,-0.020000000,-0.015859662,0.010479649,-0.021087414,0.002487468,0.015295298,-0.016892487,-0.015883204,0.010468073,-0.021092798,-0.000477648,5.152501181,-6.077112910,-1.374341896,0.000584116,-0.000472732
0.340000000,0.002479259,0.020000000,-0.020000000,-0.015859662,0.010479649,-0.021087414,0.002487591,0.015301402,-0.016892373,-0.015883693,0.010467895,-0.021092889,-0.000481610,5.152842830,-6.073965232,-1.373315508,0.000596324,-0.000453435
0.345000000,0.002479259,0.020000000,-0.020000000,-0.015859662,0.010479649,-0.021087414,0.002487713,0.015306316,-0.016892280,-0.015883923,0.010467725,-0.021092949,-0.000482112,5.154914260,-6.076566229,-1.374025994,0.000602431,-0.000462434
0.350000000,0.002479259,0.020000000,-0.020000000,-0.015859662,0.010479649,-0.021087414,0.002487829,0.015310356,-0.016892042,-0.015884444,0.010467544,-0.021092999,-0.000499215,5.154812017,-6.073902796,-1.373166841,0.000616038,-0.000447098
0.355000000,0.002479259,0.020000000,-0.020000000,-0.015859662,0.010479649,-0.021087414,0.002487954,0.015314350,-0.016891945,-0.015884529,0.010467356,-0.021093051,-0.000419210,5.151790712,-6.065811914,-1.371418050,0.000613372,-0.000449076
0.360000000,0.002479259,0.020000000,-0.020000000,-0.015859662,0.010479649,-0.021087414,0.002488074,0.015316991,-0.016891848,-0.015884963,0.010467184,-0.021093136,-0.000393342,5.167931044,-6.076238313,-1.373259825,0.000623090,-0.000442931
0.365000000,0.002479259,0.020000000,-0.020000000,-0.015859662,0.010479649,-0.021087414,0.002488193,0.015319478,-0.016891710,-0.015885263,0.010467008,-0.021093231,-0.000426847,5.162876902,-6.077377587,-1.373842099,0.000643248,-0.000437195
0.370200000,0.002479259,0.020000000,-0.020000000,-0.015859662,0.010479649,-0.021087414,0.002488314,0.015323774,-0.016891620,-0.015885640,0.010466833,-0.021093314,-0.000454690,5.152989480,-6.072533261,-1.372767591,0.000655400,-0.000428099
0.375000000,0.002479259,0.020000000,-0.020000000,-0.015859662,0.010479649,-0.021087414,0.002488436,0.015328628,-0.016891459,-0.015886042,0.010466659,-0.021093389,-0.000483234,5.151353237,-6.074918025,-1.373576836,0.000666501,-0.000434163
0.380000000,0.002479259,0.020000000,-0.020000000,-0.015859662,0.010479649,-0.021087414,0.002488559,0.015332478,-0.016891363,-0.015886386,0.010466485,-0.021093476,-0.000508427,5.152036348,-6.072122464,-1.372650101,0.000676465,-0.000419869
0.385000000,0.002479259,0.020000000,-0.020000000,-0.015859662,0.010479649,-0.021087414,0.002488663,0.015335042,-0.016891209,-0.015886641,0.010466342,-0.021093547,-0.000412658,5.162996742,-6.074278304,-1.372800090,0.000670956,-0.000420114
0.390000000,0.002479259,0.020000000,-0.020000000,-0.015859662,0.010479649,-0.021087414,0.002488805,0.015337526,-0.016891073,-0.015887183,0.010466129,-0.021093667,-0.000538309,5.151287028,-6.071366087,-1.372411982,0.000695860,-0.000408971
0.395000000,0.002479259,0.020000000,-0.020000000,-0.015859662,0.010479649,-0.021087414,0.002488927,0.015340339,-0.016890930,-0.015887465,0.010465953,-0.021093753,-0.000540972,5.152492523,-6.074072997,-1.373193923,0.000703775,-0.000416568
0.400000000,0.002479259,0.020000000,-0.020000000,-0.015859662,0.010479649,-0.021087414,0.002489024,0.015341985,-0.016890840,-0.015887700,0.010465814,-0.021093816,-0.000504159,5.156125268,-6.074751309,-1.373224056,0.000712196,-0.000410209
0.405000000,0.002479259,0.020000000,-0.020000000,-0.015859662,0.010479649,-0.021087414,0.002489174,0.015343371,-0.016890691,-0.015888181,0.010465602,-0.021093927,-0.000544582,5.154525084,-6.073782207,-1.372976349,0.000722606,-0.000406976
0.410000000,0.002479259,0.020000000,-0.020000000,-0.015859662,0.010479649,-0.021087414,0.002489298,0.015344823,-0.016890377,-0.015888604,0.010465426,-0.021094022,-0.000561556,5.125200984,-6.079782815,-1.375523131,0.000724901,-0.000398747
0.415000000,0.002479259,0.020000000,-0.020000000,-0.015859662,0.010479649,-0.021087414,0.002489419,0.015343699,-0.016890351,-0.015888840,0.010465250,-0.021094107,-0.000547995,5.162955973,-6.073891216,-1.373273988,0.000744699,-0.000400938
0.420000000,0.002479259,0.020000000,-0.020000000,-0.015859662,0.010479649,-0.021087414,0.002489543,0.015339326,-0.016890255,-0.015889225,0.010465073,-0.021094211,-0.000563680,5.175172613,-6.074612206,-1.372226666,0.000749134,-0.000379347
0.425000000,0.002479259,0.020000000,-0.020000000,-0.015859662,0.010479649,-0.021087414,0.002489659,0.015337189,-0.016890096,-0.015889309,0.010464894,-0.021094269,-0.000515383,5.164249730,-6.075832116,-1.373107691,0.000758105,-0.000390472
0.430000000,0.002479259,0.020000000,-0.020000000,-0.015859662,0.010479649,-0.021087414,0.002489786,0.015338504,-0.016890069,-0.015889804,0.010464722,-0.021094333,-0.000556806,5.152986231,-6.070108777,-1.371825509,0.000772100,-0.000372652
0.435000000,0.002479259,0.020000000,-0.020000000,-0.015859662,0.010479649,-0.021087414,0.002489908,0.015340808,-0.016889926,-0.015890152,0.010464545,-0.021094423,-0.000555282,5.153670165,-6.072477955,-1.372524069,0.000778821,-0.000381180
0.440000000,0.002479259,0.020000000,-0.020000000,-0.015859662,0.010479649,-0.021087414,0.002490005,0.015342326,-0.016889801,-0.015890436,0.010464401,-0.021094503,-0.000570054,5.161418668,-6.073651870,-1.372515130,0.000783366,-0.000378498
0.445000000,0.002479259,0.020000000,-0.020000000,-0.015859662,0.010479649,-0.021087414,0.002490152,0.015343972,-0.016889702,-0.015890785,0.010464197,-0.021094594,-0.000561266,5.152396060,-6.071836577,-1.372354956,0.000798770,-0.000371738
0.450000000,0.002479259,0.020000000,-0.020000000,-0.015859662,0.010479649,-0.021087414,0.002490275,0.015345971,-0.016889581,-0.015891003,0.010464017,-0.021094694,-0.000566164,5.152751299,-6.081518274,-1.375857952,0.000815680,-0.000356740
0.455000000,0.002479259,0.020000000,-0.020000000,-0.015859662,0.010479649,-0.021087414,0.002490397,0.015347208,-0.016889474,-0.015891399,0.010463847,-0.021094769,-0.000567827,5.154214214,-6.071717603,-1.372204643,0.000818073,-0.000362432
0.460000000,0.002479259,0.020000000,-0.020000000,-0.015859662,0.010479649,-0.021087414,0.002490529,0.015348339,-0.016889178,-0.015891629,0.010463658,-0.021094873,-0.000794928,5.118733075,-6.075895215,-1.374522148,0.000883135,-0.000341009
0.465000000,0.002479259,0.020000000,-0.020000000,-0.015859662,0.010479649,-0.021087414,0.002490646,0.015346164,-0.016889182,-0.015892014,0.010463484,-0.021094976,-0.000492612,5.168197682,-6.066614432,-1.370456568,0.000865185,-0.000315055
0.470000000,0.002479259,0.020000000,-0.020000000,-0.015859662,0.010479649,-0.021087414,0.002490762,0.015340444,-0.016889202,-0.015892072,0.010463326,-0.021094992,-0.000602255,5.173174327,-6.071939287,-1.371352566,0.000846527,-0.000333926
0.475000000,0.002479259,0.020000000,-0.020000000,-0.015859662,0.010479649,-0.021087414,0.002490877,0.015338146,-0.016889092,-0.015891984,0.010463148,-0.021095047,-0.000582671,5.161588093,-6.073534998,-1.372397603,0.000855183,-0.000349648
0.480000000,0.002479259,0.020000000,-0.020000000,-0.015859662,0.010479649,-0.021087414,0.002491004,0.015338808,-0.016889076,-0.015892485,0.010462976,-0.021095115,-0.000594625,5.155037361,-6.068645224,-1.371154728,0.000867816,-0.000328596
0.485000000,0.002479259,0.020000000,-0.020000000,-0.015859662,0.010479649,-0.021087414,0.002491102,0.015340083,-0.016888938,-0.015892755,0.010462831,-0.021095198,-0.000608673,5.158488700,-6.068978707,-1.371083419,0.000876082,-0.000322862
0.490000000,0.002479259,0.020000000,-0.020000000,-0.015859662,0.010479649,-0.021087414,0.002491225,0.015341353,-0.016888796,-0.015893190,0.010462651,-0.021095288,-0.000606437,5.156226926,-6.071152871,-1.371857013,0.000882987,-0.000333384
0.495000000,0.002479259,0.020000000,-0.020000000,-0.015859662,0.010479649,-0.021087414,0.002491372,0.015343136,-0.016888685,-0.015893627,0.010462444,-0.021095379,-0.000601020,5.153197523,-6.069846988,-1.371574246,0.000895074,-0.000328285
0.500000000,0.002479259,0.020000000,-0.020000000,-0.015859662,0.010479649,-0.021087414,0.002491504,0.015345040,-0.016888364,-0.015893968,0.010462259,-0.021095479,-0.000829448,5.117449423,-6.075001916,-1.374163059,0.000960086,-0.000308481
0.505000000,0.002479259,0.020000000,-0.020000000,-0.015859662,0.010479649,-0.021087414,0.002491621,0.015343566,-0.016888318,-0.015894340,0.010462085,-0.021095571,-0.000530407,5.167403677,-6.063024144,-1.369359302,0.000905712,-0.000306338
0.510000000,0.002479259,0.020000000,-0.020000000,-0.015859662,0.010479649,-0.021087414,0.002491730,0.015338399,-0.016888301,-0.015894517,0.010461907,-0.021095645,-0.000576318,5.173558712,-6.070395255,-1.370746761,0.000925143,-0.000297320
0.515000000,0.002479259,0.020000000,-0.020000000,-0.015859662,0.010479649,-0.021087414,0.002491852,0.015336435,-0.016888135,-0.015894828,0.010461731,-0.021095731,-0.000599500,5.162380878,-6.071466084,-1.371594021,0.000937730,-0.000304570
0.520000000,0.002479259,0.020000000,-0.020000000,-0.015859662,0.010479649,-0.021087414,0.002491975,0.015337507,-0.016888076,-0.015895122,0.010461558,-0.021095809,-0.000624927,5.154969777,-6.067047845,-1.370545180,0.000949481,-0.000289732
0.525000000,0.002479259,0.020000000,-0.020000000,-0.015859662,0.010479649,-0.021087414,0.002492097,0.015339439,-0.016887935,-0.015895432,0.010461382,-0.021095899,-0.000639614,5.154807863,-6.069364943,-1.371268356,0.000957060,-0.000296736
0.530000000,0.002479259,0.020000000,-0.020000000,-0.015859662,0.010479649,-0.021087414,0.002492199,0.015340945,-0.016887869,-0.015895557,0.010461242,-0.021095963,-0.000561791,5.162639857,-6.070695676,-1.371312118,0.000962636,-0.000284078
0.535000000,0.002479259,0.020000000,-0.020000000,-0.015859662,0.010479649,-0.021087414,0.002492344,0.015342776,-0.016887700,-0.015896046,0.010461029,-0.021096077,-0.000657960,5.152118829,-6.068560653,-1.371114780,0.000977316,-0.000287176
0.540000000,0.002479259,0.020000000,-0.020000000,-0.015859662,0.010479649,-0.021087414,0.002492468,0.015344906,-0.016887633,-0.015896312,0.010460858,-0.021096151,-0.000661093,5.152733535,-6.073785833,-1.373036470,0.000989761,-0.000273304
0.545000000,0.002479259,0.020000000,-0.020000000,-0.015859662,0.010479649,-0.021087414,0.002492563,0.015346093,-0.016887519,-0.015896547,0.010460721,-0.021096215,-0.000643473,5.155174714,-6.066219274,-1.370211602,0.000996028,-0.000267216
0.550000000,0.002479259,0.020000000,-0.020000000,-0.015859662,0.010479649,-0.021087414,0.002492714,0.015347286,-0.016887196,-0.015897107,0.010460510,-0.021096322,-0.000677673,5.125467779,-6.074491759,-1.373479761,0.000997132,-0.000270618
0.555000000,0.002479259,0.020000000,-0.020000000,-0.015859662,0.010479649,-0.021087414,0.002492836,0.015346084,-0.016887170,-0.015897348,0.010460334,-0.021096407,-0.000663943,5.162333196,-6.068252603,-1.371180461,0.001017093,-0.000272716
0.560000000,0.002479259,0.020000000,-0.020000000,-0.015859662,0.010479649,-0.021087414,0.002492955,0.015341793,-0.016887110,-0.015897338,0.010460155,-0.021096484,-0.000612491,5.175743515,-6.090828735,-1.377649576,0.001024222,-0.000244703
0.565000000,0.002479259,0.020000000,-0.020000000,-0.015859662,0.010479649,-0.021087414,0.002493054,0.015340445,-0.016887096,-0.015897736,0.010460012,-0.021096501,-0.000588711,5.154821895,-6.065823839,-1.370051197,0.001033483,-0.000255572
0.570000000,0.002479259,0.020000000,-0.020000000,-0.015859662,0.010479649,-0.021087414,0.002493198,0.015341042,-0.016887030,-0.015897948,0.010459807,-0.021096588,-0.000668844,5.155090523,-6.065128198,-1.369815405,0.001043123,-0.000246437
0.575000000,0.002479259,0.020000000,-0.020000000,-0.015859662,0.010479649,-0.021087414,0.002493321,0.015341951,-0.016886900,-0.015898311,0.010459629,-0.021096674,-0.000668600,5.156113957,-6.067546796,-1.370514538,0.001050099,-0.000255474
0.580000000,0.002479259,0.020000000,-0.020000000,-0.015859662,0.010479649,-0.021087414,0.002493443,0.015342658,-0.016886770,-0.015898694,0.010459452,-0.021096771,-0.000674918,5.155369224,-6.064709581,-1.369639181,0.001062808,-0.000236306
0.585000000,0.002479259,0.020000000,-0.020000000,-0.015859662,0.010479649,-0.021087414,0.002493541,0.015343232,-0.016886645,-0.015898976,0.010459308,-0.021096851,-0.000683848,5.156600941,-6.064835865,-1.369608291,0.001071088,-0.000232116
0.590000000,0.002479259,0.020000000,-0.020000000,-0.015859662,0.010479649,-0.021087414,0.002493698,0.015344300,-0.016886384,-0.015899283,0.010459092,-0.021096951,-0.000904806,5.119008667,-6.072158076,-1.372954754,0.001135297,-0.000226483
0.595000000,0.002479259,0.020000000,-0.020000000,-0.015859662,0.010479649,-0.021087414,0.002493814,0.015342568,-0.016886354,-0.015899599,0.010458916,-0.021097052,-0.000601667,5.167586780,-6.060851223,-1.368390365,0.001101275,-0.000213702
0.600000000,0.002479259,0.020000000,-0.020000000,-0.015859662,0.010479649,-0.021087414,0.002493901,0.015337645,-0.016886342,-0.015899406,0.010458784,-0.021097075,-0.000707680,5.173149682,-6.070582803,-1.370614913,0.001095163,-0.000234517
0.605000000,0.002479259,0.020000000,-0.020000000,-0.015859662,0.010479649,-0.021087414,0.002494053,0.015334487,-0.016886309,-0.015899844,0.010458587,-0.021097132,-0.000705052,5.163340917,-6.068143329,-1.370295688,0.001106849,-0.000228763
0.610000000,0.002479259,0.020000000,-0.020000000,-0.015859662,0.010479649,-0.021087414,0.002494176,0.015335031,-0.016886174,-0.015900166,0.010458410,-0.021097229,-0.000705926,5.156742435,-6.064134845,-1.369333284,0.001120771,-0.000211143
0.615000000,0.002479259,0.020000000,-0.020000000,-0.015859662,0.010479649,-0.021087414,0.002494299,0.015336588,-0.016886036,-0.015900591,0.010458231,-0.021097318,-0.000704708,5.155561167,-6.065982759,-1.369954234,0.001127768,-0.000219707
0.620000000,0.002479259,0.020000000,-0.020000000,-0.015859662,0.010479649,-0.021087414,0.002494421,0.015338152,-0.016885905,-0.015900959,0.010458055,-0.021097415,-0.000710463,5.154818500,-6.063126122,-1.369072874,0.001140314,-0.000200302
0.625000000,0.002479259,0.020000000,-0.020000000,-0.015859662,0.010479649,-0.021087414,0.002494518,0.015339340,-0.016885780,-0.015901250,0.010457911,-0.021097495,-0.000724712,5.158728528,-6.063508274,-1.368994666,0.001148282,-0.000194724
0.630000000,0.002479259,0.020000000,-0.020000000,-0.015859662,0.010479649,-0.021087414,0.002494666,0.015340649,-0.016885712,-0.015901570,0.010457703,-0.021097594,-0.000716693,5.153734124,-6.062520996,-1.368908198,0.001159892,-0.000190458
0.635000000,0.002479259,0.020000000,-0.020000000,-0.015859662,0.010479649,-0.021087414,0.002494787,0.015341929,-0.016885565,-0.015901916,0.010457528,-0.021097680,-0.000716803,5.154999610,-6.064919574,-1.369589652,0.001167274,-0.000200030
0.640000000,0.002479259,0.020000000,-0.020000000,-0.015859662,0.010479649,-0.021087414,0.002494919,0.015343279,-0.016885266,-0.015901995,0.010457341,-0.021097782,-0.000943212,5.119145870,-6.068838419,-1.371870611,0.001232712,-0.000178353
0.645000000,0.002479259,0.020000000,-0.020000000,-0.015859662,0.010479649,-0.021087414,0.002495036,0.015341665,-0.016885263,-0.015902368,0.010457168,-0.021097884,-0.000623224,5.166936655,-6.066629474,-1.370061930,0.001200540,-0.000160440
0.650000000,0.002479259,0.020000000,-0.020000000,-0.015859662,0.010479649,-0.021087414,0.002495151,0.015336448,-0.016885270,-0.015902545,0.010457008,-0.021097896,-0.000750646,5.173102758,-6.065297311,-1.368826009,0.001195731,-0.000172618
0.655000000,0.002479259,0.020000000,-0.020000000,-0.015859662,0.010479649,-0.021087414,0.002495247,0.015334876,-0.016885041,-0.015902767,0.010456868,-0.021097964,-0.000764068,5.132064847,-6.070907328,-1.371864627,0.001197911,-0.000177853
0.660000000,0.002479259,0.020000000,-0.020000000,-0.015859662,0.010479649,-0.021087414,0.002495396,0.015333495,-0.016885042,-0.015903204,0.010456659,-0.021098059,-0.000745873,5.169136992,-6.064412577,-1.368706287,0.001215199,-0.000164477
0.665000000,0.002479259,0.020000000,-0.020000000,-0.015859662,0.010479649,-0.021087414,0.002495510,0.015330505,-0.016884889,-0.015903262,0.010456479,-0.021098111,-0.000756822,5.166617425,-6.067098854,-1.369662875,0.001224316,-0.000178229
0.670000000,0.002479259,0.020000000,-0.020000000,-0.015859662,0.010479649,-0.021087414,0.002495636,0.015330057,-0.016884872,-0.015903771,0.010456307,-0.021098182,-0.000750093,5.158325710,-6.061948339,-1.368421067,0.001236083,-0.000157502
0.675000000,0.002479259,0.020000000,-0.020000000,-0.015859662,0.010479649,-0.021087414,0.002495759,0.015331386,-0.016884761,-0.015903919,0.010456132,-0.021098259,-0.000749971,5.155950635,-6.063999113,-1.369173403,0.001242504,-0.000167312
0.680000000,0.002479259,0.020000000,-0.020000000,-0.015859662,0.010479649,-0.021087414,0.002495891,0.015333577,-0.016884481,-0.015904335,0.010455953,-0.021098348,-0.000977854,5.118713860,-6.068421792,-1.371604312,0.001308613,-0.000147828
0.685000000,0.002479259,0.020000000,-0.020000000,-0.015859662,0.010479649,-0.021087414,0.002496007,0.015332820,-0.016884469,-0.015904618,0.010455774,-0.021098461,-0.000665237,5.166384194,-6.061746189,-1.368637732,0.001281942,-0.000125297
0.690000000,0.002479259,0.020000000,-0.020000000,-0.015859662,0.010479649,-0.021087414,0.002496123,0.015328252,-0.016884467,-0.015904654,0.010455614,-0.021098472,-0.000782993,5.173848508,-6.064118161,-1.368330133,0.001272354,-0.000139964
0.695000000,0.002479259,0.020000000,-0.020000000,-0.015859662,0.010479649,-0.021087414,0.002496246,0.015326838,-0.016884350,-0.015905091,0.010455438,-0.021098544,-0.000778557,5.162478935,-6.064542339,-1.368985796,0.001280696,-0.000151150
0.700000000,0.002479259,0.020000000,-0.020000000,-0.015859662,0.010479649,-0.021087414,0.002496370,0.015328413,-0.016884229,-0.015905425,0.010455258,-0.021098645,-0.000780715,5.155492174,-6.060457964,-1.368017417,0.001294781,-0.000132025
0.705000000,0.002479259,0.020000000,-0.020000000,-0.015859662,0.010479649,-0.021087414,0.002496492,0.015330782,-0.016884083,-0.015905778,0.010455082,-0.021098731,-0.000779418,5.155230982,-6.062637673,-1.368701006,0.001301586,-0.000140766
0.710000000,0.002479259,0.020000000,-0.020000000,-0.015859662,0.010479649,-0.021087414,0.002496614,0.015332879,-0.016883960,-0.015906206,0.010454904,-0.021098830,-0.000785168,5.154600412,-6.059661367,-1.367774814,0.001314150,-0.000121275
0.715000000,0.002479259,0.020000000,-0.020000000,-0.015859662,0.010479649,-0.021087414,0.002496736,0.015334599,-0.016883888,-0.015906385,0.010454731,-0.021098911,-0.000784761,5.155703250,-6.062218367,-1.368520757,0.001321308,-0.000130797
0.720200000,0.002479259,0.020000000,-0.020000000,-0.015859662,0.010479649,-0.021087414,0.002496860,0.015335993,-0.016883774,-0.015906722,0.010454552,-0.021099007,-0.000791345,5.155122475,-6.059455949,-1.367662998,0.001333637,-0.000111602
0.725000000,0.002479259,0.020000000,-0.020000000,-0.015859662,0.010479649,-0.021087414,0.002496982,0.015337161,-0.016883628,-0.015906985,0.010454373,-0.021099096,-0.000790772,5.156092053,-6.062099592,-1.368437321,0.001340684,-0.000121499
0.730000000,0.002479259,0.020000000,-0.020000000,-0.015859662,0.010479649,-0.021087414,0.002497082,0.015338015,-0.016883505,-0.015907355,0.010454226,-0.021099181,-0.000799271,5.157060716,-6.061886373,-1.368309569,0.001349184,-0.000115829
0.735000000,0.002479259,0.020000000,-0.020000000,-0.015859662,0.010479649,-0.021087414,0.002497233,0.015339722,-0.016883304,-0.015907698,0.010454006,-0.021099310,-0.000699114,5.149780573,-6.058659033,-1.368416854,0.001378896,-0.000080630
0.740000000,0.002479259,0.020000000,-0.020000000,-0.015859662,0.010479649,-0.021087414,0.002497351,0.015340293,-0.016883247,-0.015907896,0.010453835,-0.021099395,-0.000705220,5.166923091,-6.061392115,-1.367664897,0.001363442,-0.000094401
0.745000000,0.002479259,0.020000000,-0.020000000,-0.015859662,0.010479649,-0.021087414,0.002497471,0.015340977,-0.016883105,-0.015908343,0.010453656,-0.021099495,-0.000741774,5.162513684,-6.062252218,-1.368124705,0.001383011,-0.000088015
0.750000000,0.002479259,0.020000000,-0.020000000,-0.015859662,0.010479649,-0.021087414,0.002497593,0.015343405,-0.016882990,-0.015908643,0.010453477,-0.021099594,-0.000770064,5.153646662,-6.057869964,-1.367149278,0.001395383,-0.000078115
0.755000000,0.002479259,0.020000000,-0.020000000,-0.015859662,0.010479649,-0.021087414,0.002497713,0.015346307,-0.016882893,-0.015908828,0.010453310,-0.021099598,-0.000811607,5.150806838,-6.060088497,-1.367972835,0.001401302,-0.000097014
0.760000000,0.002479259,0.020000000,-0.020000000,-0.015859662,0.010479649,-0.021087414,0.002497840,0.015348470,-0.016882799,-0.015909057,0.010453134,-0.021099674,-0.000825251,5.153106727,-6.073578821,-1.372730447,0.001419203,-0.000079434
0.765000000,0.002479259,0.020000000,-0.020000000,-0.015859662,0.010479649,-0.021087414,0.002497962,0.015349670,-0.016882700,-0.015909539,0.010452959,-0.021099749,-0.000826222,5.153993935,-6.059921570,-1.367741170,0.001419995,-0.000084197
0.770000000,0.002479259,0.020000000,-0.020000000,-0.015859662,0.010479649,-0.021087414,0.002498084,0.015350261,-0.016882571,-0.015909942,0.010452782,-0.021099847,-0.000832659,5.154377180,-6.057254730,-1.366865659,0.001431919,-0.000064738
0.775000000,0.002479259,0.020000000,-0.020000000,-0.015859662,0.010479649,-0.021087414,0.002498206,0.015350407,-0.016882450,-0.015910171,0.010452608,-0.021099920,-0.000832650,5.155840699,-6.059936177,-1.367630893,0.001438753,-0.000074857
0.780000000,0.002479259,0.020000000,-0.020000000,-0.015859662,0.010479649,-0.021087414,0.002498339,0.015350864,-0.016882152,-0.015910301,0.010452420,-0.021100029,-0.001060566,5.119423617,-6.063496912,-1.369827222,0.001505187,-0.000052830
0.785000000,0.002479259,0.020000000,-0.020000000,-0.015859662,0.010479649,-0.021087414,0.002498456,0.015348387,-0.016882202,-0.015910653,0.010452247,-0.021100134,-0.000737502,5.167026204,-6.059851519,-1.367844995,0.001472949,-0.000034037
0.790000000,0.002479259,0.020000000,-0.020000000,-0.015859662,0.010479649,-0.021087414,0.002498564,0.015342756,-0.016882239,-0.015910752,0.010452078,-0.021100192,-0.000808302,5.173104049,-6.059775770,-1.366744511,0.001469179,-0.000043759
0.795000000,0.002479259,0.020000000,-0.020000000,-0.015859662,0.010479649,-0.021087414,0.002498686,0.015340561,-0.016882100,-0.015910968,0.010451903,-0.021100273,-0.000832045,5.161982675,-6.060957149,-1.367626973,0.001481584,-0.000051167
0.800000000,0.002479259,0.020000000,-0.020000000,-0.015859662,0.010479649,-0.021087414,0.002498796,0.015341665,-0.016882053,-0.015911043,0.010451763,-0.021100328,-0.000769732,5.150653125,-6.046269901,-1.364277807,0.001480870,-0.000034965
0.805000000,0.002479259,0.020000000,-0.020000000,-0.015859662,0.010479649,-0.021087414,0.002498933,0.015343204,-0.016881951,-0.015911503,0.010451557,-0.021100433,-0.000873362,5.155477761,-6.058959837,-1.367287595,0.001500498,-0.000042873
0.810000000,0.002479259,0.020000000,-0.020000000,-0.015859662,0.010479649,-0.021087414,0.002499056,0.015344094,-0.016881823,-0.015911820,0.010451379,-0.021100534,-0.000885752,5.155568111,-6.056282755,-1.366425196,0.001511896,-0.000026053
0.815000000,0.002479259,0.020000000,-0.020000000,-0.015859662,0.010479649,-0.021087414,0.002499179,0.015344776,-0.016881719,-0.015912107,0.010451205,-0.021100609,-0.000889887,5.156077638,-6.058721824,-1.367158179,0.001518966,-0.000033439
0.820000000,0.002479259,0.020000000,-0.020000000,-0.015859662,0.010479649,-0.021087414,0.002499303,0.015345362,-0.016881592,-0.015912475,0.010451027,-0.021100711,-0.000893729,5.155686583,-6.061893782,-1.368396658,0.001532746,-0.000018389
0.825000000,0.002479259,0.020000000,-0.020000000,-0.015859662,0.010479649,-0.021087414,0.002499425,0.015345866,-0.016881474,-0.015912777,0.010450854,-0.021100784,-0.000892793,5.155771635,-6.058201517,-1.366980031,0.001538844,-0.000024572
0.830000000,0.002479259,0.020000000,-0.020000000,-0.015859662,0.010479649,-0.021087414,0.002499521,0.015346285,-0.016881358,-0.015913133,0.010450710,-0.021100856,-0.000892333,5.156937080,-6.058069019,-1.366869291,0.001547345,-0.000019992
0.835000000,0.002479259,0.020000000,-0.020000000,-0.015859662,0.010479649,-0.021087414,0.002499674,0.015347170,-0.016881186,-0.015913411,0.010450498,-0.021100953,-0.000911536,5.150586807,-6.051230074,-1.365628735,0.001573670,-0.000014922
0.840000000,0.002479259,0.020000000,-0.020000000,-0.015859662,0.010479649,-0.021087414,0.002499797,0.015347207,-0.016881055,-0.015913821,0.010450319,-0.021101054,-0.000909390,5.165880845,-6.057241539,-1.366156398,0.001567059,0.000001750
0.845000000,0.002479259,0.020000000,-0.020000000,-0.015859662,0.010479649,-0.021087414,0.002499892,0.015346815,-0.016880995,-0.015913998,0.010450176,-0.021101130,-0.000913611,5.154926631,-6.054789674,-1.365893100,0.001578101,0.000006732
0.850000000,0.002479259,0.020000000,-0.020000000,-0.015859662,0.010479649,-0.021087414,0.002500043,0.015348368,-0.016880826,-0.015914500,0.010449967,-0.021101220,-0.000912431,5.156701717,-6.054580260,-1.365721827,0.001588708,0.000012866
0.855000000,0.002479259,0.020000000,-0.020000000,-0.015859662,0.010479649,-0.021087414,0.002500166,0.015349456,-0.016880689,-0.015914862,0.010449789,-0.021101305,-0.000910338,5.155053853,-6.056943243,-1.366528523,0.001595766,0.000002420
0.860000000,0.002479259,0.020000000,-0.020000000,-0.015859662,0.010479649,-0.021087414,0.002500289,0.015350517,-0.016880570,-0.015915210,0.010449609,-0.021101406,-0.000913111,5.153771885,-6.053847006,-1.365600286,0.001608943,0.000021647
0.865000000,0.002479259,0.020000000,-0.020000000,-0.015859662,0.010479649,-0.021087414,0.002500412,0.015351228,-0.016880473,-0.015915427,0.010449437,-0.021101471,-0.000912833,5.155134857,-6.056419937,-1.366336713,0.001615396,0.000012346
0.870000000,0.002479259,0.020000000,-0.020000000,-0.015859662,0.010479649,-0.021087414,0.002500534,0.015351567,-0.016880348,-0.015915851,0.010449259,-0.021101571,-0.000918020,5.154955089,-6.054280235,-1.365683373,0.001628017,0.000031128
0.875000000,0.002479259,0.020000000,-0.020000000,-0.015859662,0.010479649,-0.021087414,0.002500632,0.015351801,-0.016880249,-0.015916010,0.010449120,-0.021101641,-0.000932601,5.159060545,-6.054055773,-1.365380070,0.001635619,0.000036319
0.880000000,0.002479259,0.020000000,-0.020000000,-0.015859662,0.010479649,-0.021087414,0.002500779,0.015351808,-0.016880114,-0.015916322,0.010448910,-0.021101740,-0.000923212,5.154934033,-6.065289803,-1.369573700,0.001652167,0.000036820
0.885000000,0.002479259,0.020000000,-0.020000000,-0.015859662,0.010479649,-0.021087414,0.002500900,0.015352218,-0.016880005,-0.015916727,0.010448739,-0.021101817,-0.000924641,5.154538053,-6.055376954,-1.365982360,0.001654587,0.000030530
0.890000000,0.002479259,0.020000000,-0.020000000,-0.015859662,0.010479649,-0.021087414,0.002501032,0.015352916,-0.016879706,-0.015916873,0.010448550,-0.021101921,-0.001150481,5.118649443,-6.059264822,-1.368248059,0.001719826,0.000052173
0.895000000,0.002479259,0.020000000,-0.020000000,-0.015859662,0.010479649,-0.021087414,0.002501149,0.015350446,-0.016879748,-0.015917220,0.010448377,-0.021102026,-0.000831247,5.166957291,-6.054827360,-1.365957661,0.001689992,0.000072261
0.900000000,0.002479259,0.020000000,-0.020000000,-0.015859662,0.010479649,-0.021087414,0.002501257,0.015344393,-0.016879795,-0.015917155,0.010448210,-0.021102093,-0.000898409,5.173753871,-6.055804511,-1.365195488,0.001684422,0.000061849
0.905000000,0.002479259,0.020000000,-0.020000000,-0.015859662,0.010479649,-0.021087414,0.002501379,0.015341807,-0.016879698,-0.015917428,0.010448035,-0.021102165,-0.000924474,5.162286208,-6.056748898,-1.366017461,0.001696395,0.000054769
0.910000000,0.002479259,0.020000000,-0.020000000,-0.015859662,0.010479649,-0.021087414,0.002501503,0.015342295,-0.016879570,-0.015917898,0.010447854,-0.021102269,-0.000947849,5.155611833,-6.052422818,-1.364954537,0.001708748,0.000070335
0.915000000,0.002479259,0.020000000,-0.020000000,-0.015859662,0.010479649,-0.021087414,0.002501626,0.015343635,-0.016879457,-0.015918111,0.010447679,-0.021102344,-0.000963476,5.155042889,-6.054719763,-1.365695135,0.001716165,0.000062420
0.920000000,0.002479259,0.020000000,-0.020000000,-0.015859662,0.010479649,-0.021087414,0.002501727,0.015344819,-0.016879330,-0.015918436,0.010447534,-0.021102421,-0.000885901,5.163073583,-6.055850174,-1.365658274,0.001722507,0.000074840
0.925000000,0.002479259,0.020000000,-0.020000000,-0.015859662,0.010479649,-0.021087414,0.002501873,0.015346209,-0.016879262,-0.015918737,0.010447331,-0.021102508,-0.000982076,5.151902522,-6.053597028,-1.365464963,0.001735714,0.000072309
0.930000000,0.002479259,0.020000000,-0.020000000,-0.015859662,0.010479649,-0.021087414,0.002501995,0.015348155,-0.016879130,-0.015919073,0.010447156,-0.021102606,-0.000984901,5.151844727,-6.050932628,-1.364612916,0.001746177,0.000088808
0.935200000,0.002479259,0.020000000,-0.020000000,-0.015859662,0.010479649,-0.021087414,0.002502118,0.015349193,-0.016878991,-0.015919397,0.010446976,-0.021102697,-0.000982931,5.154578893,-6.053775269,-1.365364350,0.001754045,0.000081428
0.940000000,0.002479259,0.020000000,-0.020000000,-0.015859662,0.010479649,-0.021087414,0.002502214,0.015349545,-0.016878869,-0.015919779,0.010446832,-0.021102773,-0.000983162,5.156724901,-6.053750819,-1.365240139,0.001763003,0.000086338
0.945000000,0.002479259,0.020000000,-0.020000000,-0.015859662,0.010479649,-0.021087414,0.002502366,0.015350100,-0.016878702,-0.015920077,0.010446622,-0.021102865,-0.001010184,5.151261712,-6.044895369,-1.363232908,0.001794442,0.000093978
0.950000000,0.002479259,0.020000000,-0.020000000,-0.015859662,0.010479649,-0.021087414,0.002502489,0.015349870,-0.016878586,-0.015920424,0.010446444,-0.021102958,-0.001000364,5.165790666,-6.052960135,-1.364535155,0.001782573,0.000107707
0.955000000,0.002479259,0.020000000,-0.020000000,-0.015859662,0.010479649,-0.021087414,0.002502613,0.015349737,-0.016878523,-0.015920597,0.010446277,-0.021103019,-0.000998542,5.161004720,-6.054079924,-1.365107392,0.001787789,0.000097509
0.960000000,0.002479259,0.020000000,-0.020000000,-0.015859662,0.010479649,-0.021087414,0.002502736,0.015351274,-0.016878402,-0.015920970,0.010446101,-0.021103115,-0.001003919,5.153559409,-6.049840482,-1.364106457,0.001804293,0.000118164
0.965000000,0.002479259,0.020000000,-0.020000000,-0.015859662,0.010479649,-0.021087414,0.002502831,0.015353232,-0.016878182,-0.015921156,0.010445963,-0.021103188,-0.001021551,5.120197146,-6.057779643,-1.367471601,0.001804595,0.000111947
0.970000000,0.002479259,0.020000000,-0.020000000,-0.015859662,0.010479649,-0.021087414,0.002502979,0.015352636,-0.016878185,-0.015921551,0.010445753,-0.021103290,-0.001002797,5.167168734,-6.052208072,-1.364182239,0.001820528,0.000126842
0.975000000,0.002479259,0.020000000,-0.020000000,-0.015859662,0.010479649,-0.021087414,0.002503093,0.015348393,-0.016878055,-0.015921602,0.010445577,-0.021103336,-0.001012807,5.166368036,-6.055089603,-1.365120801,0.001829101,0.000112616
0.980000000,0.002479259,0.020000000,-0.020000000,-0.015859662,0.010479649,-0.021087414,0.002503195,0.015346850,-0.016878013,-0.015921981,0.010445439,-0.021103388,-0.001013914,5.161832163,-6.053620641,-1.364862565,0.001837065,0.000119634
0.985000000,0.002479259,0.020000000,-0.020000000,-0.015859662,0.010479649,-0.021087414,0.002503341,0.015346741,-0.016877951,-0.015922118,0.010445232,-0.021103485,-0.001007240,5.154654934,-6.052028545,-1.364698083,0.001847872,0.000123331
0.990000000,0.002479259,0.020000000,-0.020000000,-0.015859662,0.010479649,-0.021087414,0.002503473,0.015348181,-0.016877666,-0.015922561,0.010445052,-0.021103575,-0.001235344,5.117502885,-6.056796469,-1.367214638,0.001913762,0.000142988
0.995000000,0.002479259,0.020000000,-0.020000000,-0.015859662,0.010479649,-0.021087414,0.002503589,0.015346477,-0.016877703,-0.015922725,0.010444878,-0.021103675,-0.000934067,5.167731172,-6.043386510,-1.362012480,0.001859533,0.000150475
1.000000000,0.002479259,0.020000000,-0.020000000,-0.015859662,0.010479649,-0.021087414,0.002503698,0.015341196,-0.016877700,-0.015922702,0.010444708,-0.021103739,-0.000982174,5.172765655,-6.052167953,-1.363862802,0.001878411,0.000153183
1.005000000,0.002479264,0.020000004,-0.020000004,-0.015859664,0.010479655,-0.021087408,0.002503820,0.015339250,-0.016877598,-0.015923108,0.010444533,-0.021103811,-0.000879797,5.161713078,-6.053065738,-1.364640118,0.001899218,0.000148086
1.010000000,0.002479295,0.020000035,-0.020000035,-0.015859682,0.010479696,-0.021087365,0.002503930,0.015340319,-0.016877542,-0.015923160,0.010444396,-0.021103858,-0.000663414,5.151088866,-6.042118387,-1.362337446,0.001916361,0.000161154
1.015000000,0.002479380,0.020000117,-0.020000117,-0.015859729,0.010479808,-0.021087248,0.002504067,0.015341499,-0.016877429,-0.015923519,0.010444188,-0.021103965,-0.000580844,5.157451136,-6.052762324,-1.364702773,0.001966757,0.000171815
1.020200000,0.002479554,0.020000286,-0.020000286,-0.015859826,0.010480038,-0.021087010,0.002504192,0.015342114,-0.016877315,-0.015923944,0.010444009,-0.021104062,-0.000369968,5.157740736,-6.052027451,-1.364479094,0.002024817,0.000208504
1.025000000,0.002479817,0.020000541,-0.020000541,-0.015859974,0.010480385,-0.021086648,0.002504317,0.015342864,-0.016877202,-0.015924187,0.010443833,-0.021104138,-0.000135590,5.157603109,-6.053806759,-1.364956587,0.002090963,0.000228870
1.030000000,0.002480221,0.020000934,-0.020000934,-0.015860200,0.010480920,-0.021086093,0.002504443,0.015343903,-0.016877088,-0.015924484,0.010443655,-0.021104232,0.000142175,5.157029791,-6.059148948,-1.366908292,0.002183328,0.000284332
1.035000000,0.002480784,0.020001480,-0.020001480,-0.015860515,0.010481664,-0.021085318,0.002504569,0.015345131,-0.016876976,-0.015924806,0.010443483,-0.021104307,0.000460416,5.157067228,-6.055618013,-1.365471694,0.002288017,0.000332898
1.040000000,0.002481533,0.020002207,-0.020002207,-0.015860933,0.010482653,-0.021084290,0.002504668,0.015346268,-0.016876888,-0.015925057,0.010443344,-0.021104370,0.000814910,5.158570202,-6.057255261,-1.365872726,0.002417663,0.000407549
1.045000000,0.002482492,0.020003138,-0.020003138,-0.015861470,0.010483920,-0.021082972,0.002504825,0.015348481,-0.016876692,-0.015925440,0.010443134,-0.021104474,0.001183697,5.152939273,-6.050031674,-1.364361125,0.002590299,0.000498186
1.050000000,0.002483687,0.020004298,-0.020004298,-0.015862138,0.010485500,-0.021081329,0.002504925,0.015349289,-0.016876626,-0.015925571,0.010442991,-0.021104553,0.001628112,5.160017741,-6.061494477,-1.367035433,0.002753195,0.000610688
1.055000000,0.002485145,0.020005713,-0.020005713,-0.015862953,0.010487426,-0.021079326,0.002505085,0.015350936,-0.016876470,-0.015926068,0.010442784,-0.021104638,0.002106722,5.167439184,-6.064696205,-1.367626877,0.002960495,0.000739534
1.060000000,0.002486890,0.020007407,-0.020007407,-0.015863929,0.010489732,-0.021076928,0.002505218,0.015353117,-0.016876418,-0.015926264,0.010442612,-0.021104730,0.002621875,5.159675167,-6.063332481,-1.367503634,0.003207918,0.000912301
1.065000000,0.002488948,0.020009405,-0.020009405,-0.015865080,0.010492451,-0.021074100,0.002505351,0.015356968,-0.016876273,-0.015926606,0.010442434,-0.021104820,0.003191300,5.156590633,-6.068697048,-1.369267439,0.003478425,0.001077876
1.070000000,0.002491344,0.020011730,-0.020011730,-0.015866420,0.010495616,-0.021070808,0.002505486,0.015361164,-0.016876158,-0.015927013,0.010442258,-0.021104910,0.003801110,5.155921249,-6.069120754,-1.369355763,0.003789019,0.001299782
1.075000000,0.002494102,0.020014408,-0.020014408,-0.015867962,0.010499261,-0.021067018,0.002505622,0.015365132,-0.016876054,-0.015927211,0.010442089,-0.021104984,0.004464382,5.158396138,-6.075895081,-1.371296180,0.004129356,0.001522329
1.080000000,0.002497248,0.020017462,-0.020017462,-0.015869722,0.010503418,-0.021062694,0.002505732,0.015368344,-0.016875927,-0.015927503,0.010441945,-0.021105066,0.005161991,5.166538292,-6.081494343,-1.372590414,0.004506295,0.001786957
1.085000000,0.002500807,0.020020916,-0.020020916,-0.015871712,0.010508120,-0.021057804,0.002505901,0.015373327,-0.016875789,-0.015927963,0.010441738,-0.021105166,0.005934743,5.157083335,-6.084327676,-1.373832822,0.004934876,0.002088741
1.090000000,0.002504802,0.020024794,-0.020024794,-0.015873946,0.010513399,-0.021052314,0.002506043,0.015378838,-0.016875666,-0.015928331,0.010441563,-0.021105260,0.006746205,5.156743561,-6.089685411,-1.375549661,0.005402583,0.002435111
1.095000000,0.002509259,0.020029120,-0.020029120,-0.015876438,0.010519288,-0.021046190,0.002506189,0.015384187,-0.016875563,-0.015928690,0.010441392,-0.021105326,0.007616996,5.159447461,-6.095056091,-1.376898255,0.005907415,0.002791334
1.100000000,0.002514201,0.020033917,-0.020033917,-0.015879202,0.010525818,-0.021039399,0.002506332,0.015389834,-0.016875417,-0.015928702,0.010441211,-0.021105394,0.008624993,5.170776573,-6.101556636,-1.378310375,0.006455546,0.003207962
1.105000000,0.002519653,0.020039209,-0.020039209,-0.015882250,0.010533022,-0.021031907,0.002506474,0.015395708,-0.016875369,-0.015928860,0.010441035,-0.021105432,0.009537333,5.160453061,-6.109037173,-1.381041661,0.007070207,0.003646337
1.110000000,0.002525638,0.020045019,-0.020045019,-0.015885598,0.010540931,-0.021023682,0.002506624,0.015403474,-0.016875340,-0.015929001,0.010440861,-0.021105475,0.010542722,5.157627298,-6.112821822,-1.382256548,0.007721835,0.004141191
1.115000000,0.002532181,0.020051370,-0.020051370,-0.015889256,0.010549576,-0.021014691,0.002506784,0.015411926,-0.016875288,-0.015929199,0.010440685,-0.021105456,0.011516633,5.126382251,-6.117415115,-1.385068464,0.008421902,0.004596271
1.120000000,0.002539305,0.020058286,-0.020058286,-0.015893240,0.010558990,-0.021004901,0.002506936,0.015418413,-0.016875245,-0.015929288,0.010440520,-0.021105523,0.012809176,5.180892834,-6.133525167,-1.387428096,0.009175984,0.005241205
1.125000000,0.002547034,0.020065788,-0.020065788,-0.015897563,0.010569202,-0.020994280,0.002507093,0.015422196,-0.016875112,-0.015929375,0.010440345,-0.021105568,0.014084164,5.176725425,-6.144693699,-1.391004762,0.009988342,0.005849019
1.130000000,0.002555391,0.020073900,-0.020073900,-0.015902236,0.010580244,-0.020982797,0.002507257,0.015429982,-0.016875084,-0.015929833,0.010440170,-0.021105599,0.015337738,5.164203198,-6.148595641,-1.392678801,0.010864408,0.006530035
1.135000000,0.002564400,0.020082644,-0.020082644,-0.015907274,0.010592148,-0.020970417,0.002507426,0.015440615,-0.016874832,-0.015930309,0.010439990,-0.021105620,0.016695379,5.162114988,-6.161036188,-1.396530045,0.011793213,0.007232160
1.140000000,0.002574083,0.020092043,-0.020092043,-0.015912688,0.010604942,-0.020957111,0.002507599,0.015452477,-0.016874602,-0.015930725,0.010439806,-0.021105685,0.018222177,5.172907054,-6.171561583,-1.399169660,0.012773142,0.008014122
1.145000000,0.002584464,0.020102120,-0.020102120,-0.015918493,0.010618658,-0.020942847,0.002507769,0.015464608,-0.016874495,-0.015931098,0.010439626,-0.021105719,0.019649862,5.163406228,-6.183869266,-1.403316072,0.013839673,0.008831625
1.150000000,0.002595565,0.020112895,-0.020112895,-0.015924701,0.010633327,-0.020927592,0.002507951,0.015478741,-0.016874278,-0.015931608,0.010439449,-0.021105755,0.021178468,5.160393646,-6.192489134,-1.405989956,0.014957190,0.009719965
1.155000000,0.002607409,0.020124392,-0.020124392,-0.015931325,0.010648977,-0.020911316,0.002508144,0.015493690,-0.016874199,-0.015931993,0.010439271,-0.021105736,0.022688639,5.129461163,-6.202196480,-1.410331056,0.016137104,0.010580535
1.160000000,0.002620019,0.020136632,-0.020136632,-0.015938376,0.010665638,-0.020893988,0.002508325,0.015505636,-0.016873983,-0.015932501,0.010439099,-0.021105770,0.024591991,5.188432055,-6.223633708,-1.414078336,0.017380013,0.011646674
1.165000000,0.002633417,0.020149638,-0.020149638,-0.015945869,0.010683342,-0.020875577,0.002508526,0.015514300,-0.016873777,-0.015932914,0.010438920,-0.021105833,0.026338629,5.181718410,-6.239885667,-1.419303859,0.018710844,0.012688260
1.170000000,0.002647626,0.020163430,-0.020163430,-0.015953814,0.010702116,-0.020856052,0.002508685,0.015524842,-0.016873744,-0.015933309,0.010438777,-0.021105862,0.028235873,5.179543821,-6.254264160,-1.423727832,0.020101310,0.013804556
1.175000000,0.002662667,0.020178030,-0.020178030,-0.015962225,0.010721990,-0.020835383,0.002508938,0.015545654,-0.016873364,-0.015933896,0.010438585,-0.021105821,0.030130673,5.161610896,-6.268265036,-1.428741289,0.021576032,0.014973034
1.180000000,0.002678563,0.020193459,-0.020193459,-0.015971115,0.010742994,-0.020813540,0.002509109,0.015560934,-0.016873293,-0.015934267,0.010438454,-0.021105776,0.032158252,5.167460663,-6.284835099,-1.433464797,0.023109624,0.016215620
1.185000000,0.002695335,0.020209740,-0.020209740,-0.015980494,0.010765156,-0.020790492,0.002509374,0.015584630,-0.016873125,-0.015934662,0.010438250,-0.021105798,0.034270006,5.169458224,-6.302870730,-1.438807897,0.024728331,0.017526490
1.190000000,0.002713006,0.020226893,-0.020226893,-0.015990376,0.010788504,-0.020766210,0.002509603,0.015605158,-0.016872925,-0.015935137,0.010438092,-0.021105760,0.036451913,5.168545880,-6.318289310,-1.443458275,0.026425799,0.018914954
1.195000000,0.002731596,0.020244938,-0.020244938,-0.016000772,0.010813069,-0.020740663,0.002509791,0.015622410,-0.016872778,-0.015935467,0.010437964,-0.021105715,0.038720048,5.171488582,-6.338129278,-1.449312452,0.028200016,0.020359404
1.200000000,0.002751128,0.020263897,-0.020263897,-0.016011694,0.010838877,-0.020713823,0.002510075,0.015649509,-0.016872576,-0.015935979,0.010437772,-0.021105623,0.041089549,5.171961338,-6.358412852,-1.455404900,0.030060112,0.021872318
1.205000000,0.002771623,0.020283791,-0.020283791,-0.016023155,0.010865957,-0.020685660,0.002510326,0.015673402,-0.016872466,-0.015936408,0.010437613,-0.021105567,0.043497292,5.170859161,-6.381808146,-1.462542478,0.032001055,0.023445733
1.210000000,0.002793102,0.020304640,-0.020304640,-0.016035166,0.010894337,-0.020656145,0.002510585,0.015699052,-0.016872286,-0.015936857,0.010437457,-0.021105526,0.046001318,5.140852352,-6.394849923,-1.467797204,0.034018117,0.025125229
1.215000000,0.002815585,0.020326464,-0.020326464,-0.016047739,0.010924046,-0.020625249,0.002510795,0.015718596,-0.016872215,-0.015937224,0.010437332,-0.021105477,0.048631145,5.182764483,-6.425915298,-1.475293509,0.036137487,0.026864241
1.220000000,0.002839095,0.020349284,-0.020349284,-0.016060886,0.010955109,-0.020592944,0.002511126,0.015745644,-0.016871938,-0.015937764,0.010437149,-0.021105431,0.051341298,5.185471008,-6.450262307,-1.482519221,0.038341533,0.028681019
1.225200000,0.002864655,0.020374095,-0.020374095,-0.016075180,0.010988883,-0.020557819,0.002511409,0.015771556,-0.016871776,-0.015938240,0.010436995,-0.021105371,0.054253265,5.179710092,-6.477610874,-1.491071932,0.040727884,0.030640763
1.230000000,0.002889275,0.020397993,-0.020397993,-0.016088947,0.011021413,-0.020523988,0.002511641,0.015794979,-0.016871639,-0.015938622,0.010436873,-0.021105325,0.057025376,5.178760685,-6.502124446,-1.498526796,0.043016859,0.032539765
1.235000000,0.002915986,0.020423921,-0.020423921,-0.016103885,0.011056708,-0.020487282,0.002511996,0.015833202,-0.016871474,-0.015939200,0.010436694,-0.021105225,0.060037772,5.177695883,-6.528505484,-1.506541561,0.045494953,0.034596644
1.240000000,0.002943806,0.020450925,-0.020450925,-0.016119442,0.011093467,-0.020449054,0.002512305,0.015867156,-0.016871328,-0.015939704,0.010436547,-0.021105175,0.063064892,5.172005912,-6.552466189,-1.514010396,0.048070213,0.036753049
1.245000000,0.002972755,0.020479025,-0.020479025,-0.016135630,0.011131718,-0.020409274,0.002512625,0.015902663,-0.016871178,-0.015940198,0.010436402,-0.021105114,0.066229216,5.173047314,-6.583468318,-1.523364935,0.050736708,0.038966858
1.250000000,0.003002852,0.020508240,-0.020508240,-0.016152461,0.011171486,-0.020367916,0.002512957,0.015939200,-0.016870945,-0.015940508,0.010436264,-0.021105065,0.069482621,5.183418132,-6.613551220,-1.531982226,0.053501039,0.041294022
1.255000000,0.003034118,0.020538589,-0.020538589,-0.016169945,0.011212798,-0.020324951,0.002513299,0.015976506,-0.016870814,-0.015941030,0.010436124,-0.021104995,0.072868334,5.175322350,-6.644966829,-1.541874223,0.056370336,0.043683550
1.260000000,0.003066572,0.020570091,-0.020570091,-0.016188094,0.011255681,-0.020280354,0.002513648,0.016016200,-0.016870711,-0.015941280,0.010435988,-0.021104941,0.076332286,5.173494590,-6.674498355,-1.550879367,0.059338946,0.046188476
1.265000000,0.003100235,0.020602767,-0.020602767,-0.016206918,0.011300161,-0.020234096,0.002514016,0.016057307,-0.016870591,-0.015941628,0.010435851,-0.021104827,0.079748696,5.142209877,-6.704062792,-1.561282651,0.062407062,0.048689333
1.270000000,0.003135125,0.020636634,-0.020636634,-0.016226429,0.011346262,-0.020186151,0.002514377,0.016096644,-0.016870496,-0.015941890,0.010435721,-0.021104772,0.083617677,5.199721016,-6.746429695,-1.571486105,0.065573485,0.051445575
1.275000000,0.003171263,0.020671713,-0.020671713,-0.016246638,0.011394012,-0.020136492,0.002514758,0.016134345,-0.016870393,-0.015942175,0.010435580,-0.021104801,0.087324703,5.189804418,-6.782457428,-1.582885347,0.068865456,0.054209876
1.280000000,0.003208667,0.020708020,-0.020708020,-0.016267555,0.011443436,-0.020085093,0.002515157,0.016177480,-0.016870338,-0.015942414,0.010435426,-0.021104932,0.091289196,5.191856755,-6.817411934,-1.593372721,0.072245946,0.057091806
1.285000000,0.003247358,0.020745576,-0.020745576,-0.016289191,0.011494558,-0.020031926,0.002515559,0.016223662,-0.016870282,-0.015942617,0.010435279,-0.021105044,0.095177005,5.177987224,-6.854383600,-1.605236911,0.075758886,0.060058750
1.290000000,0.003287353,0.020784398,-0.020784398,-0.016311557,0.011547405,-0.019976967,0.002515979,0.016273633,-0.016870255,-0.015942824,0.010435130,-0.021105180,0.099351376,5.185490175,-6.892900645,-1.616562158,0.079357201,0.063133662
1.295000000,0.003328672,0.020824506,-0.020824506,-0.016334663,0.011602001,-0.019920188,0.002516414,0.016324266,-0.016870239,-0.015942997,0.010435000,-0.021105255,0.103467867,5.176690930,-6.932693562,-1.629055427,0.083087982,0.066294995
1.300000000,0.003371333,0.020865916,-0.020865916,-0.016358520,0.011658370,-0.019861564,0.002516857,0.016377076,-0.016870220,-0.015942769,0.010434859,-0.021105384,0.107851140,5.188063173,-6.975271092,-1.641463570,0.086914194,0.069571449
1.305200000,0.003417146,0.020910385,-0.020910385,-0.016384139,0.011718904,-0.019798611,0.002517315,0.016430271,-0.016870211,-0.015942911,0.010434736,-0.021105441,0.112353093,5.180026582,-7.019628887,-1.655315807,0.091034631,0.073073194
1.310000000,0.003460759,0.020952720,-0.020952720,-0.016408528,0.011776531,-0.019738679,0.002517795,0.016486095,-0.016870228,-0.015943087,0.010434620,-0.021105488,0.116674274,5.187278348,-7.061480407,-1.667673445,0.094935777,0.076416526
1.315000000,0.003507560,0.020998148,-0.020998148,-0.016434699,0.011838370,-0.019674368,0.002518187,0.016531360,-0.016870241,-0.015942770,0.010434528,-0.021105533,0.121318471,5.191597512,-7.107773480,-1.681560786,0.099117499,0.079994313
1.320000000,0.003555777,0.021044952,-0.021044952,-0.016461663,0.011902081,-0.019608109,0.002518792,0.016602093,-0.016870259,-0.015943050,0.010434387,-0.021105601,0.126181999,5.186680772,-7.153074604,-1.695534417,0.103413354,0.083676958
1.325200000,0.003607445,0.021095105,-0.021095105,-0.016490556,0.011970352,-0.019537109,0.002519304,0.016663328,-0.016870305,-0.015943187,0.010434276,-0.021105649,0.131142379,5.178970496,-7.201729371,-1.710680547,0.108026401,0.087620455
1.330000000,0.003656534,0.021142754,-0.021142754,-0.016518007,0.012035214,-0.019469654,0.002519844,0.016726346,-0.016870336,-0.015942950,0.010434173,-0.021105696,0.135900518,5.188824275,-7.250340393,-1.725002978,0.112388247,0.091373340
1.335000000,0.003709109,0.021193788,-0.021193788,-0.016547408,0.012104683,-0.019397407,0.002520395,0.016789354,-0.016870377,-0.015942719,0.010434072,-0.021105732,0.141023422,5.183852493,-7.300964578,-1.740645236,0.117056336,0.095377220
1.340000000,0.003763173,0.021246266,-0.021246266,-0.016577641,0.012176118,-0.019323115,0.002520961,0.016854570,-0.016870433,-0.015942499,0.010433965,-0.021105809,0.146331054,5.194940164,-7.354594872,-1.756457785,0.121851916,0.099520395
1.345000000,0.003818742,0.021300206,-0.021300206,-0.016608716,0.012249544,-0.019246754,0.002521541,0.016920776,-0.016870511,-0.015942858,0.010433859,-0.021105871,0.151557636,5.185123403,-7.404773420,-1.772139743,0.126773787,0.103745349
1.350000000,0.003875835,0.021355625,-0.021355625,-0.016640643,0.012324982,-0.019168300,0.002522145,0.016989662,-0.016870595,-0.015942235,0.010433777,-0.021105826,0.157011182,5.187898302,-7.460057888,-1.788836089,0.131814349,0.108092601
1.355000000,0.003934469,0.021412539,-0.021412539,-0.016673431,0.012402456,-0.019087728,0.002522761,0.017059936,-0.016870690,-0.015941962,0.010433702,-0.021105761,0.162556584,5.160929930,-7.511782883,-1.805830593,0.136981647,0.112548302
1.360000000,0.003994660,0.021470966,-0.021470966,-0.016707091,0.012481989,-0.019005015,0.002523394,0.017129329,-0.016870792,-0.015942043,0.010433626,-0.021105680,0.168310166,5.205263994,-7.576256609,-1.823397525,0.142289575,0.117130555
1.365000000,0.004056427,0.021530922,-0.021530922,-0.016741632,0.012563603,-0.018920138,0.002524057,0.017198016,-0.016870876,-0.015941568,0.010433546,-0.021105576,0.173908869,5.173357470,-7.653981970,-1.849719153,0.147762541,0.121823388
1.370000000,0.004119786,0.021592423,-0.021592423,-0.016777063,0.012647321,-0.018833072,0.002524714,0.017268674,-0.016870975,-0.015941896,0.010433464,-0.021105605,0.180063658,5.212964071,-7.696163165,-1.859531434,0.153294362,0.126644842
1.375000000,0.004184754,0.021655486,-0.021655486,-0.016813394,0.012733165,-0.018743796,0.002525406,0.017340685,-0.016871057,-0.015941857,0.010433386,-0.021105634,0.186086966,5.206528174,-7.756480766,-1.878179851,0.159001175,0.131585296
1.380000000,0.004251348,0.021720127,-0.021720127,-0.016850634,0.012821157,-0.018652286,0.002526119,0.017418676,-0.016871136,-0.015941533,0.010433312,-0.021105664,0.192266292,5.173460433,-7.834049361,-1.904317141,0.164828418,0.136652640
1.385000000,0.004319584,0.021786362,-0.021786362,-0.016888792,0.012911320,-0.018558519,0.002526696,0.017482978,-0.016871196,-0.015941745,0.010433251,-0.021105678,0.198599450,5.208315367,-7.884040869,-1.916924577,0.170815542,0.141832669
1.390000000,0.004389479,0.021854207,-0.021854207,-0.016927878,0.013003674,-0.018462472,0.002527586,0.017580203,-0.016871296,-0.015942588,0.010433158,-0.021105679,0.205035296,5.204320363,-7.948412253,-1.936657221,0.176932685,0.147141398
1.395000000,0.004461049,0.021923679,-0.021923679,-0.016967901,0.013098241,-0.018364124,0.002528351,0.017665729,-0.016871371,-0.015943273,0.010433081,-0.021105671,0.211662576,5.204726561,-8.015120982,-1.956913535,0.183183928,0.152574940
1.400000000,0.004534310,0.021994792,-0.021994792,-0.017008869,0.013195043,-0.018263451,0.002529146,0.017754541,-0.016871438,-0.015943941,0.010433013,-0.021105653,0.218328287,5.196838722,-8.081975290,-1.977593465,0.189581828,0.158134593
1.405000000,0.004609279,0.022067562,-0.022067562,-0.017050793,0.013294102,-0.018160432,0.002529956,0.017846523,-0.016871500,-0.015944595,0.010432946,-0.021105628,0.225146479,5.201252558,-8.152441947,-1.998813892,0.196117108,0.163822677
1.410000000,0.004685971,0.022142006,-0.022142006,-0.017093680,0.013395437,-0.018055045,0.002530623,0.017921378,-0.016871543,-0.015945103,0.010432898,-0.021105598,0.232118161,5.207306516,-8.224904927,-2.020580864,0.202795301,0.169639226
1.415000000,0.004764403,0.022218138,-0.022218138,-0.017137540,0.013499071,-0.017947268,0.002531643,0.018036858,-0.016871597,-0.015945846,0.010432825,-0.021105544,0.239265402,5.199980697,-8.296331252,-2.042621766,0.209620345,0.175584061
1.420000000,0.004844589,0.022295973,-0.022295973,-0.017182381,0.013605024,-0.017837079,0.002532346,0.018116270,-0.016871627,-0.015946326,0.010432780,-0.021105500,0.246504450,5.205646671,-8.371830254,-2.065334671,0.216588539,0.181661583
1.425200000,0.004929862,0.022378745,-0.022378745,-0.017230067,0.013717697,-0.017719901,0.002533243,0.018217232,-0.016871655,-0.015946910,0.010432725,-0.021105439,0.254101957,5.202518568,-8.450388564,-2.089371754,0.223996993,0.188122110
1.430000000,0.005010290,0.022456815,-0.022456815,-0.017275043,0.013823969,-0.017609380,0.002534353,0.018341889,-0.016871680,-0.015947587,0.010432666,-0.021105351,0.261309805,5.194827769,-8.523408947,-2.111919065,0.230974075,0.194211477
1.435000000,0.005095835,0.022539851,-0.022539851,-0.017322881,0.013937001,-0.017491828,0.002535306,0.018447649,-0.016871691,-0.015948127,0.010432621,-0.021105267,0.268937955,5.203125326,-8.604010870,-2.136060669,0.238385682,0.200688427
1.440000000,0.005183196,0.022624651,-0.022624651,-0.017371734,0.014052434,-0.017371779,0.002536286,0.018553936,-0.016871689,-0.015948644,0.010432583,-0.021105166,0.276712575,5.202453086,-8.684752915,-2.160657022,0.245950724,0.207299529
1.445000000,0.005272390,0.022711229,-0.022711229,-0.017421612,0.014170288,-0.017249214,0.002537293,0.018662285,-0.016871742,-0.015949141,0.010432551,-0.021105052,0.284615016,5.208314867,-8.768168834,-2.185773400,0.253664302,0.214047667
1.450000000,0.005363430,0.022799600,-0.022799600,-0.017472523,0.014290582,-0.017124111,0.002538315,0.018772820,-0.016871855,-0.015949627,0.010432514,-0.021104932,0.292638599,5.201246655,-8.847407733,-2.210358988,0.261544462,0.220934046
1.455000000,0.005456331,0.022889777,-0.022889777,-0.017524474,0.014413335,-0.016996449,0.002539369,0.018884861,-0.016872010,-0.015950083,0.010432481,-0.021104799,0.300852306,5.208446111,-8.937860360,-2.237415156,0.269556010,0.227957433
1.460000000,0.005551109,0.022981776,-0.022981776,-0.017577475,0.014538568,-0.016866209,0.002540233,0.018976500,-0.016872357,-0.015950450,0.010432448,-0.021104696,0.309300587,5.212210986,-9.019245917,-2.262298232,0.277727828,0.235123869
1.465000000,0.005647778,0.023075611,-0.023075611,-0.017631534,0.014666299,-0.016733371,0.002541547,0.019116137,-0.016873638,-0.015950995,0.010432419,-0.021104523,0.317620759,5.213568980,-9.106935399,-2.289012030,0.286063346,0.242430426
1.470000000,0.005746353,0.023171295,-0.023171295,-0.017686657,0.014796548,-0.016597914,0.002542683,0.019236490,-0.016878021,-0.015951511,0.010432401,-0.021104393,0.326255813,5.201581224,-9.180467233,-2.312631840,0.294557149,0.249882440
1.475000000,0.005846847,0.023268842,-0.023268842,-0.017742855,0.014929334,-0.016459819,0.002543613,0.019335419,-0.016886753,-0.015951922,0.010432391,-0.021104285,0.335023437,5.205074849,-9.247739350,-2.334172922,0.303201985,0.257480909
1.480000000,0.005949275,0.023368267,-0.023368267,-0.017800134,0.015064675,-0.016319067,0.002544795,0.019461430,-0.016908824,-0.015952433,0.010432380,-0.021104145,0.343992280,5.205574355,-9.292002062,-2.349982600,0.311995228,0.265224520
1.485000000,0.006053652,0.023469583,-0.023469583,-0.017858503,0.015202591,-0.016175637,0.002546250,0.019616641,-0.016958131,-0.015953049,0.010432370,-0.021103973,0.353026304,5.182914148,-9.300188766,-2.357434947,0.320957047,0.273119446
1.490000000,0.006159990,0.023572803,-0.023572803,-0.017917968,0.015343099,-0.016029511,0.002547487,0.019748612,-0.017021500,-0.015953562,0.010432365,-0.021103825,0.362136810,5.168877470,-9.312586502,-2.365746629,0.330089946,0.281165183
1.495000000,0.006268305,0.023677942,-0.023677942,-0.017978539,0.015486218,-0.015880669,0.002548764,0.019879516,-0.017105521,-0.015954068,0.010432370,-0.021103666,0.371564566,5.178887586,-9.320171747,-2.372035520,0.339358049,0.289355458
1.500000000,0.006378610,0.023785012,-0.023785012,-0.018040223,0.015631966,-0.015729094,0.002550069,0.020007127,-0.017210863,-0.015954580,0.010432381,-0.021103503,0.380987985,5.170959470,-9.317144902,-2.376333764,0.348811439,0.297700136
1.505000000,0.006490918,0.023894027,-0.023894027,-0.018103027,0.015780362,-0.015574765,0.002551134,0.020108025,-0.017310476,-0.015954987,0.010432389,-0.021103369,0.390644551,5.180314799,-9.333462739,-2.385076892,0.358420275,0.306191882
1.510000000,0.006605243,0.024005000,-0.024005000,-0.018166958,0.015931423,-0.015417664,0.002552765,0.020256537,-0.017485194,-0.015955598,0.010432407,-0.021103162,0.400427771,5.170474452,-9.292030633,-2.379750653,0.368189772,0.314839980
1.515000000,0.006721598,0.024117943,-0.024117943,-0.018232026,0.016085166,-0.015257774,0.002553875,0.020354523,-0.017618639,-0.015956004,0.010432421,-0.021103020,0.410370135,5.179613010,-9.300809289,-2.386745772,0.378132578,0.323636394
1.520000000,0.006839997,0.024232871,-0.024232871,-0.018298236,0.016241610,-0.015095075,0.002555583,0.020498601,-0.017840913,-0.015956615,0.010432449,-0.021102798,0.420458687,5.171311125,-9.253222993,-2.379969137,0.388235012,0.332590013
1.525000000,0.006960453,0.024349794,-0.024349794,-0.018365596,0.016400772,-0.014929550,0.002557045,0.020616973,-0.018045334,-0.015957121,0.010432478,-0.021102606,0.430796513,5.182378185,-9.236019581,-2.380399803,0.398496268,0.341692340
1.530000000,0.007082979,0.024468727,-0.024468727,-0.018434114,0.016562668,-0.014761180,0.002558538,0.020732506,-0.018263933,-0.015957633,0.010432513,-0.021102409,0.441135457,5.176440020,-9.218676311,-2.381500664,0.408950088,0.350953063
1.535000000,0.007207587,0.024589682,-0.024589682,-0.018503796,0.016727317,-0.014589948,0.002560069,0.020847074,-0.018494827,-0.015958141,0.010432556,-0.021102201,0.451685175,5.186569075,-9.204548748,-2.382943739,0.419559508,0.360366827
1.540000000,0.007334291,0.024712671,-0.024712671,-0.018574651,0.016894734,-0.014415837,0.002561631,0.020959801,-0.018736570,-0.015958653,0.010432600,-0.021101991,0.462415910,5.181678443,-9.189948775,-2.384899720,0.430350420,0.369937727
1.545000000,0.007463104,0.024837706,-0.024837706,-0.018646684,0.017064937,-0.014238829,0.002563232,0.021072260,-0.018987721,-0.015959162,0.010432651,-0.021101772,0.473276869,5.191331414,-9.178275913,-2.387179415,0.441304707,0.379665050
1.550000000,0.007594037,0.024964800,-0.024964800,-0.018719903,0.017237943,-0.014058906,0.002564859,0.021183436,-0.019247226,-0.015959674,0.010432704,-0.021101549,0.484320503,5.186861798,-9.166386427,-2.390004227,0.452442291,0.389551356
1.555000000,0.007727103,0.025093965,-0.025093965,-0.018794315,0.017413767,-0.013876052,0.002566526,0.021295048,-0.019513951,-0.015960183,0.010432763,-0.021101318,0.495495762,5.195697681,-9.157278073,-2.393161636,0.463745462,0.399595894
1.560000000,0.007862315,0.025225212,-0.025225212,-0.018869928,0.017592427,-0.013690249,0.002567888,0.021384008,-0.019731892,-0.015960592,0.010432813,-0.021101130,0.506853130,5.206605946,-9.177302567,-2.403820408,0.475232855,0.409798796
1.565000000,0.007999685,0.025358554,-0.025358554,-0.018946746,0.017773937,-0.013501481,0.002569972,0.021519205,-0.020065961,-0.015961207,0.010432893,-0.021100839,0.518346603,5.191840762,-9.137033750,-2.400014809,0.486890516,0.420166877
1.570000000,0.008139225,0.025494002,-0.025494002,-0.019024779,0.017958315,-0.013309731,0.002571750,0.021633829,-0.020351110,-0.015961719,0.010432965,-0.021100589,0.530024642,5.187584732,-9.130866548,-2.404679675,0.498732785,0.430694644
1.575000000,0.008280947,0.025631568,-0.025631568,-0.019104031,0.018145576,-0.013114983,0.002573567,0.021748176,-0.020639759,-0.015962227,0.010433044,-0.021100331,0.541835270,5.201121640,-9.130641926,-2.410327430,0.510744320,0.441383985
1.580000000,0.008424862,0.025771264,-0.025771264,-0.019184510,0.018335735,-0.012917221,0.002575420,0.021861738,-0.020931616,-0.015962739,0.010433125,-0.021100069,0.553832938,5.197511029,-9.129294062,-2.416396837,0.522945295,0.452237624
1.585000000,0.008570983,0.025913100,-0.025913100,-0.019266223,0.018528809,-0.012716428,0.002577315,0.021976676,-0.021226496,-0.015963248,0.010433214,-0.021099796,0.565965507,5.207016490,-9.130088476,-2.422645091,0.535317350,0.463254819
1.590000000,0.008719322,0.026057089,-0.026057089,-0.019349175,0.018724813,-0.012512588,0.002579245,0.022092311,-0.021524483,-0.015963761,0.010433306,-0.021099519,0.578286600,5.201081735,-9.129769891,-2.429254551,0.547880242,0.474438098
1.595000000,0.008869889,0.026203241,-0.026203241,-0.019433374,0.018923761,-0.012305685,0.002581215,0.022210181,-0.021825460,-0.015964269,0.010433404,-0.021099233,0.590744067,5.209168658,-9.131587705,-2.436009548,0.560615921,0.485786772
1.600000000,0.009022696,0.026351567,-0.026351567,-0.019518825,0.019125669,-0.012095704,0.002583225,0.022329148,-0.022129577,-0.015964782,0.010433507,-0.021098940,0.603391225,5.202867817,-9.132310278,-2.443091685,0.573543915,0.497303166
1.605000000,0.009177754,0.026502079,-0.026502079,-0.019605536,0.019330551,-0.011882630,0.002585276,0.022450499,-0.022436780,-0.015965290,0.010433617,-0.021098638,0.616175772,5.210803008,-9.135000862,-2.450269954,0.586646445,0.508986715
1.610000000,0.009335075,0.026654787,-0.026654787,-0.019693511,0.019538424,-0.011666446,0.002587359,0.022572695,-0.022747239,-0.015965802,0.010433730,-0.021098332,0.629151818,5.206035895,-9.136903288,-2.457793038,0.599942822,0.520839808
1.615000000,0.009494669,0.026809701,-0.026809701,-0.019782758,0.019749300,-0.011447138,0.002589064,0.022671955,-0.022998005,-0.015966209,0.010433826,-0.021098080,0.642294174,5.218351480,-9.169740076,-2.472746057,0.613424410,0.532860627
1.620000000,0.009656548,0.026966834,-0.026966834,-0.019873283,0.019963195,-0.011224691,0.002591671,0.022823261,-0.023378947,-0.015966821,0.010433976,-0.021097692,0.655573778,5.203826860,-9.136083184,-2.471688794,0.627083932,0.545055233
1.625000000,0.009820722,0.027126194,-0.027126194,-0.019965091,0.020180123,-0.010999090,0.002593892,0.022952574,-0.023702324,-0.015967328,0.010434110,-0.021097358,0.669021387,5.211959084,-9.136407222,-2.478644710,0.640929632,0.557419008
1.630000000,0.009987203,0.027287793,-0.027287793,-0.020058189,0.020400098,-0.010770319,0.002595700,0.023056463,-0.023963572,-0.015967735,0.010434221,-0.021097085,0.682663164,5.225438497,-9.171311645,-2.494383165,0.654973186,0.569953215
1.635000000,0.010156000,0.027451640,-0.027451640,-0.020152582,0.020623134,-0.010538366,0.002598463,0.023215081,-0.024360159,-0.015968346,0.010434392,-0.021096668,0.696445112,5.209040382,-9.136613753,-2.493424727,0.669196577,0.582663437
1.640000000,0.010327124,0.027617747,-0.027617747,-0.020248276,0.020849246,-0.010303214,0.002600811,0.023351005,-0.024696633,-0.015968856,0.010434541,-0.021096312,0.710424539,5.202032434,-9.136278528,-2.501047546,0.683618026,0.595545884
1.645000000,0.010500586,0.027786122,-0.027786122,-0.020345278,0.021078445,-0.010064850,0.002603210,0.023487662,-0.025036320,-0.015969360,0.010434700,-0.021095944,0.724544314,5.216089733,-9.142534023,-2.509714867,0.698220101,0.608601296
1.650000000,0.010676395,0.027956777,-0.027956777,-0.020443593,0.021310747,-0.009823261,0.002605158,0.023596558,-0.025310371,-0.015969765,0.010434829,-0.021095646,0.738862923,5.232039511,-9.180227051,-2.526482336,0.713023963,0.621831039
1.655000000,0.010854563,0.028129720,-0.028129720,-0.020543226,0.021546165,-0.009578430,0.002607630,0.023734478,-0.025656656,-0.015970276,0.010434995,-0.021095267,0.753351613,5.221833670,-9.178654290,-2.534204655,0.728019830,0.635238663
1.660000000,0.011035098,0.028304962,-0.028304962,-0.020644184,0.021784711,-0.009330346,0.002610659,0.023905878,-0.026080691,-0.015970885,0.010435204,-0.021094799,0.767983617,5.202734120,-9.136511592,-2.531936476,0.743197805,0.648824486
1.665000000,0.011218012,0.028482511,-0.028482511,-0.020746471,0.022026400,-0.009078995,0.002612721,0.024021840,-0.026368100,-0.015971289,0.010435350,-0.021094478,0.782818694,5.220197725,-9.173532814,-2.548783856,0.758579294,0.662583998
1.670000000,0.011403313,0.028662379,-0.028662379,-0.020850093,0.022271243,-0.008824362,0.002615869,0.024195207,-0.026803540,-0.015971895,0.010435576,-0.021093987,0.797791757,5.212217989,-9.139481369,-2.548400856,0.774143748,0.676523939
1.675200000,0.011598569,0.028851910,-0.028851910,-0.020959283,0.022529241,-0.008556049,0.002618548,0.024341408,-0.027171908,-0.015972398,0.010435772,-0.021093567,0.813556365,5.225669805,-9.150051453,-2.559144643,0.790540543,0.691208863
1.680000000,0.011781117,0.029029105,-0.029029105,-0.021061366,0.022770446,-0.008305199,0.002620726,0.024458743,-0.027469046,-0.015972802,0.010435933,-0.021093226,0.828292205,5.237750099,-9.182429326,-2.574975582,0.805872391,0.704935751
1.685000000,0.011973639,0.029215982,-0.029215982,-0.021169026,0.023024830,-0.008040644,0.002624043,0.024638512,-0.027920046,-0.015973410,0.010436180,-0.021092705,0.843788722,5.218076454,-9.143391844,-2.574044613,0.822025478,0.719413656
1.690000000,0.012168587,0.029405213,-0.029405213,-0.021278043,0.023282420,-0.007772755,0.002626301,0.024761455,-0.028225231,-0.015973814,0.010436352,-0.021092349,0.859492433,5.232193275,-9.182237281,-2.592001052,0.838386709,0.734069736
1.695000000,0.012365970,0.029596809,-0.029596809,-0.021388422,0.023543228,-0.007501520,0.002629743,0.024947543,-0.028687935,-0.015974419,0.010436617,-0.021091804,0.875335914,5.217866319,-9.143935629,-2.591276908,0.854933484,0.748909656
1.700000000,0.012565797,0.029790777,-0.029790777,-0.021500168,0.023807265,-0.007226926,0.002632665,0.025105074,-0.029079737,-0.015974924,0.010436845,-0.021091341,0.891387957,5.214949092,-9.145554504,-2.600492488,0.871688737,0.763930632
1.705000000,0.012768078,0.029987126,-0.029987126,-0.021613285,0.024074544,-0.006948960,0.002635642,0.025262854,-0.029474808,-0.015975424,0.010437082,-0.021090866,0.907586359,5.229843227,-9.152986393,-2.610683402,0.888634143,0.779133071
1.710000000,0.012972821,0.030185865,-0.030185865,-0.021727780,0.024345076,-0.006667611,0.002638669,0.025420585,-0.029873414,-0.015975929,0.010437323,-0.021090384,0.923990452,5.226463847,-9.157382760,-2.620841174,0.905789317,0.794519646
1.715000000,0.013180035,0.030387003,-0.030387003,-0.021843656,0.024618873,-0.006382867,0.002641754,0.025580603,-0.030275939,-0.015976430,0.010437574,-0.021089890,0.940543383,5.235653811,-9.162319928,-2.630809012,0.923135960,0.810089513
1.720000000,0.013389728,0.030590548,-0.030590548,-0.021960919,0.024895947,-0.006094715,0.002644886,0.025742222,-0.030682907,-0.015976934,0.010437830,-0.021089387,0.957303151,5.229218472,-9.164744713,-2.640782699,0.940693154,0.825844832
1.725000000,0.013601910,0.030796508,-0.030796508,-0.022079574,0.025176309,-0.005803143,0.002647431,0.025873572,-0.031011832,-0.015977336,0.010438041,-0.021088977,0.974245464,5.244889798,-9.207619209,-2.660462671,0.958454583,0.841784381
1.730000000,0.013816589,0.031004892,-0.031004892,-0.022199625,0.025459970,-0.005508141,0.002651318,0.026073609,-0.031512069,-0.015977939,0.010438367,-0.021088349,0.991330413,5.225358195,-9.161317910,-2.658617267,0.976404227,0.857912468
1.735200000,0.014042513,0.031224191,-0.031224191,-0.022325964,0.025758489,-0.005197686,0.002654620,0.026244183,-0.031937061,-0.015978437,0.010438648,-0.021087814,1.009300381,5.237100001,-9.168826925,-2.669966159,0.995290961,0.874881838
1.740000000,0.014253471,0.031428964,-0.031428964,-0.022443934,0.026037234,-0.004907797,0.002658876,0.026415279,-0.032366830,-0.015978941,0.010438932,-0.021087266,1.024419127,5.230003889,-9.161982664,-2.677636679,1.012919787,0.890724790
1.745000000,0.014475690,0.031644667,-0.031644667,-0.022568202,0.026330859,-0.004602432,0.002665451,0.026588498,-0.032801217,-0.015979445,0.010442964,-0.021087108,1.038428703,5.240381975,-9.165751171,-2.687911584,1.029565605,0.907441776
1.750000000,0.014700440,0.031862826,-0.031862826,-0.022693884,0.026627826,-0.004293591,0.002676087,0.026762790,-0.033240058,-0.015979955,0.010462318,-0.021087173,1.050473189,5.235498816,-9.168020688,-2.698432911,1.042752225,0.924285727
1.755000000,0.014927726,0.032083448,-0.032083448,-0.022820985,0.026928146,-0.003981264,0.002692625,0.026939505,-0.033683473,-0.015980458,0.010506661,-0.021087259,1.059894195,5.238835461,-9.170737766,-2.708876355,1.053754937,0.941290880
1.760000000,0.015157559,0.032306542,-0.032306542,-0.022949510,0.027231830,-0.003665438,0.002716417,0.027117886,-0.034131623,-0.015980960,0.010583146,-0.021087338,1.067492904,5.244412651,-9.173510409,-2.719343999,1.061874854,0.958448590
1.765000000,0.015389945,0.032532113,-0.032532113,-0.023079463,0.027538888,-0.003346103,0.002748502,0.027298581,-0.034584732,-0.015981464,0.010696376,-0.021087411,1.073328747,5.249406463,-9.175373157,-2.729675731,1.067868065,0.975767650
1.770000000,0.015624891,0.032760171,-0.032760171,-0.023210848,0.027849329,-0.003023249,0.002790108,0.027482223,-0.035042988,-0.015981961,0.010845672,-0.021087486,1.079382715,5.204523808,-9.177595081,-2.741969132,1.071814172,0.993253002
1.775000000,0.015862407,0.032990721,-0.032990721,-0.023343669,0.028163164,-0.002696866,0.002842519,0.027665974,-0.035506550,-0.015982463,0.011028855,-0.021087552,1.080434608,5.255915996,-9.179970001,-2.750913172,1.076089065,1.010923620
1.780000000,0.016102498,0.033223773,-0.033223773,-0.023477931,0.028480403,-0.002366943,0.002892658,0.027811905,-0.035880868,-0.015982857,0.011197982,-0.021086847,1.087124831,5.240473392,-9.228784748,-2.774315988,1.081793794,1.028739547
1.785000000,0.016345172,0.033459331,-0.033459331,-0.023613637,0.028801055,-0.002033471,0.002982105,0.028034390,-0.036450361,-0.015983459,0.011486751,-0.021030335,1.081857179,5.264027680,-9.174128948,-2.769969551,1.079487350,1.039205129
1.790000000,0.016590437,0.033697404,-0.033697404,-0.023750792,0.029125130,-0.001696438,0.003069980,0.028223918,-0.036933489,-0.015983961,0.011757204,-0.020909579,1.081938998,5.246855640,-9.168329850,-2.779758217,1.079360394,1.048314289
1.795000000,0.016838299,0.033937998,-0.033937998,-0.023889399,0.029452638,-0.001355836,0.003169672,0.028417013,-0.037421564,-0.015984461,0.012047775,-0.020740080,1.081313256,5.250227959,-9.174184548,-2.792036802,1.079523850,1.055390248
1.800000000,0.017088766,0.034181121,-0.034181121,-0.024029463,0.029783586,-0.001011656,0.003280911,0.028612699,-0.037913937,-0.015984957,0.012354637,-0.020533712,1.080391392,5.252407656,-9.177828615,-2.803907567,1.079411883,1.061170241
1.805000000,0.017341844,0.034426778,-0.034426778,-0.024170987,0.030117985,-0.000663886,0.003403425,0.028810729,-0.038411083,-0.015985452,0.012674697,-0.020292891,1.079261073,5.256140338,-9.181222019,-2.815812034,1.079187108,1.065593657
1.810000000,0.017597541,0.034674977,-0.034674977,-0.024313976,0.030455844,-0.000312519,0.003536776,0.029011496,-0.038913302,-0.015985950,0.013005453,-0.020027057,1.078103599,5.260207228,-9.183940800,-2.827664437,1.078933620,1.069205073
1.815000000,0.017855862,0.034925724,-0.034925724,-0.024458432,0.030797171,0.000042455,0.003650996,0.029173897,-0.039318949,-0.015986346,0.013276218,-0.019800729,1.081568623,5.270906172,-9.233774684,-2.851443865,1.082926932,1.075436240
1.820000000,0.018116815,0.035179026,-0.035179026,-0.024604360,0.031141976,0.000401046,0.003834338,0.029422415,-0.039934883,-0.015986945,0.013691830,-0.019431136,1.075992734,5.240524994,-9.177657536,-2.849750326,1.077401297,1.073407658
1.825000000,0.018380406,0.035434887,-0.035434887,-0.024751763,0.031490266,0.000763261,0.003997835,0.029633713,-0.040456860,-0.015987436,0.014046995,-0.019111681,1.075032428,5.245995511,-9.177239961,-2.861110230,1.077200885,1.076317603
1.830000000,0.018646642,0.035693316,-0.035693316,-0.024900645,0.031842050,0.001129111,0.004170326,0.029844323,-0.040983566,-0.015987927,0.014405097,-0.018789565,1.074198622,5.260364528,-9.182809319,-2.873857072,1.077474797,1.078085860
1.835000000,0.018915528,0.035954318,-0.035954318,-0.025051009,0.032197336,0.001498603,0.004351281,0.030055566,-0.041514955,-0.015988422,0.014765483,-0.018456318,1.074053122,5.251898559,-9.182604150,-2.885997181,1.077435956,1.079744496
1.840000000,0.019187071,0.036217899,-0.036217899,-0.025202859,0.032556133,0.001871745,0.004540295,0.030268037,-0.042051530,-0.015988916,0.015127965,-0.018115408,1.073734493,5.258914588,-9.188157680,-2.899260330,1.077835723,1.081245048
1.845000000,0.019461277,0.036484064,-0.036484064,-0.025356198,0.032918449,0.002248547,0.004736836,0.030481985,-0.042593054,-0.015989407,0.015492663,-0.017767461,1.073534814,5.263818100,-9.191003488,-2.912002182,1.078183924,1.082588956
1.850000000,0.019738152,0.036752820,-0.036752820,-0.025511029,0.033284291,0.002629017,0.004940559,0.030697841,-0.043140014,-0.015989898,0.015859629,-0.017410436,1.073383141,5.268120639,-9.192644490,-2.924589382,1.078562509,1.083638410
1.855000000,0.020017701,0.037024173,-0.037024173,-0.025667356,0.033653667,0.003013162,0.005151089,0.030916373,-0.043692651,-0.015990390,0.016229041,-0.017047463,1.073332290,5.272869210,-9.193743192,-2.937142199,1.078961212,1.084651474
1.860000000,0.020299931,0.037298127,-0.037298127,-0.025825183,0.034026586,0.003400990,0.005324244,0.031093078,-0.044138991,-0.015990784,0.016526275,-0.016753576,1.078053975,5.284620579,-9.246378429,-2.962696543,1.083900803,1.089662335
1.865000000,0.020584847,0.037574689,-0.037574689,-0.025984511,0.034403053,0.003792510,0.005591565,0.031363520,-0.044816629,-0.015991377,0.016976293,-0.016297915,1.073482039,5.251369025,-9.182600912,-2.960292405,1.078710600,1.085125939
1.870000000,0.020872455,0.037853864,-0.037853864,-0.026145345,0.034783077,0.004187728,0.005821254,0.031593462,-0.045390422,-0.015991864,0.017357023,-0.015914495,1.073586741,5.257218668,-9.181391527,-2.972548232,1.079112402,1.086992302
1.875000000,0.021162761,0.038135656,-0.038135656,-0.026307687,0.035166666,0.004586653,0.006056779,0.031822469,-0.045968858,-0.015992351,0.017738897,-0.015536282,1.073710099,5.272976319,-9.186438440,-2.986233163,1.079912956,1.087793122
1.880000000,0.021455768,0.038420072,-0.038420072,-0.026471540,0.035553825,0.004989292,0.006297873,0.032051969,-0.046551868,-0.015992840,0.018122063,-0.015151965,1.074437547,5.265151180,-9.185789617,-2.999341843,1.080355472,1.088738106
1.885000000,0.021751484,0.038707117,-0.038707117,-0.026636907,0.035944562,0.005395652,0.006544407,0.032282839,-0.047139929,-0.015993330,0.018506889,-0.014763373,1.074845960,5.272165486,-9.190885998,-3.013598412,1.081194827,1.089638605
1.890000000,0.022049913,0.038996795,-0.038996795,-0.026803792,0.036338884,0.005805740,0.006745288,0.032469381,-0.047613787,-0.015993718,0.018816488,-0.014449018,1.079926407,5.291277687,-9.246400344,-3.040336014,1.086583469,1.094735222
1.895000000,0.022351060,0.039289112,-0.039289112,-0.026972197,0.036736797,0.006219563,0.007001183,0.032703995,-0.048211610,-0.015994209,0.019206048,-0.014045247,1.079942773,5.289565548,-9.243405310,-3.053104903,1.086734796,1.094240043
1.900000000,0.022654929,0.039584071,-0.039584071,-0.027142124,0.037138309,0.006637128,0.007315266,0.032993866,-0.048941275,-0.015994794,0.019682349,-0.013541861,1.074682573,5.265908241,-9.169604937,-3.048669640,1.081295522,1.089792566
1.905000000,0.022961527,0.039881679,-0.039881679,-0.027313577,0.037543425,0.007058441,0.007582638,0.033239374,-0.049558193,-0.015995274,0.020084469,-0.013134427,1.076821685,5.226859247,-9.170809703,-3.063942946,1.081446011,1.091861839
1.910000000,0.023270858,0.040181939,-0.040181939,-0.027486558,0.037952151,0.007483510,0.007799949,0.033434189,-0.050054193,-0.015995663,0.020406232,-0.012813557,1.080316585,5.309206939,-9.234811709,-3.091191594,1.088149634,1.097078966
1.915000000,0.023582925,0.040484856,-0.040484856,-0.027661070,0.038364495,0.007912340,0.008131798,0.033721868,-0.050803046,-0.015996245,0.020890258,-0.012315197,1.075763126,5.284989122,-9.172711320,-3.090154853,1.083265033,1.092214244
1.920000000,0.023897735,0.040790435,-0.040790435,-0.027837115,0.038780462,0.008344938,0.008356725,0.033918730,-0.051308291,-0.015996636,0.021217032,-0.011978252,1.081228427,5.299599774,-9.228891675,-3.117919425,1.089069049,1.098682680
1.925000000,0.024215291,0.041098679,-0.041098679,-0.028014696,0.039200057,0.008781310,0.008699119,0.034219024,-0.052071437,-0.015997218,0.021710147,-0.011471231,1.076767795,5.269095632,-9.164283977,-3.116692390,1.083939581,1.093443377
1.930000000,0.024535598,0.041409594,-0.041409594,-0.028193815,0.039623287,0.009221462,0.008989274,0.034472625,-0.052714730,-0.015997701,0.022126273,-0.011044539,1.077452334,5.277558030,-9.167478402,-3.131475414,1.084832817,1.095599660
1.935000000,0.024858660,0.041723183,-0.041723183,-0.028374475,0.040050158,0.009665400,0.009283347,0.034726221,-0.053360881,-0.015998181,0.022543519,-0.010625568,1.078182798,5.288130758,-9.176079854,-3.147714471,1.085999842,1.096582832
1.940000000,0.025184481,0.042039451,-0.042039451,-0.028556678,0.040480674,0.010113130,0.009581325,0.034980626,-0.054009983,-0.015998662,0.022962083,-0.010197522,1.078870919,5.296026457,-9.183411804,-3.163848232,1.087123760,1.097537394
1.945000000,0.025513066,0.042358400,-0.042358400,-0.028740426,0.040914842,0.010564657,0.009883093,0.035237681,-0.054662823,-0.015999145,0.023382845,-0.009765265,1.079574642,5.301528957,-9.188955564,-3.179726956,1.088168495,1.098480841
1.950000000,0.025844418,0.042680036,-0.042680036,-0.028925722,0.041352666,0.011019986,0.010188574,0.035498422,-0.055320063,-0.015999623,0.023806565,-0.009328133,1.082060116,5.255033566,-9.194169678,-3.197403264,1.088379863,1.099473424
1.955200000,0.026191963,0.043017391,-0.043017391,-0.029120073,0.041811887,0.011497568,0.010497931,0.035760744,-0.055982221,-0.016000106,0.024233436,-0.008886001,1.082205275,5.308493458,-9.210761786,-3.215304296,1.090926507,1.101246171
1.960000000,0.026515439,0.043331381,-0.043331381,-0.029300965,0.042239304,0.011942074,0.010811220,0.036021119,-0.056649314,-0.016000584,0.024663457,-0.008440070,1.081631296,5.312086408,-9.200602767,-3.227038663,1.090584052,1.100913908
1.965000000,0.026855115,0.043661098,-0.043661098,-0.029490916,0.042688128,0.012408843,0.011128199,0.036286381,-0.057322693,-0.016001065,0.025098095,-0.007987362,1.082147701,5.310797504,-9.200550843,-3.242213395,1.091318649,1.101825779
1.970000000,0.027197574,0.043993515,-0.043993515,-0.029682423,0.043140629,0.012879436,0.011448696,0.036557400,-0.058001871,-0.016001547,0.025536782,-0.007534263,1.083242333,5.293657394,-9.197770388,-3.257296736,1.091749928,1.102710726
1.975000000,0.027542819,0.044328636,-0.044328636,-0.029875487,0.043596810,0.013353857,0.011772797,0.036831796,-0.058686757,-0.016002026,0.025979115,-0.007076281,1.083877876,5.298126600,-9.202568145,-3.273791908,1.092616871,1.103541252
1.980000000,0.027890853,0.044666465,-0.044666465,-0.030070112,0.044056677,0.013832110,0.012100423,0.037108234,-0.059376872,-0.016002501,0.026425152,-0.006614070,1.084470329,5.303238867,-9.205377569,-3.289858536,1.093364578,1.104348612
1.985000000,0.028241680,0.045007004,-0.045007004,-0.030266298,0.044520233,0.014314201,0.012431618,0.037386716,-0.060072611,-0.016002976,0.026874899,-0.006147782,1.084954295,5.308055785,-9.207261644,-3.305827566,1.094148129,1.105138339
1.990000000,0.028595302,0.045350258,-0.045350258,-0.030464048,0.044987484,0.014800133,0.012766331,0.037668055,-0.060774210,-0.016003453,0.027328460,-0.005677693,1.085460307,5.313131451,-9.208404045,-3.321722708,1.094874914,1.105930660
1.995000000,0.028951723,0.045696228,-0.045696228,-0.030663362,0.045458433,0.015289912,0.013036647,0.037895045,-0.061339858,-0.016003833,0.027694022,-0.005298439,1.091579941,5.330541745,-9.274699605,-3.353840982,1.101261530,1.111880977
2.000000000,0.029310946,0.046044917,-0.046044917,-0.030864244,0.045933084,0.015783541,0.013446327,0.038241288,-0.062197150,-0.016004407,0.028248492,-0.004708780,1.086335470,5.290319810,-9.194332684,-3.350851967,1.094862195,1.105377587
2.005000000,0.029672974,0.046396330,-0.046396330,-0.031066694,0.046411441,0.016281024,0.013722384,0.038477328,-0.062776501,-0.016004779,0.028624906,-0.004307621,1.093589929,5.279415693,-9.260314469,-3.384071833,1.100288354,1.112030505
2.010000000,0.030037810,0.046750468,-0.046750468,-0.031270714,0.046893508,0.016782366,0.014141042,0.038828879,-0.063652787,-0.016005345,0.029193174,-0.003723596,1.086126204,5.314369556,-9.186468592,-3.380505523,1.095306607,1.106361546
2.015000000,0.030405456,0.047107333,-0.047107333,-0.031476306,0.047379289,0.017287569,0.014494316,0.039120887,-0.064391532,-0.016005817,0.029671467,-0.003229503,1.086922640,5.309252324,-9.182041622,-3.395850518,1.095827345,1.108444221
2.020000000,0.030775915,0.047466930,-0.047466930,-0.031683471,0.047868787,0.017796638,0.014779364,0.039355641,-0.064985581,-0.016006193,0.030054658,-0.002844473,1.092843936,5.347354468,-9.257462164,-3.430271845,1.103195414,1.114856164
2.025000000,0.031149190,0.047829259,-0.047829259,-0.031892210,0.048362005,0.018309577,0.015211142,0.039711394,-0.065881637,-0.016006762,0.030631144,-0.002247013,1.087423683,5.308633594,-9.184256945,-3.429682169,1.097497285,1.108862611
2.030000000,0.031525283,0.048194324,-0.048194324,-0.032102526,0.048858947,0.018826387,0.015574853,0.040015105,-0.066636761,-0.016007231,0.031117483,-0.001743147,1.087971589,5.309444675,-9.180433226,-3.445399699,1.098301985,1.111095450
2.035000000,0.031904196,0.048562127,-0.048562127,-0.032314419,0.049359616,0.019347074,0.015941572,0.040319811,-0.067395828,-0.016007699,0.031605766,-0.001246406,1.088706612,5.322944134,-9.187395610,-3.463652967,1.099370634,1.111973406
2.040000000,0.032285933,0.048932670,-0.048932670,-0.032527890,0.049864014,0.019871640,0.016237114,0.040563599,-0.068005539,-0.016008073,0.031997695,-0.000842980,1.095394183,5.347391761,-9.262984726,-3.499023676,1.106475007,1.118469188
2.045000000,0.032670494,0.049305955,-0.049305955,-0.032742941,0.050372146,0.020400088,0.016684029,0.040934111,-0.068926583,-0.016008640,0.032590486,-0.000217956,1.090036770,5.307354142,-9.182509155,-3.497163991,1.099896902,1.111802791
2.050000000,0.033057883,0.049681985,-0.049681985,-0.032959573,0.050884013,0.020932421,0.017060138,0.041248774,-0.069703089,-0.016009103,0.033091691,0.000303463,1.090587358,5.313242975,-9.182592569,-3.514220235,1.100789645,1.114132553
2.055000000,0.033448100,0.050060760,-0.050060760,-0.033177787,0.051399618,0.021468641,0.017439320,0.041562867,-0.070483098,-0.016009566,0.033594340,0.000815096,1.091157015,5.330216288,-9.191124226,-3.533281273,1.101994327,1.115020809
2.060000000,0.033841149,0.050442284,-0.050442284,-0.033397585,0.051918964,0.022008752,0.017744856,0.041814227,-0.071109595,-0.016009939,0.033997643,0.001230284,1.098013762,5.353819313,-9.268673222,-3.569667161,1.109268959,1.121725186
2.065000000,0.034237031,0.050826558,-0.050826558,-0.033618966,0.052442053,0.022552756,0.018206958,0.042195890,-0.072054902,-0.016010501,0.034606214,0.001866303,1.092214243,5.317696043,-9.192731897,-3.569350575,1.103109920,1.115303681
2.070000000,0.034635747,0.051213583,-0.051213583,-0.033841933,0.052968888,0.023100655,0.018517676,0.042455823,-0.072691163,-0.016010870,0.035017241,0.002300886,1.098962639,5.339512638,-9.263606811,-3.604278974,1.110043198,1.122981506
2.075000000,0.035037300,0.051603361,-0.051603361,-0.034066486,0.053499471,0.023652451,0.018908854,0.042780214,-0.073491054,-0.016011333,0.035533431,0.002831200,1.099322075,5.348038188,-9.265440287,-3.622473246,1.110541180,1.122701268
2.080000000,0.035441691,0.051995894,-0.051995894,-0.034292625,0.054033803,0.024208148,0.019382735,0.043175301,-0.074462997,-0.016011887,0.036162394,0.003503366,1.092668608,5.321022997,-9.173055934,-3.618059345,1.103346390,1.116343520
2.085000000,0.035848921,0.052391183,-0.052391183,-0.034520353,0.054571887,0.024767746,0.019781288,0.043508445,-0.075282337,-0.016012341,0.036693072,0.004050447,1.094996570,5.283787918,-9.175447813,-3.637974079,1.103643311,1.118748565
2.090000000,0.036258992,0.052789230,-0.052789230,-0.034749669,0.055113725,0.025331247,0.020182887,0.043838104,-0.076104367,-0.016012799,0.037223248,0.004584502,1.094269242,5.347675045,-9.185849001,-3.656899401,1.105626909,1.119865722
2.095000000,0.036671904,0.053190035,-0.053190035,-0.034980575,0.055659318,0.025898655,0.020587532,0.044163361,-0.076928697,-0.016013255,0.037753160,0.005126886,1.095019665,5.361187904,-9.194535294,-3.677122612,1.107053551,1.121064251
2.100000000,0.037087661,0.053593600,-0.053593600,-0.035213070,0.056208668,0.026469969,0.020994876,0.044493120,-0.077756882,-0.016013716,0.038285092,0.005675694,1.095831765,5.360954719,-9.198721565,-3.696766662,1.108221685,1.122090995
2.105200000,0.037523064,0.054016237,-0.054016237,-0.035456553,0.056783978,0.027068282,0.021404828,0.044829480,-0.078589660,-0.016014178,0.038820232,0.006230248,1.098452922,5.348539530,-9.214073742,-3.720427787,1.110262607,1.124346134
2.110000000,0.037927707,0.054409014,-0.054409014,-0.035682834,0.057318644,0.027624325,0.021817564,0.045170549,-0.079427617,-0.016014635,0.039358996,0.006791575,1.097833818,5.343280871,-9.202315909,-3.735749978,1.109715522,1.123648708
2.115000000,0.038351999,0.054820865,-0.054820865,-0.035920103,0.057879273,0.028207369,0.022233097,0.045515276,-0.080271094,-0.016015074,0.039902326,0.007357895,1.098602267,5.347334054,-9.205494987,-3.755376849,1.110535590,1.124830551
2.120000000,0.038779139,0.055235480,-0.055235480,-0.036158964,0.058443664,0.028794326,0.022651446,0.045862065,-0.081119577,-0.016015468,0.040449207,0.007924701,1.099248795,5.354038389,-9.209783526,-3.775362074,1.111485465,1.125750388
2.125000000,0.039209126,0.055652859,-0.055652859,-0.036399418,0.059011818,0.029385196,0.023072607,0.046211528,-0.081973274,-0.016015966,0.040999831,0.008497618,1.099947457,5.360039230,-9.212002546,-3.794945172,1.112275318,1.126588003
2.130000000,0.039641962,0.056073004,-0.056073004,-0.036641465,0.059583736,0.029979981,0.023496589,0.046564382,-0.082832437,-0.016016721,0.041554400,0.009074745,1.102248629,5.312997486,-9.211009061,-3.814314048,1.112499926,1.127564633
2.135000000,0.040077648,0.056495914,-0.056495914,-0.036885105,0.060159419,0.030578681,0.023923579,0.046918027,-0.083696050,-0.016020717,0.042112768,0.009656693,1.101437211,5.368543671,-9.206848397,-3.829848475,1.113716054,1.128292924
2.140000000,0.040516183,0.056921590,-0.056921590,-0.037130339,0.060738867,0.031181298,0.024353657,0.047271682,-0.084557888,-0.016043439,0.042674771,0.010242043,1.101946006,5.369138063,-9.153724272,-3.826390234,1.114515397,1.129208748
2.145000000,0.040957569,0.057350033,-0.057350033,-0.037377166,0.061322082,0.031787831,0.024786650,0.047633634,-0.085403156,-0.016121463,0.043241388,0.010831838,1.102437116,5.364568777,-9.038579289,-3.796509674,1.115196573,1.130031499
2.150000000,0.041401805,0.057781243,-0.057781243,-0.037625588,0.061909063,0.032398281,0.025222543,0.048003251,-0.086223055,-0.016264100,0.043812799,0.011426734,1.103489566,5.356134462,-8.905087381,-3.756815766,1.115435018,1.130856483
2.155000000,0.041848891,0.058215220,-0.058215220,-0.037875604,0.062499811,0.033012648,0.025573448,0.048301467,-0.086856673,-0.016419834,0.044273065,0.011906325,1.110414817,5.402230635,-8.891948525,-3.749596344,1.123596015,1.138074064
2.160000000,0.042298829,0.058651965,-0.058651965,-0.038127215,0.063094326,0.033630934,0.026103539,0.048751926,-0.087766442,-0.016704812,0.044969835,0.012644289,1.104010380,5.374868772,-8.688151189,-3.687629617,1.115494666,1.130047289
2.165000000,0.042751618,0.059091477,-0.059091477,-0.038380419,0.063692608,0.034253137,0.026549064,0.049133595,-0.088486274,-0.016979660,0.045559880,0.013264134,1.104240628,5.393279550,-8.597657228,-3.652897917,1.115953128,1.132244770
2.170000000,0.043207258,0.059533756,-0.059533756,-0.038635218,0.064294657,0.034879257,0.026997848,0.049515887,-0.089159013,-0.017283713,0.046151990,0.013870148,1.104715185,5.428443825,-8.568540892,-3.637113653,1.116897318,1.132944074
2.175000000,0.043665749,0.059978803,-0.059978803,-0.038891611,0.064900474,0.035509296,0.027449839,0.049899615,-0.089788736,-0.017591452,0.046745724,0.014484032,1.106948192,5.396346843,-8.571758313,-3.632971612,1.117383891,1.133916408
2.180000000,0.044127090,0.060426617,-0.060426617,-0.039149599,0.065510057,0.036143252,0.027813689,0.050208729,-0.090265422,-0.017828379,0.047222348,0.014977636,1.112906897,5.501035475,-8.723136312,-3.676179998,1.126278926,1.141330396
2.185000000,0.044591282,0.060877198,-0.060877198,-0.039409180,0.066123407,0.036781125,0.028363501,0.050673722,-0.090946727,-0.018145089,0.047941228,0.015738817,1.105990711,5.471895192,-8.757854353,-3.691110124,1.118485469,1.133013794
2.190000000,0.045058325,0.061330545,-0.061330545,-0.039670356,0.066740522,0.037422914,0.028825307,0.051077072,-0.091495416,-0.018373662,0.048549008,0.016374975,1.106498098,5.460253847,-8.852774440,-3.723177454,1.119148312,1.135460539
2.195000000,0.045528217,0.061786659,-0.061786659,-0.039933125,0.067361403,0.038068620,0.029196933,0.051408437,-0.091927030,-0.018531426,0.049036459,0.016868874,1.114390053,5.476880089,-9.044380206,-3.786907352,1.127722894,1.143333053
2.200000000,0.046000958,0.062245538,-0.062245538,-0.040197487,0.067986049,0.038718241,0.029758037,0.051921313,-0.092561486,-0.018752454,0.049771434,0.017637031,1.107382643,5.415234172,-9.046784526,-3.793574584,1.119768379,1.135110347
2.205000000,0.046476548,0.062707183,-0.062707183,-0.040463442,0.068614459,0.039371776,0.030229348,0.052363682,-0.093093738,-0.018915831,0.050391068,0.018280902,1.107867476,5.404532437,-9.143299814,-3.832206374,1.120731373,1.137753730
2.210000000,0.046954986,0.063171592,-0.063171592,-0.040730990,0.069246632,0.040029225,0.030608518,0.052720779,-0.093525333,-0.019031029,0.050886893,0.018781217,1.115773943,5.435329256,-9.302583526,-3.886321259,1.129745286,1.145858595
2.215000000,0.047436271,0.063638765,-0.063638765,-0.041000130,0.069882568,0.040690587,0.031180748,0.053262440,-0.094186630,-0.019192869,0.051632654,0.019557485,1.108430733,5.400092737,-9.283086322,-3.893899090,1.122237025,1.137729343
2.220000000,0.047920403,0.064108700,-0.064108700,-0.041270862,0.070522264,0.041355860,0.031661315,0.053723890,-0.094757616,-0.019326478,0.052260595,0.020206922,1.110389298,5.331298125,-9.275723423,-3.898507599,1.122830843,1.140803147
2.225000000,0.048407380,0.064581398,-0.064581398,-0.041543185,0.071165720,0.042025043,0.032144677,0.054187739,-0.095337795,-0.019481304,0.052889614,0.020846795,1.109949889,5.386659869,-9.276576378,-3.903354538,1.124487223,1.141734819
2.230000000,0.048897202,0.065056857,-0.065056857,-0.041817099,0.071812934,0.042698134,0.032533215,0.054556552,-0.095806366,-0.019623327,0.053393865,0.021367122,1.119378675,5.384958627,-9.325777687,-3.918383061,1.133108307,1.149998340
2.235200000,0.049409632,0.065554262,-0.065554262,-0.042103656,0.072490023,0.043402295,0.033119450,0.055111736,-0.096519273,-0.019864776,0.054154729,0.022166615,1.111997153,5.403545699,-9.206954388,-3.889383647,1.127078822,1.142906463
2.240000000,0.049885374,0.066016054,-0.066016054,-0.042369696,0.073118633,0.044056038,0.033611451,0.055579225,-0.097120516,-0.020098508,0.054797955,0.022846747,1.111493527,5.381213907,-9.080678625,-3.848514205,1.125317795,1.143345906
2.245000000,0.050383722,0.066499789,-0.066499789,-0.042648378,0.073777114,0.044740847,0.034106178,0.056050194,-0.097714539,-0.020374008,0.055444346,0.023508261,1.112303183,5.387865753,-8.999570211,-3.819985462,1.126604929,1.144685245
2.250000000,0.050884910,0.066986281,-0.066986281,-0.042928648,0.074439347,0.045429558,0.034603504,0.056520989,-0.098296335,-0.020678416,0.056092081,0.024175462,1.113242479,5.405169375,-8.937100658,-3.795925546,1.127783095,1.145679294
2.255000000,0.051388936,0.067475528,-0.067475528,-0.043210505,0.075105330,0.046122169,0.035003290,0.056896986,-0.098751111,-0.020937478,0.056611796,0.024712961,1.121677748,5.447628309,-8.985203651,-3.804249892,1.136900862,1.154006492
2.260000000,0.051895799,0.067967528,-0.067967528,-0.043493948,0.075775062,0.046818678,0.035606383,0.057463439,-0.099418470,-0.021334303,0.057397455,0.025541021,1.113897727,5.428568278,-8.867741248,-3.767922622,1.128066127,1.144977154
2.265000000,0.052405497,0.068462280,-0.068462280,-0.043778977,0.076448540,0.047519083,0.036112596,0.057941672,-0.099966307,-0.021660338,0.058061537,0.026236624,1.116078465,5.379643540,-8.840435056,-3.754795488,1.128263158,1.147668396
2.270000000,0.052918028,0.068959783,-0.068959783,-0.044065590,0.077125761,0.048223382,0.036621801,0.058420378,-0.100497713,-0.021987057,0.058726739,0.026914250,1.115430412,5.447961053,-8.876712785,-3.762048120,1.129939576,1.148573427
2.275000000,0.053433391,0.069460035,-0.069460035,-0.044353787,0.077806725,0.048931572,0.037133972,0.058895926,-0.101015979,-0.022301238,0.059392775,0.027603499,1.116165295,5.465588573,-8.924038348,-3.774280266,1.131161031,1.149505167
2.280000000,0.053951585,0.069963034,-0.069963034,-0.044643567,0.078491428,0.049643652,0.037648877,0.059377252,-0.101526293,-0.022599324,0.060061311,0.028296035,1.116910633,5.465195696,-8.981200224,-3.792023485,1.132297377,1.150464762
2.285000000,0.054472606,0.070468778,-0.070468778,-0.044934928,0.079179868,0.050359617,0.038166443,0.059867456,-0.102034152,-0.022878075,0.060733195,0.028993413,1.118259481,5.447001898,-9.041725014,-3.812535323,1.132870492,1.151412607
2.290000000,0.054996454,0.070977265,-0.070977265,-0.045227870,0.079872042,0.051079466,0.038686773,0.060364888,-0.102544513,-0.023136732,0.061408609,0.029695194,1.118979843,5.440154232,-9.109730903,-3.836394199,1.133958177,1.152306471
2.295000000,0.055523126,0.071488493,-0.071488493,-0.045522390,0.080567948,0.051803196,0.039209821,0.060868617,-0.103062102,-0.023376215,0.062087680,0.030401103,1.119732564,5.435661869,-9.174846048,-3.860963464,1.134835229,1.153195289
2.300000000,0.056052620,0.072002461,-0.072002461,-0.045818489,0.081267582,0.052530804,0.039735625,0.061377894,-0.103589012,-0.023605074,0.062770605,0.031110523,1.120367428,5.430401010,-9.219861743,-3.878923080,1.135727613,1.154097484
2.305000000,0.056584933,0.072519166,-0.072519166,-0.046116165,0.081970943,0.053262286,0.040264157,0.061892556,-0.104128691,-0.023826645,0.063457567,0.031824126,1.121098475,5.429734414,-9.257390480,-3.895685715,1.136422237,1.154970737
2.310000000,0.057120065,0.073038606,-0.073038606,-0.046415417,0.082678026,0.053997641,0.040795444,0.062412449,-0.104681755,-0.024048192,0.064148572,0.032541274,1.123301423,5.368357927,-9.254639728,-3.898730425,1.136787594,1.155992804
2.315000000,0.057658011,0.073560778,-0.073560778,-0.046716242,0.083388829,0.054736863,0.041222546,0.062830027,-0.105133645,-0.024230052,0.064704197,0.033118332,1.130381257,5.463118551,-9.368718447,-3.934931372,1.146586420,1.164573186
2.320000000,0.058198770,0.074085681,-0.074085681,-0.047018641,0.084103349,0.055479951,0.041867165,0.063455424,-0.105827738,-0.024512782,0.065543681,0.034003609,1.121915010,5.404283223,-9.236130694,-3.901952219,1.136953743,1.154986044
2.325000000,0.058742339,0.074613312,-0.074613312,-0.047322611,0.084821582,0.056226901,0.042299665,0.063880206,-0.106304006,-0.024712221,0.066111535,0.034605067,1.130513289,5.425438099,-9.285453465,-3.915804722,1.145903924,1.165172307
2.330000000,0.059288716,0.075143668,-0.075143668,-0.047628151,0.085543525,0.056977709,0.042952114,0.064521185,-0.107024702,-0.025041868,0.066967644,0.035495859,1.122036608,5.382935322,-9.115775946,-3.867751593,1.136324268,1.155417278
2.335000000,0.059837899,0.075676747,-0.075676747,-0.047935260,0.086269174,0.057732372,0.043499554,0.065056484,-0.107631846,-0.025338635,0.067687943,0.036241139,1.122606675,5.395655525,-9.045923384,-3.842169981,1.137303923,1.158452414
2.340000000,0.060389883,0.076212545,-0.076212545,-0.048243936,0.086998526,0.058490885,0.044049771,0.065588868,-0.108227323,-0.025670464,0.068407955,0.036970451,1.123291320,5.417053995,-8.984876050,-3.817248059,1.138638524,1.159473182
2.345000000,0.060944667,0.076751062,-0.076751062,-0.048554177,0.087731577,0.059253245,0.044491963,0.066012766,-0.108694574,-0.025953679,0.068984058,0.037562677,1.132394825,5.464767278,-9.044374562,-3.828224478,1.148679723,1.168582530
2.350000000,0.061502247,0.077292292,-0.077292292,-0.048865983,0.088468323,0.060019448,0.045158784,0.066650032,-0.109386467,-0.026383257,0.069852183,0.038476022,1.123611009,5.439813016,-8.923658085,-3.791864878,1.139177096,1.158517353
2.355000000,0.062062621,0.077836235,-0.077836235,-0.049179350,0.089208760,0.060789490,0.045718212,0.067186557,-0.109963595,-0.026728054,0.070584375,0.039243174,1.125620545,5.390600409,-8.906493770,-3.783545857,1.139422106,1.161333956
2.360000000,0.062625786,0.078382886,-0.078382886,-0.049494278,0.089952885,0.061563367,0.046167813,0.067615620,-0.110416144,-0.027006296,0.071170747,0.039837725,1.133246502,5.499796105,-9.036656304,-3.818136323,1.150066989,1.170508102
2.365000000,0.063191738,0.078932243,-0.078932243,-0.049810765,0.090700693,0.062341074,0.046732526,0.068148674,-0.110975354,-0.027342179,0.071904843,0.040608397,1.134751242,5.454222923,-9.066687144,-3.827844204,1.149623784,1.168845358
2.370000000,0.063760475,0.079484303,-0.079484303,-0.050128809,0.091452180,0.063122608,0.047414724,0.068800039,-0.111654055,-0.027715838,0.072797744,0.041564120,1.124048938,5.449071649,-9.011881692,-3.816498173,1.139591550,1.159815869
2.375000000,0.064331992,0.080039062,-0.080039062,-0.050448408,0.092207341,0.063907963,0.047872277,0.069238831,-0.112109548,-0.027955032,0.073397825,0.042178150,1.133508681,5.479218371,-9.135509076,-3.851678577,1.149954388,1.171450070
2.380000000,0.064906287,0.080596518,-0.080596518,-0.050769560,0.092966173,0.064697135,0.048446676,0.069791937,-0.112674344,-0.028258201,0.074146636,0.042936289,1.133559274,5.475947779,-9.165931560,-3.861825096,1.150836332,1.170669799
2.385000000,0.065483357,0.081156667,-0.081156667,-0.051092264,0.093728671,0.065490119,0.049140322,0.070466785,-0.113365545,-0.028603825,0.075052800,0.043897010,1.124875485,5.407328600,-9.085960744,-3.844565591,1.140471862,1.161705111
2.390000000,0.066063197,0.081719505,-0.081719505,-0.051416517,0.094494830,0.066286911,0.049605126,0.070923086,-0.113834069,-0.028829560,0.075662029,0.044524731,1.134454501,5.440322358,-9.201371152,-3.878134965,1.150735428,1.173061588
2.395000000,0.066645805,0.082285029,-0.082285029,-0.051742318,0.095264645,0.067087505,0.050188415,0.071492659,-0.114420086,-0.029118300,0.076422145,0.045293578,1.134769003,5.448945875,-9.220413228,-3.885686227,1.151543347,1.172440120
2.400000000,0.067231177,0.082853236,-0.082853236,-0.052069664,0.096038112,0.067891898,0.050892460,0.072179970,-0.115139905,-0.029456457,0.077340888,0.046264378,1.127047115,5.360891450,-9.108230663,-3.857497371,1.141282527,1.163610035
2.405000000,0.067819308,0.083424122,-0.083424122,-0.052398554,0.096815226,0.068700083,0.051364249,0.072640504,-0.115627459,-0.029685042,0.077957587,0.046897331,1.135235643,5.458478059,-9.220699604,-3.889481315,1.152120709,1.175219340
2.410000000,0.068410195,0.083997683,-0.083997683,-0.052728985,0.097595982,0.069512055,0.052075160,0.073325380,-0.116357060,-0.030047066,0.078880382,0.047841908,1.126730571,5.423043055,-9.097440023,-3.853933329,1.143421564,1.165496046
2.415000000,0.069003835,0.084573916,-0.084573916,-0.053060955,0.098380375,0.070327810,0.052670359,0.073901728,-0.116972116,-0.030359437,0.079654238,0.048643087,1.128065544,5.424550700,-9.062468861,-3.841308517,1.144672582,1.168735880
2.420000000,0.069600224,0.085152817,-0.085152817,-0.053394462,0.099168399,0.071147341,0.053267520,0.074478946,-0.117581031,-0.030694414,0.080426919,0.049422359,1.129936348,5.430192305,-9.037953109,-3.829939788,1.146308641,1.170359067
2.425000000,0.070199357,0.085734382,-0.085734382,-0.053729504,0.099960049,0.071970644,0.053866873,0.075054289,-0.118185253,-0.031038088,0.081198756,0.050216709,1.131189099,5.444553486,-9.036996060,-3.827042180,1.148218913,1.171649033
2.430000000,0.070801230,0.086318607,-0.086318607,-0.054066079,0.100755321,0.072797712,0.054347809,0.075515203,-0.118666052,-0.031313977,0.081817268,0.050857151,1.141582932,5.489901629,-9.152782287,-3.859154565,1.158991299,1.181576897
2.435000000,0.071405840,0.086905488,-0.086905488,-0.054404183,0.101554208,0.073628541,0.055072423,0.076209518,-0.119390351,-0.031716436,0.082748847,0.051829435,1.132391953,5.442107403,-9.064916244,-3.837441251,1.149879027,1.171981864
2.440000000,0.072013181,0.087495021,-0.087495021,-0.054743815,0.102356705,0.074463124,0.055679416,0.076796481,-0.120005316,-0.032035879,0.083534232,0.052662329,1.133513034,5.446689545,-9.074651093,-3.841054437,1.150437775,1.174129841
2.445000000,0.072623251,0.088087202,-0.088087202,-0.055084973,0.103162806,0.075301456,0.056288679,0.077385504,-0.120617494,-0.032363434,0.084322365,0.053473797,1.136071560,5.399485358,-9.064958426,-3.835715109,1.151370109,1.175329984
2.450000000,0.073236044,0.088682026,-0.088682026,-0.055427654,0.103972507,0.076143530,0.056777879,0.077856470,-0.121105875,-0.032628931,0.084954562,0.054128488,1.144687684,5.507586848,-9.204017715,-3.875559937,1.162586388,1.185234876
2.455000000,0.073851556,0.089279490,-0.089279490,-0.055771855,0.104785800,0.076989340,0.057515033,0.078560296,-0.121841872,-0.033020317,0.085908503,0.055127754,1.135594426,5.454042485,-9.107548804,-3.850887687,1.151880399,1.174790002
2.460000000,0.074469783,0.089879589,-0.089879589,-0.056117575,0.105602679,0.077838881,0.058132481,0.079159122,-0.122466352,-0.033341979,0.086715623,0.055983410,1.136268307,5.439253268,-9.093597115,-3.846683635,1.151974561,1.176874991
2.465000000,0.075090720,0.090482319,-0.090482319,-0.056464810,0.106423140,0.078692146,0.058752528,0.079762044,-0.123091050,-0.033672118,0.087524389,0.056809037,1.137516613,5.438370292,-9.098230624,-3.847645506,1.152992605,1.178144682
2.470000000,0.075714362,0.091087674,-0.091087674,-0.056813558,0.107247176,0.079549128,0.059375407,0.080364274,-0.123716839,-0.034004052,0.088333227,0.057642094,1.138160009,5.447684328,-9.107874247,-3.849905439,1.154523880,1.179262032
2.475000000,0.076340706,0.091695652,-0.091695652,-0.057163816,0.108074780,0.080409822,0.060000969,0.080967502,-0.124344179,-0.034337054,0.089143530,0.058481032,1.138952852,5.454409429,-9.117658727,-3.852792968,1.155680689,1.180299724
2.480000000,0.076969745,0.092306246,-0.092306246,-0.057515582,0.108905947,0.081274221,0.060629161,0.081572603,-0.124974452,-0.034669810,0.089956539,0.059324876,1.139670914,5.458748848,-9.126641540,-3.855780058,1.156736582,1.181277919
2.485000000,0.077601475,0.092919453,-0.092919453,-0.057868852,0.109740669,0.082142318,0.061133604,0.082058638,-0.125481670,-0.034935194,0.090609423,0.060003587,1.150111420,5.494952180,-9.247740120,-3.891205525,1.167626440,1.191434257
2.490000000,0.078235892,0.093535267,-0.093535267,-0.058223626,0.110578941,0.083014107,0.061893769,0.082794550,-0.126253492,-0.035324595,0.091595275,0.061047965,1.141270028,5.390915288,-9.133291055,-3.863949894,1.156211182,1.179797444
2.495000000,0.078872990,0.094153684,-0.094153684,-0.058579898,0.111420757,0.083889580,0.062531292,0.083412685,-0.126913077,-0.035638991,0.092426294,0.061921475,1.140255989,5.448697221,-9.141517454,-3.867129072,1.157203986,1.182790082
2.500200000,0.079538412,0.094799593,-0.094799593,-0.058952009,0.112299996,0.084803973,0.063171658,0.084026250,-0.127571050,-0.035969168,0.093258287,0.062772283,1.142839174,5.472336442,-9.150029905,-3.867285587,1.160384522,1.185671194
2.505000000,0.080155211,0.095398307,-0.095398307,-0.059296930,0.113114989,0.085651552,0.063814600,0.084642986,-0.128228473,-0.036314879,0.094092711,0.063638273,1.141371315,5.462101592,-9.104325267,-3.853069343,1.158923545,1.184076633
2.510000000,0.080800323,0.096024502,-0.096024502,-0.059657684,0.113967393,0.086538038,0.064460136,0.085265568,-0.128887539,-0.036669970,0.094931415,0.064507870,1.142673117,5.450330231,-9.079916245,-3.844233798,1.159309826,1.185541719
2.515000000,0.081448096,0.096653281,-0.096653281,-0.060019926,0.114823313,0.087428179,0.065108278,0.085890409,-0.129545370,-0.037033454,0.095772855,0.065376446,1.143312464,5.454526291,-9.067420918,-3.838409883,1.160388791,1.186489452
2.520200000,0.082124597,0.097309945,-0.097309945,-0.060398233,0.115717192,0.088357798,0.065759017,0.086516775,-0.130202093,-0.037399468,0.096617054,0.066252004,1.146006445,5.470258217,-9.090902888,-3.843926129,1.163335412,1.189307349
2.525000000,0.082751603,0.097918567,-0.097918567,-0.060748862,0.116545673,0.089219404,0.066412414,0.087145051,-0.130858871,-0.037764274,0.097464877,0.067136291,1.144403889,5.464297650,-9.070963273,-3.838080708,1.161649006,1.187505837
2.530000000,0.083407327,0.098555063,-0.098555063,-0.061115550,0.117412098,0.090120471,0.067068542,0.087776869,-0.131517428,-0.038126125,0.098317710,0.068024570,1.145123373,5.472599736,-9.078114829,-3.839636411,1.162091601,1.188747446
2.535000000,0.084065690,0.099194121,-0.099194121,-0.061483714,0.118282011,0.091025165,0.067595403,0.088284174,-0.132044260,-0.038415324,0.099002338,0.068733098,1.155706982,5.504539175,-9.201373457,-3.874479370,1.173477402,1.199198489
2.540400000,0.084779680,0.099887176,-0.099887176,-0.061882986,0.119225426,0.092006300,0.068389368,0.089050969,-0.132841120,-0.038838416,0.100034846,0.069821167,1.149196165,5.459652350,-9.149309655,-3.864811427,1.165952450,1.191021712
2.545000000,0.085390312,0.100479902,-0.100479902,-0.062224458,0.120032271,0.092845404,0.068921595,0.089569396,-0.133384287,-0.039107893,0.100731749,0.070561619,1.156135815,5.430866605,-9.212347850,-3.884453775,1.171821772,1.198382244
2.550000000,0.086056560,0.101126614,-0.101126614,-0.062597031,0.120912602,0.093760933,0.069724195,0.090348002,-0.134207861,-0.039512042,0.101783129,0.071658138,1.143591235,5.446947087,-9.107072272,-3.858073455,1.160304699,1.186948672
2.555000000,0.086725424,0.101775866,-0.101775866,-0.062971068,0.121796390,0.094680058,0.070396677,0.090996298,-0.134899435,-0.039857456,0.102664776,0.072569024,1.144784824,5.448545446,-9.076007819,-3.845137953,1.161029008,1.190330730
2.560000000,0.087396900,0.102427652,-0.102427652,-0.063346564,0.122683629,0.095602771,0.071071674,0.091644303,-0.135583708,-0.040227068,0.103544013,0.073457313,1.145530976,5.457954116,-9.056281229,-3.835513185,1.162777811,1.191531754
2.565000000,0.088070980,0.103081967,-0.103081967,-0.063723518,0.123574310,0.096529064,0.071749019,0.092292851,-0.136262754,-0.040608727,0.104421883,0.074356059,1.146536080,5.468482846,-9.047194970,-3.829906379,1.164233010,1.192864252
2.570000000,0.088747660,0.103738805,-0.103738805,-0.064101925,0.124468425,0.097458928,0.072428614,0.092942360,-0.136938762,-0.040993304,0.105300388,0.075261387,1.147498195,5.476504495,-9.051845849,-3.829619024,1.165478850,1.193971579
2.575000000,0.089426933,0.104398160,-0.104398160,-0.064481782,0.125365967,0.098392356,0.073110431,0.093594270,-0.137613634,-0.041374619,0.106181217,0.076173655,1.148567623,5.485905869,-9.067992975,-3.833839986,1.166260501,1.194953048
2.580400000,0.090163454,0.105113084,-0.105113084,-0.064893652,0.126339152,0.099404451,0.073794549,0.094249996,-0.138288981,-0.041750404,0.107065287,0.077091319,1.155048985,5.445462685,-9.122192763,-3.848868547,1.171417169,1.200010486
2.585000000,0.090793234,0.105724398,-0.105724398,-0.065245833,0.127171298,0.100269869,0.074343602,0.094777014,-0.138831350,-0.042045146,0.107775228,0.077831027,1.160360535,5.527557015,-9.233539957,-3.883273615,1.178445735,1.205794971
2.590000000,0.091480250,0.106391269,-0.106391269,-0.065630020,0.128079071,0.101213936,0.075171038,0.095570674,-0.139660044,-0.042463596,0.108849321,0.078979523,1.149067804,5.453037846,-9.131652540,-3.861211011,1.165596286,1.193247089
2.595000000,0.092169835,0.107060633,-0.107060633,-0.066015643,0.128990237,0.102161534,0.075864098,0.096243623,-0.140364574,-0.042806551,0.109755430,0.079922282,1.149583581,5.447851305,-9.124378739,-3.858977409,1.166180381,1.196662869
2.600000000,0.092861982,0.107732484,-0.107732484,-0.066402700,0.129904790,0.103112652,0.076420372,0.096782658,-0.140926492,-0.043093751,0.110479994,0.080655503,1.160974042,5.492048382,-9.241774615,-3.890711940,1.178398366,1.207820751
2.605000000,0.093556684,0.108406817,-0.108406817,-0.066791185,0.130822719,0.104067283,0.077118057,0.097457373,-0.141630774,-0.043459497,0.111386842,0.081603859,1.160540925,5.491053867,-9.238148579,-3.891969446,1.177926422,1.205528106
2.610000000,0.094253936,0.109083624,-0.109083624,-0.067181096,0.131744017,0.105025417,0.077959808,0.098275462,-0.142496942,-0.043886699,0.112487796,0.082777014,1.149176430,5.417956788,-9.089542596,-3.854011214,1.164674364,1.194528238
2.615000000,0.094953731,0.109762899,-0.109762899,-0.067572430,0.132668675,0.105987045,0.078664548,0.098961591,-0.143228878,-0.044246894,0.113412758,0.083724404,1.149935636,5.433889758,-9.067300767,-3.845152243,1.165658135,1.198076291
2.620000000,0.095656063,0.110444636,-0.110444636,-0.067965181,0.133596685,0.106952159,0.079230055,0.099506637,-0.143806848,-0.044555614,0.114149799,0.084462435,1.161573523,5.494191405,-9.171710829,-3.869954315,1.178515867,1.209735781
2.625000000,0.096360924,0.111128829,-0.111128829,-0.068359348,0.134528037,0.107920749,0.080081550,0.100323124,-0.144667818,-0.045034653,0.115254222,0.085612963,1.151545923,5.406889832,-9.013529651,-3.823754972,1.166820669,1.197160315
2.630000000,0.097068308,0.111815472,-0.111815472,-0.068754925,0.135462724,0.108892807,0.080794431,0.101005359,-0.145387221,-0.045438679,0.116181649,0.086578394,1.151325585,5.473074832,-8.999274380,-3.814551130,1.167783423,1.200637247
2.635000000,0.097778209,0.112504556,-0.112504556,-0.069151910,0.136400735,0.109868322,0.081366293,0.101547560,-0.145955290,-0.045769521,0.116922290,0.087328600,1.164174248,5.489043051,-9.121297570,-3.845701340,1.180599620,1.212194658
2.640000000,0.098490620,0.113196077,-0.113196077,-0.069550298,0.137342062,0.110847286,0.082227147,0.102361510,-0.146806141,-0.046255658,0.118034564,0.088490290,1.151737441,5.495057157,-9.029890198,-3.823190646,1.168795069,1.199528632
2.645000000,0.099205533,0.113890027,-0.113890027,-0.069950085,0.138286696,0.111829689,0.082947771,0.103045508,-0.147522725,-0.046644501,0.118969208,0.089460167,1.153177749,5.482464057,-9.032494596,-3.822443140,1.169549969,1.203410976
2.650000000,0.099922942,0.114586400,-0.114586400,-0.070351268,0.139234628,0.112815521,0.083670589,0.103733608,-0.148233498,-0.047039885,0.119903450,0.090413436,1.154143050,5.482107614,-9.048680293,-3.825385930,1.171198445,1.204340706
2.655000000,0.100642839,0.115285189,-0.115285189,-0.070753843,0.140185848,0.113804774,0.084395468,0.104424987,-0.148941817,-0.047432438,0.120837793,0.091377590,1.155318482,5.485629837,-9.077777834,-3.833830277,1.172557251,1.205573295
2.660000000,0.101365219,0.115986386,-0.115986386,-0.071157806,0.141140348,0.114797437,0.085122387,0.105118984,-0.149652285,-0.047814575,0.121773812,0.092347573,1.156373846,5.487878907,-9.116484986,-3.846855607,1.173696277,1.206577891
2.665000000,0.102090073,0.116689986,-0.116689986,-0.071563153,0.142098117,0.115793501,0.085851335,0.105816671,-0.150366872,-0.048188062,0.122712782,0.093323015,1.157553468,5.491588679,-9.149289782,-3.858303863,1.174419200,1.207546460
2.670000000,0.102817395,0.117395981,-0.117395981,-0.071969879,0.143059147,0.116792955,0.086582413,0.106519046,-0.151087271,-0.048556780,0.123655248,0.094302742,1.159844366,5.429419535,-9.158791925,-3.862458582,1.175249076,1.208530143
2.675000000,0.103547177,0.118104364,-0.118104364,-0.072377982,0.144023428,0.117795791,0.087315835,0.107222979,-0.151815536,-0.048920544,0.124601181,0.095287617,1.159479975,5.486900475,-9.196084027,-3.876083000,1.176017035,1.209314562
2.680000000,0.104279413,0.118815129,-0.118815129,-0.072787456,0.144990951,0.118801997,0.088051617,0.107925747,-0.152551405,-0.049282014,0.125550523,0.096276609,1.160186270,5.487036364,-9.205876519,-3.880757356,1.176691300,1.210151912
2.685000000,0.105014094,0.119528267,-0.119528267,-0.073198298,0.145961705,0.119811564,0.088789731,0.108634029,-0.153294991,-0.049648629,0.126504197,0.097268842,1.160831600,5.480662701,-9.201527795,-3.881003994,1.177257628,1.210972166
2.690000000,0.105751213,0.120243773,-0.120243773,-0.073610503,0.146935681,0.120824482,0.089530206,0.109347956,-0.154046002,-0.050022433,0.127462213,0.098265658,1.161973043,5.465131082,-9.185611526,-3.877287840,1.177409643,1.211775696
2.695000000,0.106490763,0.120961638,-0.120961638,-0.074024068,0.147912869,0.121840741,0.090273190,0.110065027,-0.154803932,-0.050403403,0.128424142,0.099266489,1.162400259,5.461626448,-9.168741996,-3.872632813,1.178155867,1.212506408
2.700000000,0.107232737,0.121681855,-0.121681855,-0.074438988,0.148893259,0.122860330,0.090869350,0.110640688,-0.155413485,-0.050714903,0.129196277,0.100069577,1.174422369,5.509708712,-9.286468721,-3.905733380,1.190405013,1.224153892
2.705000000,0.107977127,0.122404418,-0.122404418,-0.074855260,0.149876841,0.123883238,0.091617155,0.111360627,-0.156183008,-0.051104374,0.130165313,0.101088638,1.173671599,5.498322175,-9.276706786,-3.907133749,1.189690235,1.221810049
2.710000000,0.108723925,0.123129318,-0.123129318,-0.075272878,0.150863606,0.124909456,0.092519322,0.112236206,-0.157130152,-0.051563154,0.131345098,0.102359773,1.160267740,5.432807992,-9.091512533,-3.858127681,1.174588191,1.208976832
2.715000000,0.109473124,0.123856548,-0.123856548,-0.075691838,0.151853543,0.125938973,0.093274971,0.112971486,-0.157928463,-0.051959458,0.132337653,0.103376325,1.161826009,5.387128103,-9.025590468,-3.834081319,1.175465701,1.212984903
2.720000000,0.110224716,0.124586101,-0.124586101,-0.076112137,0.152846641,0.126971778,0.093881384,0.113555300,-0.158554235,-0.052309451,0.133129231,0.104172413,1.172595162,5.519777508,-9.118889132,-3.851737324,1.188666166,1.224992786
2.725000000,0.110978693,0.125317970,-0.125317970,-0.076533769,0.153842891,0.128007861,0.094794615,0.114420384,-0.159481193,-0.052851339,0.134314226,0.105408457,1.160061175,5.480793427,-8.956670621,-3.803914375,1.176278110,1.211333354
2.730200000,0.111765350,0.126081561,-0.126081561,-0.076973677,0.154882323,0.129088852,0.095559028,0.115146731,-0.160250885,-0.053305814,0.135308682,0.106442273,1.163144895,5.497473333,-8.950854605,-3.795236239,1.179544273,1.217284197
2.735000000,0.112493770,0.126788622,-0.126788622,-0.077381018,0.155844805,0.130089816,0.096325636,0.115874568,-0.161007211,-0.053768318,0.136302509,0.107456637,1.161893363,5.488555934,-8.925256928,-3.784256703,1.177613117,1.215282556
2.740000000,0.113254856,0.127527390,-0.127527390,-0.077806625,0.156850447,0.131135667,0.097094584,0.116603373,-0.161754440,-0.054225226,0.137297259,0.108484509,1.162704889,5.497022814,-8.946143060,-3.786600135,1.178960921,1.216810831
2.745000000,0.114018294,0.128268443,-0.128268443,-0.078233548,0.157859199,0.132184751,0.097865590,0.117333325,-0.162494014,-0.054669529,0.138292289,0.109510532,1.163746338,5.506560943,-8.996487198,-3.800592121,1.180060266,1.217780169
2.750000000,0.114784078,0.129011773,-0.129011773,-0.078661784,0.158871051,0.133237059,0.098483879,0.117918664,-0.163083213,-0.055011907,0.139089374,0.110335430,1.176522638,5.552439668,-9.179221285,-3.853155813,1.193172880,1.229928708
2.755000000,0.115552200,0.129757371,-0.129757371,-0.079091326,0.159885990,0.134292579,0.099414206,0.118803788,-0.163979906,-0.055482560,0.140290236,0.111605086,1.163964516,5.488663705,-9.138474144,-3.853820375,1.179330940,1.215397156
2.760000000,0.116322651,0.130505230,-0.130505230,-0.079522171,0.160904008,0.135351299,0.100192502,0.119553406,-0.164745028,-0.055848626,0.141303469,0.112671732,1.166147290,5.415980231,-9.154030859,-3.859655240,1.179309791,1.218554795
2.765000000,0.117095423,0.131255343,-0.131255343,-0.079954313,0.161925092,0.136413209,0.100816601,0.120154782,-0.165358434,-0.056147976,0.142114499,0.113492718,1.177650173,5.527824630,-9.328807066,-3.910794228,1.192654747,1.230973814
2.770000000,0.117870507,0.132007700,-0.132007700,-0.080387749,0.162949232,0.137478297,0.101755859,0.121053488,-0.166293216,-0.056586759,0.143331149,0.114763805,1.165039133,5.460416107,-9.218550140,-3.888067850,1.179401270,1.216843655
2.775000000,0.118647896,0.132762294,-0.132762294,-0.080822474,0.163976418,0.138546552,0.102541630,0.121811856,-0.167092578,-0.056950707,0.144354549,0.115832727,1.165781749,5.454016278,-9.197293390,-3.882292785,1.179685650,1.220258180
2.780000000,0.119427581,0.133519117,-0.133519117,-0.081258483,0.165006637,0.139617962,0.103329410,0.122571496,-0.167891959,-0.057343108,0.145376671,0.116867566,1.167129788,5.454492026,-9.164066963,-3.870118587,1.180829957,1.221610793
2.785000000,0.120209554,0.134278160,-0.134278160,-0.081695771,0.166039878,0.140692515,0.104119295,0.123329346,-0.168692714,-0.057753978,0.146396799,0.117915048,1.167893359,5.464121307,-9.139749941,-3.861237995,1.182438556,1.222824174
2.790000000,0.120993806,0.135039416,-0.135039416,-0.082134333,0.167076132,0.141770201,0.104911197,0.124086546,-0.169494578,-0.058176731,0.147416972,0.118969943,1.168781538,5.474041368,-9.118676139,-3.853406955,1.183494649,1.223851182
2.795000000,0.121780329,0.135802876,-0.135802876,-0.082574166,0.168115386,0.142851007,0.105546161,0.124692068,-0.170136821,-0.058520688,0.148234314,0.119817734,1.181823333,5.524948661,-9.245107645,-3.887795217,1.196914870,1.236294274
2.800000000,0.122569113,0.136568532,-0.136568532,-0.083015263,0.169157628,0.143934921,0.106501394,0.125604553,-0.171106534,-0.059035711,0.149465934,0.121121151,1.168757321,5.468401481,-9.088420965,-3.847437992,1.182652694,1.221471021
2.805000000,0.123360152,0.137336375,-0.137336375,-0.083457620,0.170202849,0.145021932,0.107300587,0.126373838,-0.171923211,-0.059470471,0.150504478,0.122215988,1.170550234,5.407394920,-9.020403423,-3.821706375,1.182968849,1.224744222
2.810000000,0.124153435,0.138106397,-0.138106397,-0.083901233,0.171251035,0.146112027,0.108102022,0.127139298,-0.172730246,-0.059927000,0.151543136,0.123276696,1.170161527,5.490157019,-9.018006468,-3.816728296,1.183928589,1.225673284
2.815000000,0.124948954,0.138878590,-0.138878590,-0.084346097,0.172302176,0.147205196,0.108744797,0.127745649,-0.173370250,-0.060294546,0.152373135,0.124131755,1.184154582,5.513261816,-9.152487400,-3.851209272,1.197863340,1.238494783
2.820400000,0.125810616,0.139714986,-0.139714986,-0.084827948,0.173440714,0.148389255,0.109712128,0.128656163,-0.174329892,-0.060835749,0.153621826,0.125447602,1.174575690,5.528475635,-9.097225123,-3.839892466,1.188761047,1.228227489
2.825000000,0.126546666,0.140429453,-0.140429453,-0.085239555,0.174413276,0.149400703,0.110359755,0.129268520,-0.174979888,-0.061178059,0.154463391,0.126345450,1.181843681,5.536273376,-9.183399636,-3.865635858,1.195635199,1.236704842
2.830000000,0.127348840,0.141208106,-0.141208106,-0.085688140,0.175473211,0.150503017,0.111334548,0.130198820,-0.175957948,-0.061693976,0.155733600,0.127665290,1.168707166,5.453689643,-9.029227131,-3.824118324,1.181073503,1.223208826
2.835000000,0.128153216,0.141988895,-0.141988895,-0.086137956,0.176536054,0.151608355,0.112149997,0.130981713,-0.176776380,-0.062128000,0.156798542,0.128757157,1.169575361,5.462527431,-9.015151040,-3.815880572,1.182118271,1.227284081
2.840000000,0.128959783,0.142771812,-0.142771812,-0.086588998,0.177601793,0.152716705,0.112967496,0.131760971,-0.177584420,-0.062576392,0.157858441,0.129827729,1.170324621,5.486427720,-9.024497231,-3.815077832,1.183944569,1.228435394
2.845000000,0.129768533,0.143556847,-0.143556847,-0.087041260,0.178670417,0.153828055,0.113786903,0.132537396,-0.178385524,-0.063027631,0.158914878,0.130910295,1.171564778,5.508546856,-9.045165787,-3.818957133,1.185255978,1.229809750
2.850000000,0.130579457,0.144343992,-0.144343992,-0.087494737,0.179741912,0.154942391,0.114608074,0.133315249,-0.179184482,-0.063473180,0.159970968,0.132000158,1.173892853,5.450366724,-9.061068666,-3.822939206,1.186666865,1.230888079
2.855200000,0.131425113,0.145164852,-0.145164852,-0.087967638,0.180859301,0.156104456,0.115431129,0.134094064,-0.179985259,-0.063907449,0.161028445,0.133096490,1.176417409,5.520416863,-9.141291814,-3.847663959,1.190006057,1.234211566
2.860000000,0.132207788,0.145924578,-0.145924578,-0.088405319,0.181893471,0.157179975,0.116256128,0.134871819,-0.180789724,-0.064329495,0.162088165,0.134197842,1.174467510,5.508800976,-9.146689736,-3.851852106,1.187823527,1.232151188
2.865000000,0.133025178,0.146717999,-0.146717999,-0.088862412,0.182973510,0.158303197,0.117083165,0.135656754,-0.181602437,-0.064743183,0.163153078,0.135308009,1.175300250,5.497324870,-9.168582644,-3.860709668,1.188195242,1.233300665
2.870000000,0.133844705,0.147513496,-0.147513496,-0.089320701,0.184056373,0.159429355,0.117912109,0.136448051,-0.182421977,-0.065155591,0.164221307,0.136415248,1.176583638,5.480021993,-9.179483035,-3.865797503,1.188486976,1.234143791
2.875000000,0.134666359,0.148311057,-0.148311057,-0.089780179,0.185142047,0.160558437,0.118743093,0.137242622,-0.183248977,-0.065568539,0.165292261,0.137527168,1.177183465,5.474575840,-9.186390715,-3.869303058,1.189313382,1.234911999
2.880000000,0.135490131,0.149110674,-0.149110674,-0.090240842,0.186230519,0.161690430,0.119576105,0.138039813,-0.184082300,-0.065985754,0.166365892,0.138643201,1.177845237,5.474826190,-9.184532900,-3.869664011,1.189852886,1.235651134
2.885000000,0.136316013,0.149912339,-0.149912339,-0.090702684,0.187321779,0.162825321,0.120411168,0.138838549,-0.184921889,-0.066408353,0.167442589,0.139762524,1.178389073,5.476831512,-9.176544934,-3.867981205,1.190326981,1.236369921
2.890000000,0.137143993,0.150716041,-0.150716041,-0.091165700,0.188415812,0.163963097,0.121248315,0.139639017,-0.185766827,-0.066838054,0.168522659,0.140885789,1.179034758,5.484307161,-9.162917753,-3.864099020,1.190445887,1.237055054
2.895000000,0.137974064,0.151521772,-0.151521772,-0.091629885,0.189512607,0.165103744,0.122087621,0.140441636,-0.186615841,-0.067276331,0.169606157,0.142012659,1.180609576,5.426188958,-9.130689286,-3.853526840,1.191157792,1.237730502
2.900000000,0.138806215,0.152329522,-0.152329522,-0.092095233,0.190612151,0.166247250,0.122760657,0.141084520,-0.187297671,-0.067632136,0.170475406,0.142916452,1.193046302,5.538981091,-9.278978488,-3.895517857,1.204390224,1.250557690
2.905000000,0.139640437,0.153139283,-0.153139283,-0.092561739,0.191714431,0.167393602,0.123604320,0.141886115,-0.188155140,-0.068075698,0.171565505,0.144067069,1.192895257,5.477243330,-9.256655912,-3.891756164,1.203272542,1.247400786
2.910000000,0.140476720,0.153951044,-0.153951044,-0.093029398,0.192819434,0.168542786,0.124621608,0.142859477,-0.189208100,-0.068596222,0.172891896,0.145492312,1.176210469,5.452790601,-9.073436723,-3.845155458,1.186113526,1.233122274
2.915000000,0.141315054,0.154764796,-0.154764796,-0.093498204,0.193927148,0.169694790,0.125472990,0.143673512,-0.190094442,-0.069037048,0.174005197,0.146632162,1.176996965,5.458494785,-9.026970357,-3.827098900,1.186755217,1.237390370
2.920000000,0.142155430,0.155580531,-0.155580531,-0.093968152,0.195037560,0.170849599,0.126326583,0.144484306,-0.190963606,-0.069517749,0.175113747,0.147752395,1.177351194,5.476638079,-8.976433057,-3.804232834,1.188336076,1.238350960
2.925000000,0.142997838,0.156398238,-0.156398238,-0.094439236,0.196150656,0.172007200,0.127182171,0.145293019,-0.191818325,-0.070019617,0.176219116,0.148886408,1.178156083,5.493657673,-8.952941940,-3.791549734,1.189467247,1.239483606
2.930000000,0.143842269,0.157217907,-0.157217907,-0.094911451,0.197266425,0.173167580,0.128039577,0.146101094,-0.192661569,-0.070527308,0.177323904,0.150024548,1.178850979,5.505966947,-8.948119127,-3.785528620,1.190451325,1.240496507
2.935000000,0.144688711,0.158039530,-0.158039530,-0.095384792,0.198384853,0.174330725,0.128898798,0.146910326,-0.193495906,-0.071030735,0.178429856,0.151169337,1.179812180,5.518646923,-8.966669946,-3.788180355,1.190872853,1.241312368
2.940000000,0.145537157,0.158863097,-0.158863097,-0.095859252,0.199505926,0.175496622,0.129587508,0.147559280,-0.194159677,-0.071423809,0.179316136,0.152087920,1.193944822,5.557532232,-9.145078932,-3.837998788,1.205193038,1.254523084
2.945000000,0.146387594,0.159688597,-0.159688597,-0.096334826,0.200629633,0.176665257,0.130623404,0.148539281,-0.195157496,-0.071986464,0.180649771,0.153490283,1.179692377,5.479627785,-9.052825159,-3.818607241,1.190253516,1.238785770
2.950000000,0.147240014,0.160516023,-0.160516023,-0.096811509,0.201755958,0.177836616,0.131489564,0.149364990,-0.195999535,-0.072433397,0.181772724,0.154670907,1.180695977,5.475549335,-9.071836112,-3.823298218,1.189883607,1.242040721
2.955000000,0.148094407,0.161345362,-0.161345362,-0.097289295,0.202884890,0.179010686,0.132357435,0.150190797,-0.196840075,-0.072879969,0.182895862,0.155817225,1.181306616,5.489198831,-9.109961225,-3.834870416,1.190812854,1.242822307
2.960000000,0.148950762,0.162176607,-0.162176607,-0.097768178,0.204016416,0.180187452,0.133053128,0.150850957,-0.197515192,-0.073230051,0.183793313,0.156740996,1.195740647,5.535346722,-9.297298176,-3.889756610,1.205375254,1.256343513
2.965000000,0.149809069,0.163009747,-0.163009747,-0.098248153,0.205150520,0.181366901,0.134099132,0.151845821,-0.198544603,-0.073729726,0.185142225,0.158154167,1.181575294,5.454426326,-9.200122038,-3.873923718,1.190013478,1.240449986
2.970000000,0.150669319,0.163844772,-0.163844772,-0.098729215,0.206287191,0.182549019,0.134973783,0.152683908,-0.199422322,-0.074137487,0.186277044,0.159339453,1.182140705,5.447865048,-9.181629017,-3.867788072,1.190067385,1.244123538
2.975000000,0.151531500,0.164681672,-0.164681672,-0.099211356,0.207426415,0.183733792,0.135850216,0.153521332,-0.200299543,-0.074571184,0.187410420,0.160492948,1.182889446,5.460445366,-9.162884265,-3.860583127,1.191096169,1.245024707
2.980000000,0.152395603,0.165520437,-0.165520437,-0.099694572,0.208568178,0.184921206,0.136728358,0.154356738,-0.201178745,-0.075019376,0.188541897,0.161658907,1.183743867,5.476943548,-9.148934138,-3.855600042,1.191927238,1.246026899
2.985000000,0.153261618,0.166361058,-0.166361058,-0.100178858,0.209712466,0.186111246,0.137432083,0.155024552,-0.201883798,-0.075385565,0.189447092,0.162595105,1.198175010,5.521728596,-9.285917074,-3.892715907,1.206564463,1.259539801
2.990000000,0.154129533,0.167203524,-0.167203524,-0.100664206,0.210859267,0.187303898,0.138313489,0.155862439,-0.202771895,-0.075843888,0.190581454,0.163787605,1.197331042,5.511676424,-9.275249732,-3.894360040,1.205021903,1.256402083
2.995000000,0.154999340,0.168047826,-0.168047826,-0.101150611,0.212008565,0.188499149,0.139198023,0.156709524,-0.203681644,-0.076288342,0.191729033,0.165024308,1.196680952,5.422806903,-9.231238752,-3.885900430,1.202735752,1.254715892
3.000000000,0.155871026,0.168893953,-0.168893953,-0.101638068,0.213160349,0.189696984,0.140263896,0.157734866,-0.204790531,-0.076831446,0.193121115,0.166491062,1.179716424,5.415155537,-9.015734524,-3.825954929,1.185580241,1.240737450
3.005000000,0.156744583,0.169741895,-0.169741895,-0.102126571,0.214314603,0.190897388,0.141154982,0.158585097,-0.205709608,-0.077317875,0.194284937,0.167676857,1.180629312,5.446234020,-8.940367931,-3.793599792,1.186763964,1.245060422
3.010000000,0.157619999,0.170591641,-0.170591641,-0.102616114,0.215471314,0.192100347,0.142047648,0.159426281,-0.206606075,-0.077844186,0.195439921,0.168834549,1.181517930,5.480241710,-8.897687031,-3.771777753,1.188923999,1.246615511
3.015000000,0.158497264,0.171443183,-0.171443183,-0.103106690,0.216630468,0.193305847,0.142941897,0.160262184,-0.207485498,-0.078382133,0.196588345,0.170007707,1.182583581,5.505798003,-8.892272406,-3.764188292,1.190711916,1.248061616
3.020000000,0.159376367,0.172296509,-0.172296509,-0.103598295,0.217792051,0.194513873,0.143837580,0.161096547,-0.208351287,-0.078916799,0.197734588,0.171187923,1.183908530,5.517690428,-8.908897826,-3.764599437,1.191896567,1.249287835
3.025000000,0.160257299,0.173151609,-0.173151609,-0.104090921,0.218956049,0.195724411,0.144734605,0.161933237,-0.209207846,-0.079437556,0.198881865,0.172375507,1.185057173,5.526643656,-8.952803637,-3.775883789,1.192589684,1.250260182
3.030000000,0.161140047,0.174008473,-0.174008473,-0.104584564,0.220122448,0.196937446,0.145633182,0.162774056,-0.210061148,-0.079934994,0.200031261,0.173568376,1.186383206,5.469621019,-9.005681505,-3.791704743,1.194139594,1.251113999
3.035000000,0.162024601,0.174867090,-0.174867090,-0.105079217,0.221291234,0.198152963,0.146353082,0.163449057,-0.210743668,-0.080316889,0.200952902,0.174525487,1.201532588,5.572025723,-9.226110351,-3.856183970,1.207879313,1.264901161
3.040000000,0.162910951,0.175727450,-0.175727450,-0.105574874,0.222462392,0.199370947,0.147434970,0.164462118,-0.211777742,-0.080853671,0.202340874,0.175991919,1.186527939,5.493263081,-9.155746528,-3.847081278,1.192044145,1.248092906
3.045000000,0.163799087,0.176589543,-0.176589543,-0.106071529,0.223635910,0.200591384,0.148158338,0.165147314,-0.212484343,-0.081188463,0.203276727,0.176987021,1.201501010,5.515890694,-9.336425386,-3.901011205,1.205603200,1.263965473
3.050000000,0.164688996,0.177453358,-0.177453358,-0.106569176,0.224811771,0.201814260,0.149245962,0.166184355,-0.213556588,-0.081692136,0.204684252,0.178448828,1.186039548,5.433093470,-9.202517769,-3.872086317,1.189539624,1.247550750
3.055200000,0.165616372,0.178353542,-0.178353542,-0.107087776,0.226037138,0.203088620,0.150155468,0.167055306,-0.214467016,-0.082119462,0.205865590,0.179677233,1.189235017,5.440478303,-9.196861061,-3.867219880,1.192851022,1.254005634
3.060000000,0.166474094,0.179186113,-0.179186113,-0.107567423,0.227170469,0.204267265,0.150884195,0.167750807,-0.215194798,-0.082481900,0.206807410,0.180629847,1.201337260,5.492998843,-9.306524870,-3.896782531,1.205204647,1.264841105
3.065000000,0.167369260,0.180055031,-0.180055031,-0.108068011,0.228353277,0.205497364,0.151979642,0.168791586,-0.216300359,-0.083025227,0.208218894,0.182104163,1.185905608,5.433765571,-9.137943595,-3.855950526,1.189869496,1.248956624
3.070000000,0.168266158,0.180925629,-0.180925629,-0.108569566,0.229538372,0.206729842,0.152895193,0.169663668,-0.217236871,-0.083482291,0.209402136,0.183335009,1.186684976,5.442562151,-9.085353649,-3.837057453,1.190221416,1.252900751
3.075000000,0.169164775,0.181797896,-0.181797896,-0.109072082,0.230725739,0.207964683,0.153812006,0.170532908,-0.218163182,-0.083977020,0.210581958,0.184531164,1.187595568,5.416855811,-9.025606652,-3.812592425,1.192568925,1.254154499
3.080000000,0.170065100,0.182671822,-0.182671822,-0.109575554,0.231915363,0.209201872,0.154729973,0.171396527,-0.219081306,-0.084490571,0.211758989,0.185741815,1.188849816,5.485098014,-9.009576506,-3.804024122,1.192888231,1.255351428
3.085000000,0.170967123,0.183547396,-0.183547396,-0.110079976,0.233107231,0.210441393,0.155465164,0.172083554,-0.219810251,-0.084905878,0.212700108,0.186715259,1.204243494,5.511566324,-9.154221327,-3.840445108,1.208654718,1.269462283
3.090000000,0.171870833,0.184424606,-0.184424606,-0.110585340,0.234301326,0.211683232,0.156570309,0.173115677,-0.220907604,-0.085510747,0.214115434,0.188202117,1.188293577,5.491390982,-9.023758203,-3.811012804,1.192026525,1.252872653
3.095000000,0.172776218,0.185303443,-0.185303443,-0.111091642,0.235497636,0.212927373,0.157494267,0.173982945,-0.221832350,-0.085998817,0.215306607,0.189451718,1.189037761,5.476465303,-8.998710065,-3.800232286,1.191758939,1.256564482
3.100000000,0.173683267,0.186183895,-0.186183895,-0.111598874,0.236696145,0.214173801,0.158419678,0.174853022,-0.222744286,-0.086510939,0.216498492,0.190665805,1.189824573,5.478694456,-8.979240670,-3.789080329,1.192638868,1.257535848
3.105000000,0.174591969,0.187065952,-0.187065952,-0.112107030,0.237896837,0.215422501,0.159346598,0.175723787,-0.223647767,-0.087028392,0.217689201,0.191894424,1.190701839,5.487476116,-8.991237683,-3.790156048,1.193460980,1.258391656
3.110000000,0.175502313,0.187949603,-0.187949603,-0.112616105,0.239099699,0.216673456,0.160275018,0.176594777,-0.224546196,-0.087539901,0.218879990,0.193127476,1.191592618,5.493160937,-9.015487951,-3.795810055,1.194078481,1.259180318
3.115000000,0.176414287,0.188834836,-0.188834836,-0.113126091,0.240304716,0.217926652,0.161204941,0.177467447,-0.225442336,-0.088041727,0.220072216,0.194364483,1.192480179,5.499100602,-9.049311759,-3.805638129,1.194369825,1.259886173
3.120000000,0.177327880,0.189721640,-0.189721640,-0.113636983,0.241511872,0.219182074,0.161949966,0.178167418,-0.226159526,-0.088435242,0.221027650,0.195356435,1.208033148,5.537305641,-9.236985935,-3.858640499,1.209392781,1.273940650
3.125000000,0.178243082,0.190610006,-0.190610006,-0.114148774,0.242721152,0.220439704,0.162882843,0.179047576,-0.227064650,-0.088907113,0.222226194,0.196621425,1.207071284,5.517722333,-9.289356891,-3.882423640,1.207225159,1.270138328
3.130000000,0.179159880,0.191499921,-0.191499921,-0.114661458,0.243932542,0.221699529,0.164006335,0.180118102,-0.228187690,-0.089425752,0.223683651,0.198188347,1.190081884,5.404545636,-9.155329751,-3.857205187,1.188864327,1.254246476
3.135200000,0.180115031,0.192427065,-0.192427065,-0.115195589,0.245194609,0.223012056,0.164945274,0.181018821,-0.229139309,-0.089862611,0.224907667,0.199439365,1.194064902,5.421700799,-9.154308058,-3.853356858,1.192191954,1.261517656
3.140000000,0.180998220,0.193284356,-0.193284356,-0.115689478,0.246361590,0.224225696,0.165697389,0.181734992,-0.229894111,-0.090241660,0.225881670,0.200419806,1.206393896,5.479708020,-9.254502087,-3.877181897,1.204949209,1.272505282
3.145000000,0.181919739,0.194178854,-0.194178854,-0.116204802,0.247579218,0.225492008,0.166827844,0.182804221,-0.231029697,-0.090826283,0.227340000,0.201948221,1.189969906,5.430497449,-9.058574160,-3.824708331,1.188917433,1.255601738
3.150000000,0.182842808,0.195074857,-0.195074857,-0.116720993,0.248798895,0.226760451,0.167772529,0.183697788,-0.231979558,-0.091332847,0.228561625,0.203222210,1.190455870,5.440195144,-8.989400867,-3.796499274,1.189446379,1.259426837
3.155000000,0.183767417,0.195972354,-0.195972354,-0.117238045,0.250020606,0.228031009,0.168718455,0.184587231,-0.232916655,-0.091865375,0.229777896,0.204453851,1.191512026,5.466253252,-8.965973317,-3.784134638,1.190947352,1.260762431
3.160000000,0.184693554,0.196871334,-0.196871334,-0.117755951,0.251244335,0.229303666,0.169665543,0.185472747,-0.233843717,-0.092404395,0.230989944,0.205697109,1.192611775,5.489442031,-8.963684692,-3.779369731,1.192076593,1.262083248
3.165000000,0.185621206,0.197771786,-0.197771786,-0.118274704,0.252470068,0.230578407,0.170613794,0.186357784,-0.234762765,-0.092942003,0.232201103,0.206947515,1.193627022,5.446880988,-8.965604878,-3.776283418,1.193984901,1.263074813
3.170000000,0.186550363,0.198673698,-0.198673698,-0.118794300,0.253697788,0.231855214,0.171563173,0.187242324,-0.235677523,-0.093468849,0.233413431,0.208203795,1.194845397,5.500480216,-9.005658393,-3.787566237,1.193677408,1.263958230
3.175000000,0.187481013,0.199577059,-0.199577059,-0.119314729,0.254927481,0.233134073,0.172513606,0.188125277,-0.236590297,-0.093980025,0.234627782,0.209464422,1.195897890,5.503184297,-9.044703242,-3.799048908,1.193971422,1.264726586
3.180000000,0.188413144,0.200481857,-0.200481857,-0.119835987,0.256159130,0.234414968,0.173274925,0.188834883,-0.237321026,-0.094380343,0.235601654,0.210475617,1.211936006,5.542399220,-9.237088227,-3.853574436,1.209013098,1.279084127
3.185000000,0.189346744,0.201388082,-0.201388082,-0.120358067,0.257392722,0.235697881,0.174418989,0.189908486,-0.238433162,-0.094946928,0.237070008,0.212029291,1.195436111,5.448545566,-9.137398881,-3.838732918,1.191230836,1.260868897
3.190000000,0.190281802,0.202295722,-0.202295722,-0.120880962,0.258628239,0.236982798,0.175183661,0.190634078,-0.239192528,-0.095305235,0.238061114,0.213082607,1.211114379,5.477168087,-9.301115919,-3.885189052,1.204864865,1.277238315
3.195000000,0.191218305,0.203204765,-0.203204765,-0.121404665,0.259865667,0.238269701,0.176332861,0.191726919,-0.240337351,-0.095857496,0.239549372,0.214622366,1.194242649,5.405236519,-9.133865544,-3.844164267,1.188612136,1.260105925
3.200000000,0.192156243,0.204115200,-0.204115200,-0.121929171,0.261104989,0.239558575,0.177293296,0.192641763,-0.241304119,-0.096328212,0.240794653,0.215898523,1.195337137,5.413495715,-9.085509536,-3.825688485,1.188998619,1.265016688
3.205000000,0.193095603,0.205027016,-0.205027016,-0.122454471,0.262346191,0.240849403,0.178254954,0.193551025,-0.242265062,-0.096826653,0.242033488,0.217155591,1.195670793,5.437255954,-9.062341360,-3.815725925,1.190690679,1.265663741
3.210000000,0.194036373,0.205940200,-0.205940200,-0.122980561,0.263589256,0.242142169,0.179217976,0.194455255,-0.243219863,-0.097342969,0.243266992,0.218425156,1.196462925,5.459101771,-9.037989467,-3.804539696,1.191763167,1.266819682
3.215000000,0.194978542,0.206854742,-0.206854742,-0.123507432,0.264834169,0.243436857,0.180182169,0.195357648,-0.244168869,-0.097871817,0.244499056,0.219698890,1.197247308,5.464415847,-9.017660869,-3.795154759,1.192618660,1.267714067
3.220000000,0.195922097,0.207770630,-0.207770630,-0.124035079,0.266080914,0.244733450,0.181147498,0.196259668,-0.245114072,-0.098404240,0.245732089,0.220977429,1.198051465,5.467048408,-9.011833409,-3.790964148,1.193101235,1.268483485
3.225000000,0.196867027,0.208687852,-0.208687852,-0.124563494,0.267329475,0.246031932,0.182114069,0.197162757,-0.246056321,-0.098934324,0.246966995,0.222260676,1.198795696,5.470980523,-9.018487972,-3.791416511,1.193335413,1.269121504
3.230000000,0.197813319,0.209606397,-0.209606397,-0.125092671,0.268579837,0.247332286,0.183081946,0.198066989,-0.246996815,-0.099458736,0.248204446,0.223547399,1.199469363,5.472837277,-9.032515914,-3.794671371,1.193433260,1.269701957
3.235000000,0.198760962,0.210526253,-0.210526253,-0.125622604,0.269831983,0.248634496,0.184051202,0.198973108,-0.247936532,-0.099976852,0.249444699,0.224836863,1.200050630,5.477745973,-9.051375026,-3.799848562,1.193353202,1.270250174
3.240000000,0.199709943,0.211447408,-0.211447408,-0.126153285,0.271085898,0.249938546,0.185021904,0.199881822,-0.248877493,-0.100487121,0.250687803,0.226129004,1.200454930,5.424262037,-9.066623355,-3.804192914,1.194542243,1.270701899
3.245000000,0.200660251,0.212369850,-0.212369850,-0.126684708,0.272341565,0.251244418,0.185993992,0.200790935,-0.249821447,-0.100988946,0.251933582,0.227423931,1.201216182,5.473550106,-9.098782570,-3.814946178,1.193499259,1.271171296
3.250000000,0.201611873,0.213293568,-0.213293568,-0.127216866,0.273598970,0.252552097,0.186967390,0.201699192,-0.250769164,-0.101483426,0.253181805,0.228720851,1.201691711,5.470678324,-9.116881040,-3.821282615,1.193303268,1.271618249
3.255000000,0.202564798,0.214218551,-0.214218551,-0.127749752,0.274858095,0.253861565,0.187747226,0.202428593,-0.251531238,-0.101876320,0.254182516,0.229759596,1.217886518,5.511543630,-9.296213276,-3.872305068,1.208356636,1.286085202
3.260000000,0.203519012,0.215144786,-0.215144786,-0.128283360,0.276118924,0.255172806,0.188723480,0.203345544,-0.252494601,-0.102358219,0.255438217,0.231083054,1.216663491,5.480219437,-9.307511147,-3.883020264,1.205624129,1.281911773
3.265000000,0.204474505,0.216072261,-0.216072261,-0.128817682,0.277381442,0.256485803,0.189898934,0.204460841,-0.253685977,-0.102912209,0.256965062,0.232718171,1.197576943,5.377937416,-9.111963556,-3.837105332,1.186173818,1.265328341
3.270000000,0.205431263,0.217000965,-0.217000965,-0.129352712,0.278645633,0.257800539,0.190881543,0.205396629,-0.254689504,-0.103395178,0.258246187,0.234035888,1.197806973,5.391683886,-9.042577362,-3.810754542,1.186075050,1.269220172
3.275000000,0.206389275,0.217930885,-0.217930885,-0.129888443,0.279911480,0.259116998,0.191668642,0.206140014,-0.255480970,-0.103816963,0.259264305,0.235057348,1.214091957,5.480748700,-9.162987032,-3.836685813,1.202366526,1.284381909
3.280000000,0.207348528,0.218862011,-0.218862011,-0.130424868,0.281178967,0.260435162,0.192851368,0.207248476,-0.256661110,-0.104469637,0.260783782,0.236637129,1.195929278,5.418754643,-8.950302927,-3.777484791,1.186800298,1.266573764
3.285000000,0.208309010,0.219794329,-0.219794329,-0.130961980,0.282448078,0.261755015,0.193839518,0.208174930,-0.257652307,-0.105005695,0.262054204,0.237961449,1.196860812,5.431424822,-8.920808213,-3.764589950,1.187219491,1.270597047
3.290000000,0.209270709,0.220727829,-0.220727829,-0.131499773,0.283718797,0.263076540,0.194828401,0.209096971,-0.258623836,-0.105568947,0.263320392,0.239247676,1.197731689,5.457449649,-8.890821648,-3.747620387,1.188220805,1.271671520
3.295000000,0.210233612,0.221662497,-0.221662497,-0.132038239,0.284991107,0.264399721,0.195818074,0.210015969,-0.259579513,-0.106142014,0.264583583,0.240546266,1.198679647,5.478371506,-8.893483011,-3.743393282,1.188935370,1.272773295
3.300000000,0.211197707,0.222598323,-0.222598323,-0.132577372,0.286264992,0.265724539,0.196808618,0.210934387,-0.260524523,-0.106707917,0.265846161,0.241850617,1.199525559,5.435459941,-8.914043536,-3.745842626,1.190723273,1.273569909
3.305000000,0.212162982,0.223535293,-0.223535293,-0.133117165,0.287540435,0.267050978,0.197799970,0.211851933,-0.261463895,-0.107255778,0.267109853,0.243159270,1.200847216,5.488042091,-8.972019685,-3.762757214,1.189913238,1.274313440
3.310000000,0.213129424,0.224473397,-0.224473397,-0.133657610,0.288817421,0.268379021,0.198792117,0.212768964,-0.262400259,-0.107784422,0.268375489,0.244471693,1.201818343,5.483448574,-9.023221607,-3.778015438,1.189924642,1.274936307
3.315000000,0.214097021,0.225412621,-0.225412621,-0.134198701,0.290095933,0.269708651,0.199586627,0.213506042,-0.263151044,-0.108192995,0.269390043,0.245523496,1.218869375,5.520388673,-9.241392083,-3.841014645,1.205288282,1.289698852
3.320000000,0.215065760,0.226352955,-0.226352955,-0.134740431,0.291375955,0.271039851,0.200581172,0.214433644,-0.264098943,-0.108682265,0.270662355,0.246858384,1.217688251,5.483642407,-9.292999052,-3.864099112,1.203030341,1.285988936
3.325000000,0.216035629,0.227294385,-0.227294385,-0.135282793,0.292657469,0.272372604,0.201578513,0.215374306,-0.265076041,-0.109137253,0.271950075,0.248244284,1.215557764,5.435925898,-9.320203678,-3.882186110,1.199086198,1.283496389
3.330000000,0.217006616,0.228236900,-0.228236900,-0.135825779,0.293940460,0.273706892,0.202779033,0.216515653,-0.266281159,-0.109670924,0.273510532,0.249882820,1.196754172,5.344410270,-9.132934187,-3.837932854,1.180557268,1.267720545
3.335200000,0.218017613,0.229218253,-0.229218253,-0.136391141,0.295276319,0.275096162,0.203781687,0.217469330,-0.267298099,-0.110137936,0.274812553,0.251200426,1.199707416,5.333514568,-9.107694132,-3.824968573,1.186476397,1.275372103
3.340000000,0.218951891,0.230125135,-0.230125135,-0.136913599,0.296510805,0.276380006,0.204784608,0.218411691,-0.268302766,-0.110652177,0.276102775,0.252500239,1.198302763,5.415417082,-9.028820390,-3.797082380,1.183243696,1.272809457
3.345000000,0.219926154,0.231070831,-0.231070831,-0.137458418,0.297798125,0.277718797,0.205787672,0.219343489,-0.269298542,-0.111193398,0.277386225,0.253813303,1.199837661,5.451508180,-8.984656070,-3.777908046,1.183957473,1.274900377
3.350000000,0.220901485,0.232017563,-0.232017563,-0.138003834,0.299086857,0.279059055,0.206791228,0.220273580,-0.270284888,-0.111752208,0.278665403,0.255124969,1.201017208,5.451314462,-8.955539298,-3.764919679,1.184954792,1.275974873
3.355200000,0.221916948,0.233003249,-0.233003249,-0.138571693,0.300428615,0.280454460,0.207795565,0.221205212,-0.271263513,-0.112317027,0.279942930,0.256444401,1.205263442,5.459530143,-8.977046497,-3.766959558,1.188895857,1.279807797
3.360000000,0.222855298,0.233914085,-0.233914085,-0.139096429,0.301668483,0.281743901,0.208800814,0.222138326,-0.272236009,-0.112879698,0.281221148,0.257774576,1.201995975,5.445028417,-8.945798745,-3.756702845,1.186039530,1.276657600
3.365000000,0.223833755,0.234863851,-0.234863851,-0.139643593,0.302961344,0.283088455,0.209807254,0.223073344,-0.273205812,-0.113432850,0.282502160,0.259106434,1.202986806,5.445954139,-8.960874955,-3.759093599,1.186253930,1.278068320
3.370000000,0.224813228,0.235814604,-0.235814604,-0.140191325,0.304255549,0.284434405,0.210814490,0.224008709,-0.274170667,-0.113978818,0.283784412,0.260434782,1.203770246,5.447358852,-8.986416694,-3.765256038,1.186572566,1.278644307
3.375000000,0.225793706,0.236766332,-0.236766332,-0.140739619,0.305551080,0.285781735,0.211822717,0.224945378,-0.275132813,-0.114515325,0.285067991,0.261768737,1.203199290,5.402510399,-9.013154962,-3.772218102,1.188493077,1.279110202
3.380000000,0.226775175,0.237719022,-0.237719022,-0.141288468,0.306847922,0.287130428,0.212629732,0.225694075,-0.275903397,-0.114934525,0.286096601,0.262837702,1.222446834,5.507232218,-9.224454217,-3.832049187,1.201792045,1.294086586
3.385000000,0.227757622,0.238672661,-0.238672661,-0.141837864,0.308146056,0.288480465,0.213639080,0.226629479,-0.276874824,-0.115437309,0.287386357,0.264199341,1.221151819,5.483872192,-9.272016902,-3.853779471,1.199545269,1.289766317
3.390000000,0.228741035,0.239627238,-0.239627238,-0.142387799,0.309445467,0.289831829,0.214854094,0.227768813,-0.278075748,-0.116003227,0.288954314,0.265882532,1.201568234,5.373575093,-9.105668141,-3.818430692,1.179220321,1.272654219
3.395000000,0.229725402,0.240582741,-0.240582741,-0.142938268,0.310746137,0.291184503,0.215868813,0.228727254,-0.279093190,-0.116481056,0.290271304,0.267227758,1.202480590,5.372818010,-9.065554288,-3.803577404,1.179303220,1.277195699
3.400000000,0.230710708,0.241539156,-0.241539156,-0.143489263,0.312048049,0.292538469,0.216884331,0.229680826,-0.280100045,-0.116999487,0.291578970,0.268543538,1.202915858,5.396478340,-9.025175754,-3.786307260,1.180938525,1.278219295
3.405000000,0.231696942,0.242496471,-0.242496471,-0.144040776,0.313351187,0.293893710,0.217900754,0.230628840,-0.281097517,-0.117543649,0.292878236,0.269874489,1.203469808,5.416096049,-8.994777893,-3.772553823,1.182255894,1.279294472
3.410000000,0.232684091,0.243454674,-0.243454674,-0.144592800,0.314655533,0.295250207,0.218917912,0.231573663,-0.282089095,-0.118097299,0.294173457,0.271209378,1.204192413,5.426943744,-8.982275707,-3.765803379,1.183066940,1.280199166
3.415000000,0.233672141,0.244413753,-0.244413753,-0.145145329,0.315961071,0.296607944,0.219935836,0.232517904,-0.283075873,-0.118652814,0.295467573,0.272550142,1.203593195,5.389111273,-8.975589404,-3.760955073,1.185268047,1.280804911
3.420000000,0.234661081,0.245373694,-0.245373694,-0.145698355,0.317267783,0.297966902,0.220954178,0.233460150,-0.284059219,-0.119204668,0.296762790,0.273894969,1.205689480,5.452727234,-8.993101842,-3.764928044,1.183760109,1.281431278
3.425000000,0.235650896,0.246334486,-0.246334486,-0.146251871,0.318575653,0.299327064,0.221972763,0.234400096,-0.285040233,-0.119749340,0.298060646,0.275242482,1.206707852,5.458156056,-9.008304110,-3.768385347,1.182893820,1.281948304
3.430000000,0.236641575,0.247296115,-0.247296115,-0.146805870,0.319884664,0.300688413,0.222788264,0.235155145,-0.285824409,-0.120181581,0.299101437,0.276322435,1.224270292,5.485562289,-9.189481876,-3.817503422,1.198379763,1.296914168
3.435000000,0.237633104,0.248258570,-0.248258570,-0.147360344,0.321194798,0.302050929,0.224013888,0.236296486,-0.287009059,-0.120813373,0.300667104,0.277979977,1.204784699,5.392228051,-9.041065067,-3.785159420,1.180034920,1.277264512
3.440000000,0.238625470,0.249221838,-0.249221838,-0.147915287,0.322506039,0.303414597,0.225037903,0.237257412,-0.288016759,-0.121315456,0.301982760,0.279357816,1.205314148,5.377830717,-9.039764038,-3.784873792,1.179853667,1.281127692
3.445000000,0.239618661,0.250185906,-0.250185906,-0.148470690,0.323818368,0.304779397,0.225857777,0.238025223,-0.288817817,-0.121732362,0.303032679,0.280424304,1.222442787,5.442289262,-9.201692286,-3.825759592,1.196418694,1.296375236
3.450000000,0.240612663,0.251150762,-0.251150762,-0.149026547,0.325131770,0.306145312,0.226883546,0.238982517,-0.289814945,-0.122268817,0.304343252,0.281790737,1.221055716,5.442450937,-9.179700931,-3.819655739,1.194531675,1.292763455
3.455000000,0.241607464,0.252116392,-0.252116392,-0.149582851,0.326446227,0.307512324,0.228117736,0.240139767,-0.291036705,-0.122889785,0.305930255,0.283489156,1.199618230,5.302120649,-8.988745483,-3.774262669,1.176653755,1.275294564
3.460200000,0.242642889,0.253121457,-0.253121457,-0.150161873,0.327814363,0.308935162,0.229147776,0.241106240,-0.292062888,-0.123411936,0.307260547,0.284849020,1.205455135,5.390205406,-8.990004371,-3.768224219,1.178529103,1.282983135
3.465000000,0.243599408,0.254049928,-0.254049928,-0.150696769,0.329078237,0.310249569,0.230177524,0.242060923,-0.293072452,-0.123965252,0.308582181,0.286185321,1.202688500,5.421413014,-8.930574176,-3.745999586,1.175380129,1.280047950
3.470000000,0.244596526,0.255017808,-0.255017808,-0.151254368,0.330395756,0.311619766,0.231207977,0.243012923,-0.294070931,-0.124534118,0.309899198,0.287534760,1.203648902,5.423743545,-8.909830136,-3.734447816,1.176209317,1.281883635
3.475000000,0.245594390,0.255986412,-0.255986412,-0.151812385,0.331714261,0.312990988,0.232239084,0.243965360,-0.295058200,-0.125110715,0.311212347,0.288881812,1.204464345,5.423851676,-8.907288051,-3.729419921,1.176989091,1.282735380
3.480000000,0.246592988,0.256955729,-0.256955729,-0.152370812,0.333033735,0.314363218,0.233270807,0.244918039,-0.296038266,-0.125681005,0.312523386,0.290235588,1.205323242,5.424495048,-8.932231431,-3.734812488,1.177576668,1.283456628
3.485000000,0.247592306,0.257925744,-0.257925744,-0.152929642,0.334354161,0.315736438,0.234303103,0.245871039,-0.297014787,-0.126236264,0.313833940,0.291592844,1.206210158,5.422299854,-8.972205938,-3.746110583,1.177917024,1.284052388
3.490000000,0.248592331,0.258896446,-0.258896446,-0.153488868,0.335675521,0.317110629,0.235129405,0.246634404,-0.297795540,-0.126668389,0.314882707,0.292680786,1.224368806,5.477392173,-9.182940049,-3.804739629,1.193498567,1.299260437
3.495000000,0.249593050,0.259867822,-0.259867822,-0.154048481,0.336997798,0.318485774,0.236369949,0.247784729,-0.298978745,-0.127286956,0.316462784,0.294357192,1.203637674,5.327775922,-9.057471115,-3.780980564,1.176391522,1.279034518
3.500000000,0.250594450,0.260839858,-0.260839858,-0.154608475,0.338320975,0.319861855,0.237198673,0.248559088,-0.299786734,-0.127674829,0.317527597,0.295477247,1.223097862,5.413460064,-9.250364566,-3.836024276,1.188897845,1.297452536
3.505000000,0.251596517,0.261812543,-0.261812543,-0.155168843,0.339645035,0.321238854,0.238442693,0.249717329,-0.301001616,-0.128266868,0.319123630,0.297115534,1.203528689,5.367130757,-9.085859773,-3.796144423,1.171240160,1.279109081
3.510000000,0.252599240,0.262785863,-0.262785863,-0.155729576,0.340969959,0.322616752,0.239480998,0.250685944,-0.302027857,-0.128763822,0.320458308,0.298495421,1.204781086,5.360576700,-9.051930892,-3.783462989,1.171562141,1.283305178
3.515600000,0.253723050,0.263876721,-0.263876721,-0.156358024,0.342454880,0.324161044,0.240519479,0.251652589,-0.303047128,-0.129291825,0.321785916,0.299843145,1.216184577,5.400720349,-9.123410557,-3.798220851,1.181951939,1.292888519
3.520200000,0.254646769,0.264773354,-0.264773354,-0.156874578,0.343675415,0.325430379,0.241558215,0.252616829,-0.304065155,-0.129831992,0.323109738,0.301220634,1.208617335,5.378771165,-9.035361630,-3.775083724,1.174726296,1.284692541
3.525000000,0.255611204,0.265709509,-0.265709509,-0.157413901,0.344949749,0.326755664,0.242597912,0.253582807,-0.305089976,-0.130371625,0.324437879,0.302608077,1.205078433,5.367903984,-8.970231402,-3.754923276,1.171124663,1.283224903
3.530000000,0.256616414,0.266685244,-0.266685244,-0.157976025,0.346277960,0.328136980,0.243638111,0.254547473,-0.306109473,-0.130925345,0.325764699,0.303969746,1.205707301,5.380725250,-8.945709723,-3.743469801,1.171705583,1.284645171
3.535000000,0.257622212,0.267661550,-0.267661550,-0.158538479,0.347606948,0.329519105,0.244678702,0.255509597,-0.307118297,-0.131494107,0.327087619,0.305331851,1.205025290,5.352315903,-8.925197853,-3.732500468,1.174197693,1.285323955
3.540000000,0.258628586,0.268638414,-0.268638414,-0.159101255,0.348936697,0.330902021,0.245719367,0.256467647,-0.308119154,-0.132065642,0.328408749,0.306698688,1.207022575,5.421232560,-8.934751268,-3.732722107,1.172825557,1.286030518
3.545000000,0.259635522,0.269615825,-0.269615825,-0.159664345,0.350267189,0.332285710,0.246759894,0.257422228,-0.309114831,-0.132630068,0.329730740,0.308068485,1.208088555,5.428578252,-8.950164507,-3.735482622,1.171974137,1.286575549
3.550000000,0.260643008,0.270593768,-0.270593768,-0.160227742,0.351598407,0.333670153,0.247801010,0.258380605,-0.310107677,-0.133187060,0.331055087,0.309441691,1.208830102,5.407852100,-8.968168702,-3.740069662,1.171686553,1.286967331
3.555000000,0.261651029,0.271572232,-0.271572232,-0.160791439,0.352930333,0.335055333,0.248634478,0.259150588,-0.310901696,-0.133625489,0.332116006,0.310541729,1.226950495,5.439600920,-9.161475670,-3.792742807,1.187448707,1.302104823
3.560000000,0.262659573,0.272551203,-0.272551203,-0.161355428,0.354262949,0.336441231,0.249886267,0.260311207,-0.312099854,-0.134263923,0.333711485,0.312232462,1.206930740,5.353995777,-9.023153080,-3.763719475,1.168433585,1.281841441
3.565000000,0.263668626,0.273530668,-0.273530668,-0.161919702,0.355596239,0.337827828,0.250722522,0.261091552,-0.312914128,-0.134669435,0.334783863,0.313352138,1.224933502,5.392960512,-9.198999719,-3.811277093,1.184407923,1.300897140
3.570000000,0.264678175,0.274510615,-0.274510615,-0.162484253,0.356930183,0.339215108,0.251977691,0.262260754,-0.314135683,-0.135290671,0.336390577,0.315011645,1.205400000,5.329565640,-9.021254129,-3.766872321,1.166196476,1.281656228
3.575000000,0.265688207,0.275491030,-0.275491030,-0.163049074,0.358264766,0.340603050,0.253025387,0.263237739,-0.315170722,-0.135796594,0.337734241,0.316402436,1.205075464,5.295606312,-9.008624814,-3.762137401,1.168168380,1.285921439
3.580000000,0.266698709,0.276471902,-0.276471902,-0.163614158,0.359599969,0.341991638,0.253863352,0.264014621,-0.315991778,-0.136221769,0.338804911,0.317486669,1.225314632,5.412584399,-9.164282573,-3.799892062,1.182061639,1.301468195
3.585000000,0.267709666,0.277453215,-0.277453215,-0.164179497,0.360935775,0.343380853,0.255120656,0.265174158,-0.317219874,-0.136874868,0.340407745,0.319166228,1.204712997,5.366471325,-8.966286263,-3.748747876,1.164109649,1.281897522
3.590000000,0.268721067,0.278434959,-0.278434959,-0.164745084,0.362272166,0.344770676,0.255960314,0.265951511,-0.318044927,-0.137312991,0.341483720,0.320292893,1.222983065,5.400554142,-9.092844235,-3.776349557,1.179317427,1.300589346
3.595000000,0.269732897,0.279417120,-0.279417120,-0.165310910,0.363609124,0.346161090,0.257220975,0.267119016,-0.319275691,-0.137986454,0.343095864,0.321963479,1.202622983,5.339852980,-8.901572686,-3.726991196,1.161100911,1.281051428
3.600200000,0.270785641,0.280438995,-0.280438995,-0.165899617,0.365000144,0.347607726,0.258272836,0.268095293,-0.320306863,-0.138543219,0.344445171,0.323356573,1.207282786,5.355136775,-8.899754186,-3.719612003,1.164448031,1.288607022
3.605000000,0.271757792,0.281382640,-0.281382640,-0.166443255,0.366284673,0.348943614,0.259324761,0.269067029,-0.321320773,-0.139122977,0.345786938,0.324718126,1.203734195,5.365625424,-8.852153160,-3.701350204,1.161924737,1.285449393
3.610000000,0.272770830,0.282365974,-0.282365974,-0.167009757,0.367623228,0.350335688,0.260377009,0.270034858,-0.322323680,-0.139704664,0.347123724,0.326095393,1.204622284,5.379715439,-8.860207885,-3.699251425,1.162761113,1.286924905
3.615000000,0.273784245,0.283349673,-0.283349673,-0.167576470,0.368962280,0.351728279,0.261429360,0.271000662,-0.323315423,-0.140282838,0.348456213,0.327468838,1.204377627,5.343973461,-8.883831920,-3.702792023,1.165275598,1.287487430
3.620000000,0.274798022,0.284333724,-0.284333724,-0.168143386,0.370301812,0.353121368,0.262481423,0.271963670,-0.324300697,-0.140847695,0.349787033,0.328846235,1.206753512,5.404589821,-8.934274208,-3.716941003,1.163848931,1.288129597
3.625000000,0.275812149,0.285318114,-0.285318114,-0.168710497,0.371641805,0.354514937,0.263532899,0.272924619,-0.325283547,-0.141395476,0.351118832,0.330226665,1.208251361,5.402610125,-8.980408647,-3.730583657,1.162927064,1.288583617
3.630000000,0.276826611,0.286302830,-0.286302830,-0.169277796,0.372982242,0.355908969,0.264584504,0.273890364,-0.326268496,-0.141928497,0.352453164,0.331609304,1.209419641,5.374287281,-9.023325615,-3.744695905,1.162547256,1.288944265
3.635000000,0.277841397,0.287287859,-0.287287859,-0.169845275,0.374323105,0.357303443,0.265636505,0.274861173,-0.327259500,-0.142446895,0.353789075,0.332993898,1.210313325,5.351652171,-9.064068727,-3.759044598,1.162345707,1.289218513
3.640000000,0.278856491,0.288273189,-0.288273189,-0.170412927,0.375664377,0.358698343,0.266478431,0.275640000,-0.328057501,-0.142853813,0.354857971,0.334102816,1.227783222,5.347317105,-9.262747771,-3.814304125,1.180114585,1.304322841
3.645000000,0.279871882,0.289258806,-0.289258806,-0.170980745,0.377006040,0.360093649,0.267742134,0.276809318,-0.329272928,-0.143443664,0.356464795,0.335800046,1.208765841,5.316657722,-9.134618168,-3.792442537,1.158971170,1.284212149
3.650000000,0.280887554,0.290244696,-0.290244696,-0.171548721,0.378348076,0.361489343,0.268796131,0.277787592,-0.330309256,-0.143925419,0.357816115,0.337209392,1.209587309,5.312061357,-9.100960453,-3.781204318,1.157981348,1.288199131
3.655000000,0.281903496,0.291230848,-0.291230848,-0.172116847,0.379690467,0.362885406,0.269850203,0.278765537,-0.331344803,-0.144438722,0.359163385,0.338582430,1.208464783,5.279130351,-9.059624780,-3.766647715,1.160358644,1.288399455
3.660000000,0.282919693,0.292217248,-0.292217248,-0.172685116,0.381033196,0.364281821,0.270904252,0.279739711,-0.332381516,-0.144969988,0.360505605,0.339965167,1.210000893,5.343302456,-9.032135743,-3.757535952,1.159025065,1.289052954
3.665000000,0.283936133,0.293203883,-0.293203883,-0.173253520,0.382376245,0.365678569,0.271957984,0.280709825,-0.333416482,-0.145517581,0.361845890,0.341350401,1.210476000,5.355099491,-8.990533005,-3.742289403,1.158167318,1.289510346
3.670000000,0.284952801,0.294190740,-0.294190740,-0.173822053,0.383719596,0.367075631,0.272801133,0.281486821,-0.334242394,-0.145966813,0.362918462,0.342460276,1.229192530,5.389313268,-9.132267201,-3.777020884,1.173572304,1.304788980
3.675000000,0.285969685,0.295177806,-0.295177806,-0.174390705,0.385063232,0.368472988,0.274067222,0.282656738,-0.335486736,-0.146635421,0.364530394,0.344163283,1.207826067,5.311948278,-8.943212004,-3.732192170,1.154432370,1.284479143
3.680000000,0.286986770,0.296165068,-0.296165068,-0.174959471,0.386407135,0.369870624,0.275123998,0.283637679,-0.336528838,-0.147199645,0.365885421,0.345579542,1.207657949,5.318200585,-8.867234769,-3.701414093,1.153683963,1.288377195
3.685000000,0.288004044,0.297152513,-0.297152513,-0.175528342,0.387751286,0.371268518,0.276181154,0.284614792,-0.337556130,-0.147789610,0.367234862,0.346951933,1.207519460,5.338468525,-8.838075451,-3.687595528,1.154287245,1.288835520
3.690000000,0.289021493,0.298140128,-0.298140128,-0.176097311,0.389095669,0.372666652,0.277238873,0.285587316,-0.338570101,-0.148386217,0.368578384,0.348336702,1.207516306,5.354168354,-8.829354154,-3.679859743,1.154745376,1.289398613
3.695000000,0.290039103,0.299127900,-0.299127900,-0.176666370,0.390440265,0.374065009,0.278297149,0.286557819,-0.339572806,-0.148978578,0.369918972,0.349724250,1.206563529,5.318481038,-8.843633245,-3.680467647,1.156772173,1.289715988
3.700400000,0.291138288,0.300194854,-0.300194854,-0.177281047,0.391892648,0.375575462,0.279355473,0.287525541,-0.340567632,-0.149557697,0.371259107,0.351113564,1.215655894,5.396780821,-8.952562076,-3.709223212,1.161039918,1.296066449
3.705000000,0.292074754,0.301103861,-0.301103861,-0.177804729,0.393130026,0.376862314,0.280413600,0.288491195,-0.341561814,-0.150112126,0.372601972,0.352519791,1.208026292,5.367810209,-8.936402646,-3.709652393,1.152215650,1.287944481
3.710000000,0.293092769,0.302092025,-0.302092025,-0.178374014,0.394475156,0.378261226,0.281472649,0.289463572,-0.342561700,-0.150646507,0.373951605,0.353924418,1.208628315,5.336689360,-8.964647662,-3.718067295,1.151354601,1.289423008
3.715000000,0.294110891,0.303080293,-0.303080293,-0.178943360,0.395820428,0.379660285,0.282532121,0.290439548,-0.343560184,-0.151179184,0.375300416,0.355308940,1.209211927,5.323340598,-8.990461045,-3.725422239,1.151228139,1.289746677
3.720000000,0.295129107,0.304068652,-0.304068652,-0.179512758,0.397165825,0.381059474,0.283591840,0.291416388,-0.344559543,-0.151708036,0.376646961,0.356697719,1.209773262,5.315559208,-9.015593191,-3.733051188,1.151164036,1.290079147
3.725000000,0.296147404,0.305057091,-0.305057091,-0.180082201,0.398511329,0.382458774,0.284651661,0.292393222,-0.345562766,-0.152230528,0.377991747,0.358087980,1.210345473,5.309772123,-9.040401801,-3.741517492,1.151027264,1.290317732
3.730000000,0.297165768,0.306045594,-0.306045594,-0.180651682,0.399856921,0.383858167,0.285711459,0.293369974,-0.346571587,-0.152748199,0.379335680,0.359479733,1.210848431,5.303891064,-9.055527494,-3.747166413,1.150742909,1.290508888
3.735000000,0.298184186,0.307034150,-0.307034150,-0.181221193,0.401202585,0.385257634,0.286771257,0.294347199,-0.347586667,-0.153264650,0.380679234,0.360872734,1.210057065,5.259742110,-9.058850732,-3.748822294,1.152328246,1.290612026
3.740200000,0.299243384,0.308062289,-0.308062289,-0.181813508,0.402602131,0.386713138,0.287830665,0.295323027,-0.348607985,-0.153782521,0.382023366,0.362266458,1.215283298,5.320237263,-9.094506724,-3.759581379,1.153141839,1.293791592
3.745000000,0.300221131,0.309011366,-0.309011366,-0.182360275,0.403894054,0.388056715,0.288677676,0.296101121,-0.349429968,-0.154196858,0.383099873,0.363383765,1.230836519,5.352128760,-9.227887875,-3.796348496,1.163748723,1.305195922
3.750000000,0.301239630,0.310000000,-0.310000000,-0.182929831,0.405239824,0.389456293,0.289949372,0.297274282,-0.350680422,-0.154811928,0.384722122,0.365102104,1.208516564,5.267143090,-9.035490467,-3.753167753,1.143960302,1.284937839
3.755000000,0.302258129,0.310988634,-0.310988634,-0.183499387,0.406585595,0.390855871,0.291011575,0.298259210,-0.351736238,-0.155336579,0.386083819,0.366511922,1.207627508,5.266564828,-8.954890396,-3.723429120,1.143615196,1.289255679
3.760000000,0.303276614,0.311977255,-0.311977255,-0.184068936,0.407931347,0.392255430,0.292074023,0.299240917,-0.352780214,-0.155902976,0.387438477,0.367887349,1.207354740,5.287053470,-8.888706761,-3.698042478,1.143977451,1.289550677
3.765000000,0.304295073,0.312965850,-0.312965850,-0.184638469,0.409277064,0.393654952,0.292923984,0.300022926,-0.353607501,-0.156372442,0.388517085,0.368998184,1.225633875,5.351099242,-9.023590080,-3.728311642,1.160449560,1.304930086
3.770000000,0.305313491,0.313954406,-0.313954406,-0.185207980,0.410622728,0.395054419,0.294199437,0.301192495,-0.354847973,-0.157064451,0.390133192,0.370689457,1.204473216,5.287728993,-8.854603009,-3.688546487,1.141652347,1.285422502
3.775000000,0.306331855,0.314942909,-0.314942909,-0.185777461,0.411968320,0.396453811,0.295264031,0.302171303,-0.355885828,-0.157631514,0.391488186,0.372100270,1.203290165,5.255506931,-8.810845194,-3.668394131,1.143145453,1.289332675
3.780000000,0.307350152,0.315931348,-0.315931348,-0.186346904,0.413313824,0.397853112,0.296115168,0.302950936,-0.356701132,-0.158106033,0.392569440,0.373200073,1.224007968,5.364613059,-8.961791367,-3.702201473,1.156288106,1.304635581
3.785000000,0.308368369,0.316919707,-0.316919707,-0.186916302,0.414659220,0.399252301,0.297391158,0.304114402,-0.357908885,-0.158819647,0.394189966,0.374905874,1.202237463,5.327104243,-8.796985740,-3.658985680,1.137530501,1.284252099
3.790000000,0.309386491,0.317907975,-0.317907975,-0.187485647,0.416004493,0.400651360,0.298455662,0.305088354,-0.358918615,-0.159391536,0.395548602,0.376316250,1.203239344,5.311946631,-8.806003884,-3.657981053,1.137125064,1.288431881
3.795200000,0.310445223,0.318935663,-0.318935663,-0.188077703,0.417403424,0.402106225,0.299307092,0.305867627,-0.359715182,-0.159854036,0.396631773,0.377412792,1.226552393,5.361322642,-9.025162082,-3.712613850,1.156102460,1.306651775
3.800000000,0.311422398,0.319884185,-0.319884185,-0.188624150,0.418694592,0.403449017,0.300584551,0.307036887,-0.360903864,-0.160530444,0.398253543,0.379105636,1.201603427,5.281670857,-8.877805085,-3.680727222,1.134103904,1.283228926
3.805000000,0.312440156,0.320872100,-0.320872100,-0.189193292,0.420039384,0.404847577,0.301437218,0.307821361,-0.361710040,-0.160949214,0.399343162,0.380258850,1.220733520,5.313900792,-9.075420474,-3.734552855,1.149276187,1.301266648
3.810000000,0.313457767,0.321859872,-0.321859872,-0.189762351,0.421383980,0.406245934,0.302715608,0.308996832,-0.362914205,-0.161582240,0.400973431,0.381925252,1.200793816,5.249495978,-8.929313688,-3.699015126,1.131116375,1.282872498
3.815000000,0.314475215,0.322847487,-0.322847487,-0.190331320,0.422728363,0.407644068,0.303781385,0.309979583,-0.363926965,-0.162100716,0.402333919,0.383327476,1.201176674,5.212668160,-8.932424305,-3.697081166,1.133479909,1.286824860
3.820000000,0.315492489,0.323834932,-0.323834932,-0.190900191,0.424072514,0.409041962,0.304632977,0.310761153,-0.364731177,-0.162527000,0.403414695,0.384416519,1.223101101,5.318054264,-9.112322173,-3.742716590,1.147453846,1.302550931
3.825000000,0.316509575,0.324822194,-0.324822194,-0.191468956,0.425416417,0.410439597,0.305696277,0.311731730,-0.365740921,-0.163047120,0.404759413,0.385819570,1.222413705,5.312671740,-9.155242980,-3.762474266,1.145667090,1.298166725
3.830000000,0.317526458,0.325809260,-0.325809260,-0.192037609,0.426760052,0.411836955,0.306973812,0.312904960,-0.366982160,-0.163641350,0.406385805,0.387550154,1.200231974,5.221512165,-8.970018478,-3.719962278,1.126093129,1.280955386
3.835000000,0.318543126,0.326796117,-0.326796117,-0.192606142,0.428103404,0.413234017,0.308038676,0.313888488,-0.368028169,-0.164148017,0.407747339,0.388936816,1.201923897,5.226095078,-8.923957846,-3.701927617,1.126396807,1.285591332
3.840000000,0.319559566,0.327782752,-0.327782752,-0.193174546,0.429446453,0.414630765,0.309102213,0.314866596,-0.369056520,-0.164702853,0.409096579,0.390296061,1.202736597,5.253206616,-8.868913659,-3.678114568,1.127912053,1.286557502
3.845000000,0.320575763,0.328769152,-0.328769152,-0.193742815,0.430789182,0.416027180,0.309952432,0.315644948,-0.369869898,-0.165164410,0.410167797,0.391392615,1.222158373,5.315593507,-9.015151344,-3.711689987,1.145044807,1.302387363
3.850000000,0.321591705,0.329755304,-0.329755304,-0.194310941,0.432131573,0.417423243,0.311227220,0.316808975,-0.371088311,-0.165848029,0.411771499,0.393072747,1.201582006,5.253345559,-8.851264408,-3.672712726,1.126762010,1.283117861
3.855000000,0.322607378,0.330741194,-0.330741194,-0.194878917,0.433473609,0.418818937,0.312290219,0.317783553,-0.372111200,-0.166402512,0.413115700,0.394474964,1.201571785,5.215701385,-8.828833933,-3.660813678,1.128882579,1.287219086
3.860000000,0.323622768,0.331726811,-0.331726811,-0.195446734,0.434815272,0.420214243,0.313351886,0.318753175,-0.373117515,-0.166978120,0.414455019,0.395843383,1.203365942,5.288315530,-8.820838635,-3.653281271,1.127588242,1.287687306
3.865000000,0.324637863,0.332712141,-0.332712141,-0.196014387,0.436156544,0.421609143,0.314412088,0.319715633,-0.374112568,-0.167554479,0.415790423,0.397221910,1.204668273,5.308400232,-8.834811392,-3.653893743,1.126996151,1.288377378
3.870000000,0.325652648,0.333697170,-0.333697170,-0.196581866,0.437497407,0.423003617,0.315471660,0.320678402,-0.375100381,-0.168124535,0.417125646,0.398602903,1.205709363,5.291561157,-8.857122833,-3.658531174,1.126563734,1.288808134
3.875000000,0.326667111,0.334681886,-0.334681886,-0.197149165,0.438837844,0.424397648,0.316531022,0.321644149,-0.376084538,-0.168683859,0.418461752,0.399986884,1.206477252,5.274013134,-8.888132480,-3.666838380,1.126181858,1.289072769
3.880000000,0.327681237,0.335666276,-0.335666276,-0.197716276,0.440177837,0.425791218,0.317590207,0.322611949,-0.377067293,-0.169231365,0.419798318,0.401372353,1.207146768,5.260371505,-8.921857522,-3.676470792,1.125787056,1.289257798
3.885000000,0.328695015,0.336650327,-0.336650327,-0.198283192,0.441517369,0.427184307,0.318649148,0.323580590,-0.378052335,-0.169764036,0.421134838,0.402758667,1.207845876,5.249035890,-8.961925126,-3.689410409,1.125415800,1.289353254
3.890000000,0.329708429,0.337634026,-0.337634026,-0.198849905,0.442856421,0.428576898,0.319707758,0.324549641,-0.379041893,-0.170284253,0.422471350,0.404145694,1.208464139,5.238278813,-8.993729297,-3.700119652,1.124953657,1.289409326
3.895000000,0.330721468,0.338617360,-0.338617360,-0.199416407,0.444194976,0.429968972,0.320766039,0.325519346,-0.380037871,-0.170795500,0.423807821,0.405533062,1.207897841,5.191527666,-9.017683092,-3.708538593,1.126439658,1.289389934
3.900000000,0.331734117,0.339600315,-0.339600315,-0.199982692,0.445533017,0.431360511,0.321612082,0.326293902,-0.380840339,-0.171199666,0.424877377,0.406643017,1.229282209,5.275587971,-9.204273593,-3.760064893,1.138741932,1.304368896
3.905000000,0.332746363,0.340582880,-0.340582880,-0.200548751,0.446870525,0.432751496,0.322880427,0.327454740,-0.382060770,-0.171794365,0.426487201,0.408349707,1.206491582,5.211821255,-9.039781910,-3.726393546,1.118968829,1.283450510
3.910000000,0.333758193,0.341565041,-0.341565041,-0.201114578,0.448207483,0.434141910,0.323938881,0.328429392,-0.383108614,-0.172270158,0.427841669,0.409760321,1.206616572,5.187648790,-9.014863033,-3.721579001,1.117543214,1.287129825
3.915000000,0.334769593,0.342546785,-0.342546785,-0.201680165,0.449543874,0.435531733,0.324785330,0.329209037,-0.383943363,-0.172680603,0.428921905,0.410852454,1.225732092,5.234770584,-9.123145070,-3.743245291,1.132898004,1.302287574
3.920000000,0.335780551,0.343528098,-0.343528098,-0.202245504,0.450879680,0.436920948,0.326055576,0.330376612,-0.385193750,-0.173329211,0.430535384,0.412543816,1.202500469,5.186654084,-8.889131951,-3.682921059,1.115102242,1.282230491
3.925000000,0.336791052,0.344508970,-0.344508970,-0.202810587,0.452214883,0.438309535,0.326903561,0.331156857,-0.386037349,-0.173761579,0.431614041,0.413668639,1.221458776,5.236634923,-9.004525674,-3.707649985,1.131013380,1.300984299
3.930000000,0.337801084,0.345489385,-0.345489385,-0.203375409,0.453549465,0.439697478,0.328174771,0.332322486,-0.387284570,-0.174454606,0.433228330,0.415345426,1.198841107,5.201449266,-8.753669202,-3.636285938,1.112025507,1.281066899
3.935000000,0.338810633,0.346469332,-0.346469332,-0.203939960,0.454883410,0.441084757,0.329022946,0.333099951,-0.388117408,-0.174917798,0.434308390,0.416476913,1.218311016,5.258218299,-8.882955040,-3.664367792,1.126779618,1.299230718
3.940000000,0.339819687,0.347448797,-0.347448797,-0.204504234,0.456216699,0.442471355,0.330294387,0.334260911,-0.389336794,-0.175651985,0.435923213,0.418142554,1.195081714,5.231758065,-8.647843118,-3.593542702,1.109548182,1.280199945
3.945000000,0.340828230,0.348427768,-0.348427768,-0.205068223,0.457549316,0.443857253,0.331142168,0.335035348,-0.390143112,-0.176142460,0.437004904,0.419275338,1.215306419,5.275270296,-8.789056025,-3.623397956,1.122958137,1.297795585
3.950000000,0.341836252,0.349406232,-0.349406232,-0.205631920,0.458881242,0.445242433,0.332413177,0.336192856,-0.391326694,-0.176881840,0.438619465,0.420926694,1.194050777,5.242456158,-8.640480058,-3.582193851,1.106305771,1.279723269
3.955000000,0.342843737,0.350384175,-0.350384175,-0.206195317,0.460212459,0.446626876,0.333472766,0.337157046,-0.392304702,-0.177474536,0.439964990,0.422312619,1.195548236,5.245597023,-8.666831402,-3.583481337,1.106553190,1.283829110
3.960000000,0.343850673,0.351361586,-0.351361586,-0.206758407,0.461542952,0.448010564,0.334531444,0.338117329,-0.393262519,-0.178060607,0.441300645,0.423665021,1.197040506,5.251223002,-8.725837507,-3.596586556,1.107428960,1.284414139
3.965000000,0.344857047,0.352338450,-0.352338450,-0.207321183,0.462872701,0.449393480,0.335589181,0.339074879,-0.394209071,-0.178624122,0.442628998,0.425025995,1.198907556,5.244593927,-8.806157518,-3.618855889,1.107989836,1.285233780
3.970000000,0.345862846,0.353314756,-0.353314756,-0.207883637,0.464201689,0.450775605,0.336434650,0.339840559,-0.394962698,-0.179055382,0.443688767,0.426116791,1.219743796,5.280870693,-9.045157785,-3.683769348,1.123346163,1.300470298
3.975000000,0.346868055,0.354290491,-0.354290491,-0.208445761,0.465529900,0.452156921,0.337701668,0.340992007,-0.396107635,-0.179648024,0.445281446,0.427792015,1.198865965,5.134723540,-9.007341481,-3.690466698,1.106864752,1.280416989
3.980000000,0.347872663,0.355265641,-0.355265641,-0.209007549,0.466857315,0.453537410,0.338757798,0.341957214,-0.397088434,-0.180100586,0.446618146,0.429173461,1.201594308,5.171757104,-9.052370866,-3.705851642,1.104978345,1.284897449
3.985200000,0.348916802,0.356279163,-0.356279163,-0.209591443,0.468236964,0.454972221,0.339811455,0.342918367,-0.398072853,-0.180566642,0.447950023,0.430525576,1.207463637,5.183685043,-9.099502965,-3.719151145,1.107231656,1.288100790
3.990000000,0.349880019,0.357214137,-0.357214137,-0.210130085,0.469509690,0.456295833,0.340863279,0.343879739,-0.399066191,-0.181043858,0.449279101,0.431898143,1.204523886,5.156634302,-9.063208191,-3.712285297,1.103333834,1.284482669
3.995000000,0.350882742,0.358187457,-0.358187457,-0.210690819,0.470834614,0.457673732,0.341703829,0.344650100,-0.399870877,-0.181429801,0.450342173,0.432995370,1.225003752,5.184491942,-9.213169061,-3.751510340,1.118123603,1.300197207
4.000000000,0.351884810,0.359160142,-0.359160142,-0.211251187,0.472158673,0.459050730,0.342963648,0.345806257,-0.401092987,-0.182019371,0.451935157,0.434662398,1.203280810,5.124169367,-9.014637847,-3.706169469,1.100035515,1.280628601
4.005000000,0.352886210,0.360132178,-0.360132178,-0.211811181,0.473481850,0.460426811,0.344013273,0.346772490,-0.402131169,-0.182519213,0.453270538,0.436060432,1.203500350,5.133433225,-8.938411330,-3.680185089,1.099296090,1.283961529
4.010000000,0.353886929,0.361103554,-0.361103554,-0.212370794,0.474804128,0.461801957,0.344852204,0.347542222,-0.402956393,-0.182948857,0.454333108,0.437140673,1.222612742,5.199410556,-9.045945546,-3.702336823,1.114821315,1.299036705
4.015000000,0.354886954,0.362074256,-0.362074256,-0.212930020,0.476125488,0.463176148,0.346110451,0.348692290,-0.404190605,-0.183616530,0.455921692,0.438806953,1.198273728,5.115882855,-8.814256053,-3.641059426,1.099315423,1.279537083
4.020000000,0.355886271,0.363044271,-0.363044271,-0.213488849,0.477445913,0.464549368,0.347159609,0.349651596,-0.405225964,-0.184177218,0.457253426,0.440203604,1.198742579,5.180059704,-8.740598544,-3.613745452,1.096516334,1.282829909
4.025000000,0.356884869,0.364013588,-0.364013588,-0.214047276,0.478765387,0.465921598,0.348207156,0.350603090,-0.406239393,-0.184771405,0.458578953,0.441553693,1.198663923,5.218078734,-8.687798560,-3.589712230,1.096125203,1.283362230
4.030000000,0.357882733,0.364982192,-0.364982192,-0.214605293,0.480083893,0.467292820,0.349254143,0.351551109,-0.407232868,-0.185379299,0.459898848,0.442910668,1.198750880,5.222383906,-8.668473718,-3.577919964,1.095968458,1.283967567
4.035000000,0.358879851,0.365950072,-0.365950072,-0.215162893,0.481401411,0.468663017,0.350300941,0.352498499,-0.408209819,-0.185983910,0.461215964,0.444269921,1.198830543,5.219952289,-8.677960583,-3.575942772,1.095638032,1.284307199
4.040000000,0.359876210,0.366917215,-0.366917215,-0.215720068,0.482717927,0.470032170,0.351347544,0.353445530,-0.409172862,-0.186575608,0.462531569,0.445631480,1.199047503,5.214431197,-8.711056755,-3.582256263,1.095180345,1.284473791
4.045000000,0.360871796,0.367883608,-0.367883608,-0.216276811,0.484033422,0.471400262,0.352184697,0.354203270,-0.409934722,-0.187037693,0.463583309,0.446721624,1.218385932,5.248499566,-8.908185748,-3.632083938,1.110288789,1.299161232
4.050000000,0.361866596,0.368849238,-0.368849238,-0.216833114,0.485347879,0.472767274,0.353440039,0.355341370,-0.411076060,-0.187695779,0.465165521,0.448380274,1.197058857,5.164146600,-8.825155629,-3.619464158,1.090837869,1.279690843
4.055000000,0.362860598,0.369814094,-0.369814094,-0.217388972,0.486661281,0.474133189,0.354486877,0.356295949,-0.412040949,-0.188204354,0.466494001,0.449768390,1.197145773,5.113731029,-8.868781510,-3.631560347,1.092211423,1.282748081
4.060000000,0.363853789,0.370778162,-0.370778162,-0.217944375,0.487973610,0.475497989,0.355532164,0.357246670,-0.413001811,-0.188711943,0.467816272,0.451114576,1.199135568,5.165375756,-8.908601824,-3.643101929,1.090458658,1.282846259
4.065000000,0.364846155,0.371741430,-0.371741430,-0.218499318,0.489284851,0.476861657,0.356575497,0.358192943,-0.413962718,-0.189214948,0.469133927,0.452469049,1.200484266,5.164122297,-8.939542399,-3.652226553,1.089330528,1.283106757
4.070000000,0.365837684,0.372703885,-0.372703885,-0.219053792,0.490594985,0.478224173,0.357409088,0.358950482,-0.414734295,-0.189614428,0.470187063,0.453552877,1.221361570,5.179629102,-9.122653127,-3.701060816,1.103264921,1.297782121
4.075600000,0.366947187,0.373780854,-0.373780854,-0.219674238,0.492061000,0.479748804,0.358659214,0.360090748,-0.415909840,-0.190193191,0.471767783,0.455214331,1.210833840,5.117855730,-9.091242086,-3.704784140,1.093701749,1.286449402
4.080000000,0.367818178,0.374626306,-0.374626306,-0.220161306,0.493211866,0.480945683,0.359493593,0.360856755,-0.416716847,-0.190559784,0.472830302,0.456338282,1.216107228,5.072820676,-9.144772784,-3.721672843,1.099477291,1.292649960
4.085000000,0.368807118,0.375586247,-0.375586247,-0.220714332,0.494518578,0.482304642,0.360744855,0.362006340,-0.417945894,-0.191121957,0.474427510,0.457998179,1.194754065,5.066866225,-8.936666157,-3.672516411,1.078747182,1.274865621
4.090000000,0.369795168,0.376545326,-0.376545326,-0.221266861,0.495824116,0.483662378,0.361786758,0.362960907,-0.418977532,-0.191619809,0.475756677,0.459356445,1.195042891,5.099527058,-8.843518439,-3.637621783,1.079514070,1.279095074
4.095000000,0.370782317,0.377503529,-0.377503529,-0.221818886,0.497128462,0.485018876,0.362826764,0.363908436,-0.419991838,-0.192170579,0.477071222,0.460684045,1.194971651,5.136497540,-8.767888023,-3.608549746,1.080628674,1.279678359
4.100000000,0.371768551,0.378460844,-0.378460844,-0.222370399,0.498431600,0.486374116,0.363865150,0.364850476,-0.420989177,-0.192753726,0.478375913,0.462022751,1.195295520,5.155090183,-8.705774629,-3.582958920,1.080900333,1.280457989
4.105000000,0.372753858,0.379417259,-0.379417259,-0.222921394,0.499733512,0.487728082,0.364902243,0.365789442,-0.421970143,-0.193351562,0.479675722,0.463364688,1.195440473,5.165575768,-8.676408878,-3.568382703,1.080724877,1.280870636
4.110000000,0.373738224,0.380372762,-0.380372762,-0.223471863,0.501034182,0.489080756,0.365938356,0.366726283,-0.422935381,-0.193950639,0.480973196,0.464709161,1.195492006,5.170697713,-8.671190803,-3.561618948,1.080326536,1.281119951
4.115000000,0.374721637,0.381327339,-0.381327339,-0.224021798,0.502333593,0.490432121,0.366973662,0.367661556,-0.423888398,-0.194537145,0.482269611,0.466054792,1.195758622,5.168535473,-8.697139800,-3.566095806,1.079779571,1.281191372
4.120000000,0.375704084,0.382280978,-0.382280978,-0.224571194,0.503631727,0.491782158,0.367801468,0.368409245,-0.424644040,-0.194992544,0.483306282,0.467131790,1.215454846,5.204923019,-8.890611111,-3.615447312,1.093951959,1.295617391
4.125000000,0.376685553,0.383233668,-0.383233668,-0.225120042,0.504928568,0.493130850,0.369042735,0.369532808,-0.425778703,-0.195637812,0.484867308,0.468789966,1.192071864,5.078315765,-8.805528584,-3.603120017,1.076930860,1.275067064
4.130000000,0.377666031,0.384185396,-0.384185396,-0.225668337,0.506224100,0.494478181,0.370077855,0.370475473,-0.426740055,-0.196135717,0.486181741,0.470166034,1.193344418,5.105423412,-8.838999569,-3.613320769,1.073649047,1.278105811
4.135000000,0.378645504,0.385136149,-0.385136149,-0.226216069,0.507518305,0.495824131,0.371110776,0.371413544,-0.427694358,-0.196640940,0.487490738,0.471490683,1.194636181,5.118436664,-8.856606639,-3.615962316,1.072849883,1.278453232
4.140000000,0.379623961,0.386085915,-0.386085915,-0.226763233,0.508811166,0.497168685,0.372141953,0.372349228,-0.428644738,-0.197151392,0.488793297,0.472822577,1.195899486,5.109545521,-8.873407852,-3.619753351,1.072499180,1.278864083
4.145000000,0.380601389,0.387034682,-0.387034682,-0.227309822,0.510102668,0.498511824,0.373171664,0.373284201,-0.429595908,-0.197659784,0.490091218,0.474156277,1.196943259,5.099892619,-8.890760618,-3.624732064,1.072070289,1.279045911
4.150200000,0.381616808,0.388020326,-0.388020326,-0.227877656,0.511444368,0.499907169,0.374199955,0.374218297,-0.430550632,-0.198162815,0.491385562,0.475491252,1.201747745,5.098684578,-8.938686477,-3.638163111,1.074444169,1.281982625
4.155000000,0.382553105,0.388929169,-0.388929169,-0.228401243,0.512681523,0.501193789,0.375227009,0.375151663,-0.431511957,-0.198657892,0.492677946,0.476833638,1.197786551,5.079171977,-8.923346478,-3.637514301,1.070413915,1.277996344
4.160000000,0.383527368,0.389874865,-0.389874865,-0.228946063,0.513968844,0.502532580,0.376047995,0.375898643,-0.432286802,-0.199051334,0.493711848,0.477906598,1.217486322,5.114780372,-9.074696035,-3.675871121,1.084418090,1.292966728
4.165000000,0.384500552,0.390819513,-0.390819513,-0.229490278,0.515254738,0.503869887,0.377073241,0.376832536,-0.433259822,-0.199550159,0.495004701,0.479255869,1.214592406,5.090043271,-9.054699044,-3.674022694,1.082094890,1.288677238
4.170000000,0.385472644,0.391763100,-0.391763100,-0.230033883,0.516539189,0.505205694,0.378304488,0.377960172,-0.434459567,-0.200127072,0.496572586,0.480930748,1.191065829,5.014914261,-8.865344664,-3.632578758,1.061509674,1.270892920
4.175000000,0.386443630,0.392705615,-0.392705615,-0.230576869,0.517822180,0.506539982,0.379330574,0.378902077,-0.435470179,-0.200622376,0.497885089,0.482282893,1.190719812,5.034735243,-8.789746800,-3.604838497,1.060763620,1.274069273
4.180000000,0.387413499,0.393647045,-0.393647045,-0.231119231,0.519103694,0.507872734,0.380150138,0.379649936,-0.436265014,-0.201054278,0.498924218,0.483323371,1.209263191,5.069642480,-8.893989993,-3.622812970,1.078097810,1.289137714
4.185000000,0.388382239,0.394587379,-0.394587379,-0.231660961,0.520383716,0.509203934,0.381173008,0.380576990,-0.437244925,-0.201617358,0.500212951,0.484651041,1.208466870,5.124058496,-8.847976905,-3.607690056,1.074319583,1.285856502
4.190000000,0.389349835,0.395526603,-0.395526603,-0.232202052,0.521662228,0.510533564,0.382400506,0.381687332,-0.438431348,-0.202268992,0.501766864,0.486306892,1.184666451,5.082418481,-8.665807944,-3.563665889,1.055444953,1.268515092
4.195000000,0.390316277,0.396464707,-0.396464707,-0.232742497,0.522939214,0.511861608,0.383219017,0.382429861,-0.439221550,-0.202704511,0.502809160,0.487384760,1.202534085,5.082596999,-8.780254990,-3.584942244,1.070665711,1.285639556
4.200000000,0.391281552,0.397401677,-0.397401677,-0.233282290,0.524214657,0.513188047,0.384445278,0.383538995,-0.440382647,-0.203384423,0.504362959,0.488964323,1.181815847,5.098463919,-8.601505350,-3.535914736,1.052555773,1.268280904
4.205000000,0.392245647,0.398337503,-0.398337503,-0.233821423,0.525488542,0.514512865,0.385466379,0.384460237,-0.441337836,-0.203951541,0.505655395,0.490291630,1.182706214,5.115110343,-8.580523530,-3.520471095,1.052562749,1.272229708
4.210000000,0.393208550,0.399272171,-0.399272171,-0.234359889,0.526760852,0.515836045,0.386485762,0.385377395,-0.442265378,-0.204535898,0.506936107,0.491581766,1.183676414,5.125489191,-8.591871785,-3.516419341,1.053559819,1.273057794
4.215000000,0.394170249,0.400205671,-0.400205671,-0.234897682,0.528031571,0.517157571,0.387503631,0.386291537,-0.443175123,-0.205108667,0.508207657,0.492885599,1.185143275,5.121465348,-8.643057526,-3.527597130,1.054112975,1.273597033
4.220000000,0.395130731,0.401137989,-0.401137989,-0.235434794,0.529300682,0.518477424,0.388519937,0.387204658,-0.444074556,-0.205656086,0.509474289,0.494192300,1.186003796,5.072291458,-8.716514917,-3.547323218,1.056181669,1.273881295
4.225000000,0.396089984,0.402069115,-0.402069115,-0.235971219,0.530568169,0.519795588,0.389534033,0.388116284,-0.444967863,-0.206179679,0.510739393,0.495501119,1.188572212,5.104014516,-8.788154274,-3.568087855,1.054045685,1.274024365
4.230000000,0.397047996,0.402999035,-0.402999035,-0.236506950,0.531834016,0.521112047,0.390545485,0.389025976,-0.445865596,-0.206667518,0.512004563,0.496810100,1.191000059,5.081994501,-8.878780996,-3.597937668,1.052575921,1.273989456
4.235000000,0.398004754,0.403927739,-0.403927739,-0.237041980,0.533098206,0.522426783,0.391554908,0.389938291,-0.446769421,-0.207136009,0.513271252,0.498119997,1.192525422,5.050813448,-8.933245223,-3.615882592,1.051728228,1.273923913
4.240000000,0.398960247,0.404855214,-0.404855214,-0.237576302,0.534360725,0.523739780,0.392562412,0.390853783,-0.447683590,-0.207592578,0.514538799,0.499429507,1.193184977,4.982852195,-8.976627611,-3.631286349,1.052703547,1.273756217
4.245000000,0.399914461,0.405781449,-0.405781449,-0.238109910,0.535621554,0.525051021,0.393567690,0.391768511,-0.448611355,-0.208039835,0.515804913,0.500738529,1.195912039,5.012019741,-9.002559641,-3.642695547,1.049558324,1.273588688
4.250000000,0.400867386,0.406706432,-0.406706432,-0.238642796,0.536880679,0.526360489,0.394370229,0.392498195,-0.449363473,-0.208395281,0.516815750,0.501785404,1.215017524,5.008059176,-9.159176327,-3.684216473,1.064923089,1.287396090
4.255000000,0.401819008,0.407630150,-0.407630150,-0.239174954,0.538138083,0.527668168,0.395572560,0.393592998,-0.450512115,-0.208931294,0.518334190,0.503385521,1.193276153,4.983776035,-8.987332714,-3.649595619,1.044860738,1.268043172
4.260000000,0.402769316,0.408552592,-0.408552592,-0.239706377,0.539393751,0.528974040,0.396573931,0.394508311,-0.451494626,-0.209381837,0.519608488,0.504723787,1.192514905,4.985820308,-8.913331590,-3.626259991,1.044468848,1.270647967
4.265000000,0.403718297,0.409473747,-0.409473747,-0.240237058,0.540647666,0.530278090,0.397573385,0.395421213,-0.452468087,-0.209890323,0.520876147,0.506014427,1.191963756,5.005763995,-8.809048082,-3.589072096,1.043498239,1.270901719
4.270000000,0.404665940,0.410393603,-0.410393603,-0.240766990,0.541899812,0.531580300,0.398571671,0.396330109,-0.453435174,-0.210428588,0.522135486,0.507309329,1.191264544,5.027429161,-8.745839375,-3.566832800,1.043308252,1.271165307
4.275000000,0.405612232,0.411312148,-0.411312148,-0.241296168,0.543150174,0.532880654,0.399569133,0.397234592,-0.454395289,-0.210976938,0.523388283,0.508605555,1.190372322,5.044180525,-8.704377813,-3.551026158,1.043104556,1.271211983
4.280000000,0.406557162,0.412229370,-0.412229370,-0.241824583,0.544398735,0.534179136,0.400565792,0.398136305,-0.455343086,-0.211537599,0.524637885,0.509902710,1.188906765,5.059997468,-8.664492705,-3.534339534,1.042760246,1.271184841
4.285000000,0.407500717,0.413145258,-0.413145258,-0.242352230,0.545645480,0.535475729,0.401561662,0.399036373,-0.456278852,-0.212101394,0.525886475,0.511199453,1.187973465,5.059370099,-8.648833072,-3.525783174,1.042132592,1.271035968
4.290000000,0.408442886,0.414059800,-0.414059800,-0.242879101,0.546890393,0.536770417,0.402556737,0.399935173,-0.457203305,-0.212659501,0.527135024,0.512495498,1.187515868,5.060902992,-8.654126451,-3.524016173,1.040519783,1.270840564
4.295000000,0.409383656,0.414972984,-0.414972984,-0.243405190,0.548133458,0.538063183,0.403352069,0.400653384,-0.457935088,-0.213099340,0.528134267,0.513531738,1.207115303,5.079380638,-8.817902615,-3.563513734,1.052829837,1.284451112
4.300000000,0.410323016,0.415884800,-0.415884800,-0.243930491,0.549374660,0.539354011,0.404345797,0.401551431,-0.458843624,-0.213636489,0.529385222,0.514843171,1.204098215,5.055428453,-8.844747756,-3.573278550,1.049400628,1.279975124
4.305000000,0.411260954,0.416795235,-0.416795235,-0.244454996,0.550613982,0.540642885,0.405540013,0.402635565,-0.459952772,-0.214230222,0.530902475,0.516465913,1.180120189,4.978371956,-8.737380658,-3.555433442,1.030382955,1.262431554
4.310000000,0.412197457,0.417704278,-0.417704278,-0.244978700,0.551851410,0.541929788,0.406535914,0.403542325,-0.460883688,-0.214712423,0.532171762,0.517777606,1.179830563,4.976739406,-8.731381951,-3.549794353,1.029928346,1.265013572
4.315000000,0.413132515,0.418611918,-0.418611918,-0.245501595,0.553086927,0.543214705,0.407529598,0.404443414,-0.461798793,-0.215219395,0.533427330,0.519037794,1.180505913,4.998686574,-8.725465848,-3.543057279,1.031149025,1.265740830
4.320000000,0.414066115,0.419518143,-0.419518143,-0.246023674,0.554320518,0.544497618,0.408322585,0.405159313,-0.462523890,-0.215629098,0.534423167,0.520051413,1.201509752,5.036025411,-8.885101005,-3.581457510,1.044014847,1.279843568
4.325000000,0.414998246,0.420422941,-0.420422941,-0.246544933,0.555552168,0.545778512,0.409509278,0.406230265,-0.463612903,-0.216227319,0.535913894,0.521613230,1.180320094,4.979127827,-8.770512138,-3.559601828,1.026722814,1.260988648
4.330000000,0.415928896,0.421326302,-0.421326302,-0.247065362,0.556781861,0.547057371,0.410497325,0.407125795,-0.464531566,-0.216710315,0.537163237,0.522925605,1.180566935,4.974622978,-8.753771076,-3.551419324,1.025639266,1.263333359
4.335000000,0.416858053,0.422228214,-0.422228214,-0.247584957,0.558009581,0.548334179,0.411285835,0.407839767,-0.465258928,-0.217112001,0.538156977,0.523925887,1.200931548,5.011177704,-8.894001926,-3.583119939,1.039125131,1.277683023
4.340000000,0.417785706,0.423128666,-0.423128666,-0.248103711,0.559235314,0.549608920,0.412466362,0.408906875,-0.466348179,-0.217711181,0.539640490,0.525465770,1.178360495,4.937327522,-8.764586262,-3.554921537,1.025122393,1.259658434
4.345000000,0.418711842,0.424027646,-0.424027646,-0.248621617,0.560459043,0.550881577,0.413448956,0.409795290,-0.467271435,-0.218182924,0.540880330,0.526757132,1.180974801,4.974782887,-8.771602383,-3.556876216,1.022175121,1.262583916
4.350000000,0.419636451,0.424925143,-0.424925143,-0.249138669,0.561680754,0.552152135,0.414428467,0.410678432,-0.468185027,-0.218673019,0.542112221,0.528003040,1.181830522,4.988039155,-8.752944633,-3.547239263,1.021928365,1.263178911
4.355200000,0.420596411,0.425856955,-0.425856955,-0.249675490,0.562949175,0.553471271,0.415405653,0.411559172,-0.469091127,-0.219176554,0.543337900,0.529258156,1.186084702,4.996407554,-8.772170717,-3.549005094,1.024656106,1.266282293
4.360000000,0.421481040,0.426715644,-0.426715644,-0.250170184,0.564118059,0.554686889,0.416380957,0.412438894,-0.469993482,-0.219681908,0.544560057,0.530518943,1.181708408,4.983823330,-8.741419845,-3.540343286,1.021695120,1.262905484
4.365000000,0.422400996,0.427608625,-0.427608625,-0.250684634,0.565333622,0.555951055,0.417354459,0.413318232,-0.470895285,-0.220182882,0.545782284,0.531783022,1.182652378,4.973773804,-8.742717917,-3.539003174,1.019958078,1.263472069
4.370000000,0.423319379,0.428500079,-0.428500079,-0.251198204,0.566547107,0.557213057,0.418326110,0.414196449,-0.471792905,-0.220684215,0.547002048,0.533039549,1.183022811,4.972070168,-8.746084149,-3.538340859,1.019022028,1.263431734
4.375000000,0.424236177,0.429389994,-0.429389994,-0.251710888,0.567758497,0.558472882,0.419296040,0.415072724,-0.472687815,-0.221182035,0.548218802,0.534297129,1.183190818,4.969721968,-8.754477460,-3.539716995,1.018388879,1.263324850
4.380000000,0.425151379,0.430278360,-0.430278360,-0.252222679,0.568967777,0.559730512,0.420070725,0.415772459,-0.473402568,-0.221576786,0.549190637,0.535302884,1.202696616,4.991429879,-8.906215717,-3.577251891,1.030738712,1.276600037
4.385000000,0.426064972,0.431165164,-0.431165164,-0.252733571,0.570174933,0.560985933,0.421231863,0.416822487,-0.474481212,-0.222151985,0.550649631,0.536842408,1.178840379,4.899485486,-8.787192906,-3.554980532,1.015868600,1.257745364
4.390000000,0.426976947,0.432050397,-0.432050397,-0.253243557,0.571379950,0.562239129,0.422198464,0.417700082,-0.475395474,-0.222613320,0.551876512,0.538116185,1.180727171,4.933158360,-8.768483790,-3.547817010,1.011480722,1.260893783
4.395200000,0.427923670,0.432969361,-0.432969361,-0.253772975,0.572630881,0.563540076,0.423162203,0.418572608,-0.476300730,-0.223097708,0.553096911,0.539354008,1.184444466,4.955302964,-8.770743174,-3.543683145,1.013712063,1.263422084
4.400000000,0.428795993,0.433816105,-0.433816105,-0.254260788,0.573783504,0.564738784,0.424124483,0.419441856,-0.477200141,-0.223594140,0.554309511,0.540605742,1.179492012,4.952991110,-8.725863714,-3.530447743,1.010588048,1.259790475
4.405000000,0.429703042,0.434696557,-0.434696557,-0.254768020,0.574982013,0.565985212,0.425085489,0.420309967,-0.478096525,-0.224094528,0.555518844,0.541855375,1.178924848,4.954082244,-8.707483583,-3.522253710,1.010493377,1.260278898
4.410000000,0.430608426,0.435575394,-0.435575394,-0.255274321,0.576178322,0.567229354,0.426044572,0.421175960,-0.478986260,-0.224600445,0.556724458,0.543095914,1.179349230,4.951294688,-8.700117974,-3.517485688,1.008896043,1.260203880
4.415000000,0.431512136,0.436452604,-0.436452604,-0.255779686,0.577372418,0.568471192,0.427002052,0.422040091,-0.479870174,-0.225105455,0.557926335,0.544337510,1.179368507,4.951217513,-8.702472047,-3.516225931,1.007968071,1.260028847
4.420000000,0.432414159,0.437328178,-0.437328178,-0.256284107,0.578564286,0.569710714,0.427957945,0.422902164,-0.480749492,-0.225605379,0.559125011,0.545578416,1.179261923,4.948730864,-8.711242161,-3.517287572,1.007210054,1.259764320
4.425000000,0.433314485,0.438202104,-0.438202104,-0.256787580,0.579753910,0.570947903,0.428912227,0.423762633,-0.481625393,-0.226098673,0.560321356,0.546818009,1.178912660,4.947239663,-8.723578928,-3.519839880,1.006560845,1.259431785
4.430000000,0.434213101,0.439074371,-0.439074371,-0.257290096,0.580941277,0.572182744,0.429864715,0.424622038,-0.482498964,-0.226585293,0.561516640,0.548056297,1.178322584,4.903546678,-8.740315077,-3.523532950,1.007013099,1.259057618
4.435000000,0.435109999,0.439944969,-0.439944969,-0.257791651,0.582126372,0.573415221,0.430815128,0.425479559,-0.483371650,-0.227064911,0.562711082,0.549292692,1.179712692,4.932453652,-8.754543430,-3.527826487,1.003436527,1.258671039
4.440000000,0.436005165,0.440813887,-0.440813887,-0.258292239,0.583309180,0.574645321,0.431763333,0.426333924,-0.484244220,-0.227537761,0.563903594,0.550527386,1.179726663,4.929568124,-8.765041829,-3.530505053,1.002088966,1.258251248
4.445000000,0.436898591,0.441681115,-0.441681115,-0.258791852,0.584489687,0.575873028,0.432520622,0.427016906,-0.484942244,-0.227914979,0.564856758,0.551513737,1.198568671,4.945443157,-8.907728514,-3.565651232,1.013907554,1.271018954
4.450000000,0.437790263,0.442546642,-0.442546642,-0.259290485,0.585667878,0.577098326,0.433654901,0.428042595,-0.485991058,-0.228482412,0.566287015,0.553010090,1.175903068,4.896170941,-8.757700272,-3.531241619,0.998242709,1.253242160
4.455000000,0.438680173,0.443410457,-0.443410457,-0.259788133,0.586843739,0.578321201,0.434599504,0.428900525,-0.486880616,-0.228939591,0.567486990,0.554257760,1.176133227,4.882335151,-8.746877384,-3.527656981,0.995938896,1.255734590
4.460000000,0.439568308,0.444272550,-0.444272550,-0.260284788,0.588017256,0.579541639,0.435542256,0.429755535,-0.487763852,-0.229413548,0.568679671,0.555469761,1.175864282,4.894369124,-8.724020353,-3.518104729,0.995270342,1.255474538
4.465000000,0.440454658,0.445132910,-0.445132910,-0.260780445,0.589188415,0.580759623,0.436294938,0.430436251,-0.488465904,-0.229800910,0.569627978,0.556444830,1.194577846,4.926020128,-8.848686208,-3.546351572,1.007665550,1.268342745
4.470000000,0.441339213,0.445991527,-0.445991527,-0.261275098,0.590357201,0.581975140,0.437423010,0.431454726,-0.489515001,-0.230387734,0.571044840,0.557934771,1.171039402,4.893976647,-8.690254446,-3.508458193,0.992380129,1.250321361
4.475000000,0.442221961,0.446848391,-0.446848391,-0.261768741,0.591523600,0.583188175,0.438362731,0.432305387,-0.490396669,-0.230869860,0.572231940,0.559169510,1.170017200,4.862175126,-8.657741519,-3.494465079,0.992575078,1.253256741
4.480000000,0.443102892,0.447703491,-0.447703491,-0.262261367,0.592687598,0.584398713,0.439299610,0.433151443,-0.491265231,-0.231371234,0.573412426,0.560369465,1.171220386,4.912036994,-8.637478815,-3.484674203,0.989844554,1.253033505
4.485000000,0.443981995,0.448556817,-0.448556817,-0.262752972,0.593849181,0.585606739,0.440233898,0.433991050,-0.492124205,-0.231871430,0.574584559,0.561575445,1.171487312,4.921927590,-8.643781887,-3.483839624,0.989306009,1.252989960
4.490000000,0.444859260,0.449408359,-0.449408359,-0.263243548,0.595008335,0.586812239,0.441166260,0.434828167,-0.492975543,-0.232365609,0.575751977,0.562780687,1.171453379,4.917441602,-8.657508716,-3.485889886,0.988748965,1.252775340
4.495000000,0.445734676,0.450258105,-0.450258105,-0.263733091,0.596165046,0.588015198,0.441910669,0.435497118,-0.493652509,-0.232755100,0.576684467,0.563744323,1.190628586,4.930346901,-8.809002881,-3.522841879,1.000050237,1.265393524
4.500000000,0.446608233,0.451106047,-0.451106047,-0.264221594,0.597319300,0.589215602,0.443025498,0.436501180,-0.494669098,-0.233320193,0.578085299,0.565218855,1.168577094,4.868720051,-8.707916137,-3.504788317,0.983561719,1.247252519
4.505000000,0.447479919,0.451952174,-0.451952174,-0.264709051,0.598471083,0.590413437,0.443953964,0.437340873,-0.495528600,-0.233766825,0.579259504,0.566434379,1.169461744,4.860522876,-8.710984996,-3.503832897,0.982387989,1.250343592
4.510000000,0.448349726,0.452796476,-0.452796476,-0.265195456,0.599620382,0.591608688,0.444879680,0.438177256,-0.496379516,-0.234228763,0.580425846,0.567617380,1.169738234,4.867626409,-8.705199294,-3.499410803,0.982145470,1.250113706
4.515000000,0.449217642,0.453638942,-0.453638942,-0.265680804,0.600767183,0.592801340,0.445802776,0.439009776,-0.497225298,-0.234695638,0.581584597,0.568808867,1.169902874,4.874652035,-8.707649061,-3.498508347,0.981977893,1.249975552
4.520000000,0.450083656,0.454479563,-0.454479563,-0.266165089,0.601911471,0.593991380,0.446539347,0.439673579,-0.497899988,-0.235068145,0.582508081,0.569761283,1.189306788,4.890323457,-8.846884292,-3.532138565,0.993166693,1.262496763
4.525000000,0.450947759,0.455318328,-0.455318328,-0.266648306,0.603053234,0.595178794,0.447641584,0.440668329,-0.498919888,-0.235606096,0.583894229,0.571223489,1.168024721,4.833777154,-8.743988403,-3.515728736,0.976637256,1.244268670
4.530000000,0.451809941,0.456155228,-0.456155228,-0.267130447,0.604192458,0.596363566,0.448558819,0.441499633,-0.499781882,-0.236042988,0.585057257,0.572436043,1.168142278,4.834119623,-8.714591760,-3.503860290,0.975041587,1.246906331
4.535200000,0.452704560,0.457023615,-0.457023615,-0.267630728,0.605374542,0.597592914,0.449473177,0.442327147,-0.500634081,-0.236506636,0.586211989,0.573605253,1.171656539,4.854736157,-8.711144805,-3.498006093,0.977629724,1.249417865
4.540000000,0.453528497,0.457823393,-0.457823393,-0.268091484,0.606463233,0.598725133,0.450385195,0.443150520,-0.501480838,-0.236978903,0.587358527,0.574785862,1.167113108,4.854992486,-8.671451518,-3.486431711,0.974886851,1.245997370
4.545000000,0.454384852,0.458654638,-0.458654638,-0.268570367,0.607594758,0.599901900,0.451294962,0.443971163,-0.502324241,-0.237452266,0.588501651,0.575965106,1.167700452,4.854886836,-8.660440551,-3.480509365,0.973219451,1.246493870
4.550000000,0.455239245,0.459483977,-0.459483977,-0.269048153,0.608723691,0.601075970,0.452202505,0.444789164,-0.503160516,-0.237929856,0.589639976,0.577136935,1.167699089,4.858203857,-8.654955400,-3.476529921,0.972371918,1.246310137
4.555200000,0.456125721,0.460344460,-0.460344460,-0.269543880,0.609895015,0.602294127,0.453107966,0.445604478,-0.503991123,-0.238405761,0.590774095,0.578309246,1.171276643,4.862261094,-8.683481743,-3.481756046,0.974097309,1.248570271
4.560000000,0.456942103,0.461136903,-0.461136903,-0.270000410,0.610973723,0.603415964,0.454011531,0.446417981,-0.504818466,-0.238875058,0.591905998,0.579486278,1.166551494,4.852888595,-8.666760684,-3.478016294,0.970515353,1.244787187
4.565000000,0.457790548,0.461960470,-0.461960470,-0.270474870,0.612094796,0.604581861,0.454913332,0.447230818,-0.505644563,-0.239337265,0.593038062,0.580659325,1.165841749,4.814937584,-8.674459121,-3.478180750,0.970833991,1.245053720
4.570000000,0.458636990,0.462782093,-0.462782093,-0.270948211,0.613213224,0.605745006,0.455812633,0.448041144,-0.506466912,-0.239797029,0.594167883,0.581824198,1.167148572,4.843225510,-8.682721373,-3.479980401,0.967460080,1.244642591
4.575000000,0.459481421,0.463601762,-0.463601762,-0.271420426,0.614328992,0.606905386,0.456709297,0.448847731,-0.507286554,-0.240251666,0.595294567,0.582988730,1.167179109,4.842441274,-8.691201657,-3.481386871,0.966223136,1.244256610
4.580000000,0.460323829,0.464419469,-0.464419469,-0.271891510,0.615442089,0.608062987,0.457425060,0.449491990,-0.507940805,-0.240613552,0.596194476,0.583918774,1.185387769,4.855170704,-8.826045770,-3.514004368,0.977125190,1.256262151
4.585000000,0.461164205,0.465235204,-0.465235204,-0.272361458,0.616552501,0.609217796,0.458497321,0.450459168,-0.508927157,-0.241144625,0.597545425,0.585343252,1.162720467,4.802305464,-8.709814878,-3.492054429,0.961944313,1.238493398
4.590000000,0.462002540,0.466048956,-0.466048956,-0.272830264,0.617660215,0.610369799,0.459389769,0.451267612,-0.509761599,-0.241574915,0.598678258,0.586521731,1.163376515,4.796643269,-8.685909421,-3.482248282,0.959924239,1.241083834
4.595400000,0.462905636,0.466925572,-0.466925572,-0.273335285,0.618853501,0.611610796,0.460279529,0.452072662,-0.510586741,-0.242028054,0.599802555,0.587661777,1.170519177,4.817833872,-8.712706797,-3.484339624,0.964104301,1.245754291
4.600000000,0.463673044,0.467670478,-0.467670478,-0.273764429,0.619867498,0.612665335,0.461167134,0.452873682,-0.511407357,-0.242486746,0.600919342,0.588816968,1.161837416,4.810059860,-8.652899954,-3.469321897,0.958176463,1.239031027
4.605000000,0.464505195,0.468478228,-0.468478228,-0.274229777,0.620967042,0.613808842,0.462052974,0.453672713,-0.512227813,-0.242941693,0.602033759,0.589969723,1.161540063,4.816269515,-8.641104793,-3.463439823,0.957616030,1.239880148
4.610000000,0.465335266,0.469283959,-0.469283959,-0.274693962,0.622063837,0.614949489,0.462936205,0.454468782,-0.513040392,-0.243403542,0.603143087,0.591108075,1.160807888,4.790222310,-8.636813779,-3.459115085,0.958259508,1.239626237
4.615000000,0.466163247,0.470087661,-0.470087661,-0.275156978,0.623157870,0.616087265,0.463816777,0.455261546,-0.513846599,-0.243866141,0.604248371,0.592247290,1.161979716,4.820117414,-8.635829569,-3.457290144,0.955112964,1.239386318
4.620200000,0.467022119,0.470921350,-0.470921350,-0.275637269,0.624292722,0.617267491,0.464694683,0.456050646,-0.514647964,-0.244323667,0.605350093,0.593385002,1.165567710,4.823158441,-8.667641833,-3.463752683,0.956281120,1.241460213
4.625000000,0.467812900,0.471688943,-0.471688943,-0.276079483,0.625337602,0.618354148,0.465395454,0.456680923,-0.515286917,-0.244684932,0.606230178,0.594296648,1.179492207,4.827540718,-8.778741305,-3.491431407,0.964235816,1.250088658
4.630000000,0.468634555,0.472486504,-0.472486504,-0.276538961,0.626423276,0.619483230,0.466445783,0.457627451,-0.516250128,-0.245210102,0.607551663,0.595686772,1.157275140,4.776540164,-8.668082586,-3.469874330,0.949919423,1.233612909
4.635200000,0.469486818,0.473313777,-0.473313777,-0.277015556,0.627549395,0.620654374,0.467320669,0.458418392,-0.517058111,-0.245645174,0.608657065,0.596831289,1.160865379,4.777243742,-8.661880114,-3.462069782,0.950674648,1.238772537
4.640000000,0.470271471,0.474075422,-0.474075422,-0.277454343,0.628586178,0.621732611,0.468192827,0.459205841,-0.517858229,-0.246093471,0.609754910,0.597946407,1.157060110,4.779209142,-8.632350505,-3.453434073,0.947296551,1.235439321
4.645000000,0.471086714,0.474866761,-0.474866761,-0.277910237,0.629663381,0.622852883,0.469062319,0.459989256,-0.518653666,-0.246542314,0.610846838,0.599071835,1.157228805,4.786501326,-8.627540369,-3.449359272,0.946746057,1.235672954
4.650000000,0.471899803,0.475656008,-0.475656008,-0.278364925,0.630737737,0.623970194,0.469928902,0.460768895,-0.519442455,-0.246992512,0.611932902,0.600190051,1.157178205,4.791997536,-8.630455088,-3.448266834,0.946225741,1.235328333
4.655000000,0.472710726,0.476443153,-0.476443153,-0.278818402,0.631809232,0.625084531,0.470792597,0.461545805,-0.520226560,-0.247439063,0.613015432,0.601307834,1.156811936,4.759925325,-8.642993516,-3.450058960,0.946516451,1.234974739
4.660000000,0.473519476,0.477228188,-0.477228188,-0.279270664,0.632877855,0.626195880,0.471653308,0.462319961,-0.521007696,-0.247879304,0.614095653,0.602423649,1.158256978,4.783301515,-8.654887934,-3.453181856,0.943129002,1.234534817
4.665000000,0.474326043,0.478011105,-0.478011105,-0.279721706,0.633943595,0.627304230,0.472339715,0.462937014,-0.521631504,-0.248225299,0.614958138,0.603314940,1.175166558,4.774912011,-8.791248569,-3.486124591,0.955154621,1.245956874
4.670000000,0.475130419,0.478791894,-0.478791894,-0.280171522,0.635006438,0.628409569,0.473366876,0.463861607,-0.522572974,-0.248727947,0.616253476,0.604677083,1.155089481,4.751848888,-8.690426108,-3.469353520,0.937914067,1.229009984
4.675000000,0.475932593,0.479570547,-0.479570547,-0.280620107,0.636066373,0.629511883,0.474221797,0.464633659,-0.523371048,-0.249129674,0.617340832,0.605809267,1.154114849,4.746886786,-8.673627633,-3.462664963,0.936679087,1.231102243
4.680000000,0.476732559,0.480347056,-0.480347056,-0.281067456,0.637123388,0.630611161,0.474903749,0.465249607,-0.524002556,-0.249471354,0.618205478,0.606682535,1.171759286,4.771022097,-8.767428633,-3.480850574,0.946817829,1.242644866
4.685000000,0.477530305,0.481121410,-0.481121410,-0.281513565,0.638177473,0.631707390,0.475924029,0.466170938,-0.524949541,-0.249987345,0.619495469,0.608024799,1.151085520,4.734069084,-8.639409421,-3.453615351,0.932434896,1.226363658
4.690000000,0.478325824,0.481893603,-0.481893603,-0.281958429,0.639228614,0.632800558,0.476772945,0.466938954,-0.525745030,-0.250412030,0.620570782,0.609129461,1.151434271,4.741365778,-8.605197183,-3.439126173,0.931991789,1.229457479
4.695000000,0.479119108,0.482663625,-0.482663625,-0.282402041,0.640276800,0.633890654,0.477618653,0.467702496,-0.526526285,-0.250862297,0.621635792,0.610208922,1.150938483,4.761408670,-8.574658625,-3.425739506,0.932218757,1.229201252
4.700000000,0.479910146,0.483431468,-0.483431468,-0.282844399,0.641322020,0.634977665,0.478461510,0.468461612,-0.527297568,-0.251318414,0.622692365,0.611295916,1.150427667,4.740622895,-8.571839834,-3.421493278,0.933114441,1.229077577
4.705000000,0.480698931,0.484197124,-0.484197124,-0.283285496,0.642364263,0.636061579,0.479133820,0.469066038,-0.527908872,-0.251680329,0.623533500,0.612164617,1.168873679,4.789124817,-8.694338123,-3.450047872,0.941874996,1.240366893
4.710000000,0.481485453,0.484960584,-0.484960584,-0.283725329,0.643403517,0.637142385,0.480139317,0.469969398,-0.528823718,-0.252203979,0.624795083,0.613493698,1.148621440,4.741768116,-8.602243673,-3.432962241,0.926643823,1.223977224
4.715000000,0.482269705,0.485721840,-0.485721840,-0.284163891,0.644439770,0.638220071,0.480975954,0.470724605,-0.529591584,-0.252623974,0.625854821,0.614595928,1.148454026,4.735587510,-8.594275746,-3.427395563,0.925022858,1.226300024
4.720000000,0.483051678,0.486480883,-0.486480883,-0.284601179,0.645473012,0.639294624,0.481809482,0.471476957,-0.530348572,-0.253056714,0.626907878,0.615661762,1.148421996,4.740706885,-8.590821349,-3.423300557,0.925195415,1.226044346
4.725000000,0.483831363,0.487237706,-0.487237706,-0.285037188,0.646503231,0.640366034,0.482640130,0.472225416,-0.531098038,-0.253490668,0.627952590,0.616732958,1.149279710,4.737526575,-8.599375542,-3.423539438,0.923829305,1.225902095
4.730000000,0.484608752,0.487992300,-0.487992300,-0.285471913,0.647530416,0.641434289,0.483468192,0.472970975,-0.531842986,-0.253918147,0.628990946,0.617802690,1.149869035,4.732276139,-8.616967662,-3.427601079,0.923071030,1.225579730
4.735000000,0.485383837,0.488744657,-0.488744657,-0.285905349,0.648554557,0.642499377,0.484293552,0.473714026,-0.532585128,-0.254337631,0.630024852,0.618871340,1.150267118,4.724697062,-8.634409302,-3.431914074,0.922324710,1.225168993
4.740200000,0.486187471,0.489524727,-0.489524727,-0.286354750,0.649616421,0.643603697,0.485116136,0.474455028,-0.533325847,-0.254749999,0.631055708,0.619938335,1.153827029,4.722091545,-8.673474627,-3.441717251,0.923729425,1.226931274
4.745000000,0.486927059,0.490242629,-0.490242629,-0.286768336,0.650593658,0.644620007,0.485935850,0.475194491,-0.534066903,-0.255155956,0.632085020,0.621007311,1.149548675,4.680791647,-8.667217276,-3.441286198,0.921264498,1.223400043
4.750000000,0.487695181,0.490988227,-0.490988227,-0.287197878,0.651608598,0.645675527,0.486752673,0.475931879,-0.534811368,-0.255554428,0.633113585,0.622071966,1.151069639,4.701374427,-8.672023698,-3.443044885,0.917995696,1.223424268
4.755200000,0.488491548,0.491761243,-0.491761243,-0.287643216,0.652660859,0.646769860,0.487566288,0.476665732,-0.535556182,-0.255952609,0.634138643,0.623129411,1.154425854,4.703399918,-8.692702581,-3.447430364,0.918902100,1.225105831
4.760400000,0.489285377,0.492531795,-0.492531795,-0.288087134,0.653709768,0.647860706,0.488377468,0.477398042,-0.536301709,-0.256353343,0.635160977,0.624190194,1.156718033,4.698646011,-8.707909696,-3.451120501,0.919788501,1.226015443
4.765000000,0.489985489,0.493211378,-0.493211378,-0.288478644,0.654634844,0.648822770,0.489024998,0.477983518,-0.536901361,-0.256672097,0.635978720,0.625043714,1.165737439,4.696887397,-8.769259483,-3.466685762,0.924133658,1.231321719
4.770000000,0.490744212,0.493947854,-0.493947854,-0.288902931,0.655637366,0.649865375,0.489994641,0.478862130,-0.537811455,-0.257140947,0.637208293,0.626339164,1.144843756,4.656656286,-8.642711255,-3.440663880,0.909684751,1.216092665
4.775000000,0.491500567,0.494682030,-0.494682030,-0.289325893,0.656636758,0.650904725,0.490801288,0.479594057,-0.538574526,-0.257539474,0.638233644,0.627394083,1.144576984,4.674133506,-8.589355846,-3.419936052,0.909128378,1.218782478
4.780000000,0.492254543,0.495413899,-0.495413899,-0.289747525,0.657633008,0.651940808,0.491604738,0.480320615,-0.539322356,-0.257972557,0.639247661,0.628422333,1.143680003,4.699142615,-8.540126024,-3.400421750,0.909137918,1.218551077
4.785000000,0.493006135,0.496143452,-0.496143452,-0.290167824,0.658626106,0.652973613,0.492405548,0.481042148,-0.540060190,-0.258413422,0.640252552,0.629455942,1.143107117,4.712109689,-8.525990335,-3.393412192,0.908989559,1.218360859
4.790000000,0.493755334,0.496870682,-0.496870682,-0.290586784,0.659616043,0.654003130,0.493203840,0.481760213,-0.540788574,-0.258852271,0.641252305,0.630488383,1.142154914,4.688257455,-8.528361434,-3.390866352,0.909331245,1.218054620
4.795000000,0.494502132,0.497595582,-0.497595582,-0.291004402,0.660602807,0.655029348,0.493840635,0.482332587,-0.541364811,-0.259199846,0.642049874,0.631313314,1.159438104,4.728654888,-8.643185108,-3.417182353,0.917217772,1.228635836
4.800000000,0.495246522,0.498318145,-0.498318145,-0.291420673,0.661586390,0.656052256,0.494792926,0.483187620,-0.542223000,-0.259706619,0.643246145,0.632568592,1.139722543,4.692298475,-8.554124918,-3.398870917,0.902816224,1.213371501
4.805000000,0.495988496,0.499038362,-0.499038362,-0.291835594,0.662566780,0.657071845,0.495585544,0.483901327,-0.542943443,-0.260105923,0.644247944,0.633607943,1.140002994,4.679882023,-8.565176748,-3.400245994,0.901921560,1.215580845
4.810000000,0.496728046,0.499756227,-0.499756227,-0.292249159,0.663543968,0.658088103,0.496375170,0.484612617,-0.543654300,-0.260511794,0.645243544,0.634619860,1.139879569,4.679791656,-8.569827143,-3.399075160,0.901650076,1.215067805
4.815000000,0.497465166,0.500471733,-0.500471733,-0.292661364,0.664517944,0.659101021,0.497161620,0.485320732,-0.544359049,-0.260916149,0.646233413,0.635636300,1.140629669,4.672153543,-8.584920556,-3.401918928,0.899845625,1.214749483
4.820000000,0.498199847,0.501184871,-0.501184871,-0.293072206,0.665488698,0.660110589,0.497788803,0.485885508,-0.544920096,-0.261235322,0.647021541,0.636448213,1.157111977,4.682831276,-8.707353433,-3.431283909,0.909934825,1.225077352
4.825000000,0.498932082,0.501895636,-0.501895636,-0.293481680,0.666456220,0.661116795,0.498726330,0.486730976,-0.545767142,-0.261693637,0.648203162,0.637688724,1.138449235,4.632965842,-8.629969071,-3.420144293,0.895402583,1.209612825
4.830000000,0.499661864,0.502604019,-0.502604019,-0.293889783,0.667420501,0.662119631,0.499505375,0.487436887,-0.546484573,-0.262059187,0.649194196,0.638716739,1.138625152,4.631089792,-8.620673335,-3.415719726,0.894066212,1.211617469
4.835000000,0.500389186,0.503310014,-0.503310014,-0.294296509,0.668381531,0.663119085,0.500280680,0.488138993,-0.547194199,-0.262444747,0.650177195,0.639711250,1.137934954,4.620756598,-8.605743213,-3.408152316,0.894798409,1.211291521
4.840000000,0.501114040,0.504013614,-0.504013614,-0.294701856,0.669339301,0.664115149,0.501052564,0.488836105,-0.547898933,-0.262838568,0.651151019,0.640709193,1.139385998,4.648814165,-8.595007755,-3.403827344,0.892395487,1.211038977
4.845000000,0.501836420,0.504714811,-0.504714811,-0.295105819,0.670293801,0.665107812,0.501821194,0.489528692,-0.548600224,-0.263233006,0.652118066,0.641705368,1.139387584,4.651432199,-8.589647526,-3.400780176,0.891603613,1.210670174
4.850000000,0.502556318,0.505413600,-0.505413600,-0.295508394,0.671245021,0.666097064,0.502587101,0.490218969,-0.549297772,-0.263629128,0.653080762,0.642700071,1.138996103,4.648564264,-8.583862320,-3.397680743,0.890942199,1.210219656
4.855000000,0.503273726,0.506109973,-0.506109973,-0.295909577,0.672192953,0.667082897,0.503350358,0.490907435,-0.549992184,-0.264024606,0.654040292,0.643692361,1.138502097,4.644349386,-8.581149684,-3.395713199,0.890329580,1.209703904
4.860000000,0.503988640,0.506803923,-0.506803923,-0.296309364,0.673137587,0.668065300,0.504110804,0.491593849,-0.550683784,-0.264417862,0.654997537,0.644682181,1.138526179,4.636547959,-8.582342827,-3.394901180,0.888187567,1.209185119
4.865200000,0.504729494,0.507523054,-0.507523054,-0.296723659,0.674116498,0.669083351,0.504868754,0.492278311,-0.551372367,-0.264808985,0.655951900,0.645669743,1.141377940,4.634932286,-8.604266503,-3.399147621,0.888887214,1.210665669
4.870000000,0.505410951,0.508184528,-0.508184528,-0.297104737,0.675016925,0.670019779,0.505624266,0.492960531,-0.552058698,-0.265196820,0.656903281,0.646658119,1.137197951,4.625913241,-8.585474637,-3.394615396,0.885617197,1.207268438
4.875000000,0.506118335,0.508871171,-0.508871171,-0.297500314,0.675951611,0.670991836,0.506377443,0.493640879,-0.552744632,-0.265579640,0.657852753,0.647642527,1.136676477,4.624450319,-8.584439201,-3.393308104,0.884729963,1.207112400
4.880000000,0.506823196,0.509555364,-0.509555364,-0.297894480,0.676882964,0.671960427,0.506977975,0.494183323,-0.553291033,-0.265886424,0.658609838,0.648423558,1.152501401,4.631954404,-8.687233266,-3.416692102,0.893008931,1.216932659
4.885000000,0.507525528,0.510237101,-0.510237101,-0.298287232,0.677810973,0.672925540,0.507726496,0.494859844,-0.553973073,-0.266268058,0.659554621,0.649411413,1.149597821,4.620049135,-8.685741708,-3.418643456,0.890511418,1.213163302
4.890000000,0.508225323,0.510916376,-0.510916376,-0.298678565,0.678735632,0.673887169,0.508623547,0.495673614,-0.554808526,-0.266700657,0.660698046,0.650632039,1.129615044,4.573961140,-8.578392456,-3.397897118,0.875870572,1.199588150
4.895000000,0.508922575,0.511593183,-0.511593183,-0.299068477,0.679656930,0.674845303,0.509369179,0.496351355,-0.555507512,-0.267067949,0.661651806,0.651603546,1.129319470,4.591212310,-8.534036868,-3.380111236,0.875449482,1.201994942
4.900000000,0.509617278,0.512267516,-0.512267516,-0.299456962,0.680574859,0.675799933,0.510111129,0.497022933,-0.556193277,-0.267460060,0.662592090,0.652548403,1.129124384,4.612304263,-8.508388478,-3.369126075,0.875968621,1.201821045
4.905000000,0.510309424,0.512939367,-0.512939367,-0.299844018,0.681489411,0.676751052,0.510849700,0.497688755,-0.556867337,-0.267862738,0.663521702,0.653498717,1.129317652,4.623144709,-8.492568186,-3.360552556,0.874673858,1.201789056
4.910000000,0.510999009,0.513608731,-0.513608731,-0.300229642,0.682400578,0.677698649,0.511585333,0.498350776,-0.557529850,-0.268270318,0.664444524,0.654448119,1.129110263,4.627487155,-8.486985658,-3.355582884,0.873864023,1.201538181
4.915000000,0.511686025,0.514275602,-0.514275602,-0.300613829,0.683308351,0.678642717,0.512318212,0.499009705,-0.558184423,-0.268670432,0.665362626,0.655396157,1.129127750,4.622572433,-8.502789775,-3.358404321,0.873124437,1.201113756
4.920000000,0.512370466,0.514939974,-0.514939974,-0.300996576,0.684212721,0.679583247,0.513048373,0.499666106,-0.558832668,-0.269059126,0.666277385,0.656342534,1.129060730,4.616283634,-8.524590957,-3.363338993,0.872327816,1.200593186
4.925000000,0.513052326,0.515601840,-0.515601840,-0.301377880,0.685113682,0.680520230,0.513775575,0.500320493,-0.559476772,-0.269435653,0.667190216,0.657286591,1.128676624,4.582468568,-8.554469075,-3.370867276,0.872116844,1.200035510
4.930000000,0.513731599,0.516261195,-0.516261195,-0.301757737,0.686011223,0.681453658,0.514499497,0.500972382,-0.560119124,-0.269799873,0.668101268,0.658227912,1.130208021,4.592564529,-8.579039344,-3.378404034,0.868860540,1.199390768
4.935000000,0.514408279,0.516918033,-0.516918033,-0.302136144,0.686905339,0.682383522,0.515220037,0.501621244,-0.560761520,-0.270152481,0.669009923,0.659166479,1.130528495,4.581898871,-8.602796368,-3.385581156,0.867473061,1.198723074
4.940000000,0.515082359,0.517572348,-0.517572348,-0.302513098,0.687796020,0.683309815,0.515937579,0.502268596,-0.561404023,-0.270500999,0.669916324,0.660102555,1.130364541,4.570843995,-8.612433759,-3.388203514,0.866401637,1.198041854
4.945000000,0.515753835,0.518224134,-0.518224134,-0.302888594,0.688683258,0.684232528,0.516509394,0.502785394,-0.561918989,-0.270778580,0.670639630,0.660848224,1.145716870,4.573739886,-8.714927073,-3.412726887,0.874188209,1.207372696
4.950000000,0.516422699,0.518873386,-0.518873386,-0.303262631,0.689567047,0.685151652,0.517364008,0.503559321,-0.562696914,-0.271190639,0.671723377,0.661981322,1.127435526,4.538549150,-8.617437762,-3.394073334,0.861626452,1.193341823
4.955000000,0.517088947,0.519520098,-0.519520098,-0.303635204,0.690447378,0.686067181,0.518074257,0.504204936,-0.563359876,-0.271520457,0.672630866,0.662929479,1.127182746,4.533846969,-8.600953332,-3.389340272,0.859830343,1.194509373
4.960000000,0.517752572,0.520164264,-0.520164264,-0.304006311,0.691324244,0.686979107,0.518781004,0.504846683,-0.564016642,-0.271872990,0.673530244,0.663841141,1.126502374,4.550616430,-8.562958960,-3.375217996,0.859544342,1.194181619
4.965000000,0.518413569,0.520805879,-0.520805879,-0.304375948,0.692197637,0.687887420,0.519484620,0.505483856,-0.564666327,-0.272242988,0.674420296,0.664753716,1.125667474,4.565945980,-8.531846035,-3.363544542,0.859355478,1.193875929
4.970000000,0.519071932,0.521444937,-0.521444937,-0.304744112,0.693067550,0.688792115,0.520045402,0.505990807,-0.565182480,-0.272542461,0.675127556,0.665482213,1.140449236,4.577599681,-8.616005926,-3.381316505,0.867195149,1.203145528
4.975000000,0.519727656,0.522081433,-0.522081433,-0.305110800,0.693933976,0.689693182,0.520884039,0.506748777,-0.565954825,-0.272985226,0.676185960,0.666595473,1.121856492,4.549627315,-8.515838526,-3.360341414,0.854940839,1.189245533
4.980000000,0.520380735,0.522715363,-0.522715363,-0.305476009,0.694796907,0.690590615,0.521581286,0.507380309,-0.566600012,-0.273350042,0.677071301,0.667518138,1.121096520,4.556929031,-8.483537667,-3.346683235,0.853636595,1.191028215
4.985000000,0.521031163,0.523346719,-0.523346719,-0.305839736,0.695656336,0.691484406,0.522136660,0.507882623,-0.567106838,-0.273653752,0.677774329,0.668230392,1.135471002,4.576113704,-8.564496675,-3.362058862,0.861925534,1.200188906
4.990000000,0.521678936,0.523975498,-0.523975498,-0.306201978,0.696512256,0.692374548,0.522966861,0.508631938,-0.567860609,-0.274101279,0.678821555,0.669329677,1.117683066,4.553629300,-8.478908247,-3.344756844,0.851242376,1.186421935
4.995000000,0.522324048,0.524601693,-0.524601693,-0.306562732,0.697364660,0.693261034,0.523519007,0.509130884,-0.568364682,-0.274387958,0.679521433,0.670059816,1.132416491,4.561901616,-8.566410193,-3.361985654,0.858499723,1.197732438
5.000000000,0.522966494,0.525225301,-0.525225301,-0.306921995,0.698213541,0.694143855,0.524343100,0.509875676,-0.569110978,-0.274820257,0.680565810,0.671129344,1.116046404,4.539030547,-8.484107232,-3.344509388,0.846730753,1.184876599
5.005000000,0.523606269,0.525846316,-0.525846316,-0.307279764,0.699058892,0.695023006,0.525027225,0.510494707,-0.569731756,-0.275172013,0.681434917,0.672024488,1.116360466,4.541977987,-8.475889081,-3.338069111,0.846163256,1.186843721
5.010000000,0.524243367,0.526464733,-0.526464733,-0.307636036,0.699900707,0.695898479,0.525707816,0.511109314,-0.570339516,-0.275535248,0.682294489,0.672893851,1.116401701,4.551021332,-8.475685339,-3.334775689,0.846135545,1.186540155
5.015000000,0.524877784,0.527080547,-0.527080547,-0.307990809,0.700738980,0.696770268,0.526385047,0.511719859,-0.570938815,-0.275895936,0.683146557,0.673767091,1.116192468,4.529703700,-8.495005614,-3.337927171,0.846466964,1.186301151
5.020000000,0.525509514,0.527693754,-0.527693754,-0.308344080,0.701573702,0.697638365,0.527058763,0.512326813,-0.571532452,-0.276248194,0.683993843,0.674639050,1.117865525,4.541561348,-8.515040617,-3.343009222,0.843690198,1.185841618
5.025000000,0.526138554,0.528304348,-0.528304348,-0.308695846,0.702404869,0.698502763,0.527728918,0.512930430,-0.572123741,-0.276587838,0.684837581,0.675508917,1.118430578,4.530759445,-8.539809665,-3.349875315,0.842564643,1.185321226
5.030000000,0.526764897,0.528912326,-0.528912326,-0.309046104,0.703232473,0.699363457,0.528395886,0.513532186,-0.572713732,-0.276919589,0.685678425,0.676376413,1.118676375,4.518493663,-8.557902488,-3.354887872,0.841717352,1.184753227
5.035000000,0.527388539,0.529517681,-0.529517681,-0.309394852,0.704056509,0.700220440,0.529059599,0.514132214,-0.573304274,-0.277244527,0.686516668,0.677241423,1.118812409,4.507405553,-8.572213929,-3.359234766,0.840916461,1.184106197
5.040000000,0.528009476,0.530120411,-0.530120411,-0.309742087,0.704876969,0.701073705,0.529719858,0.514730169,-0.573896219,-0.277564877,0.687352529,0.678103304,1.119222868,4.496355139,-8.581978877,-3.362173529,0.838741969,1.183499020
5.045200000,0.528652376,0.530744459,-0.530744459,-0.310101604,0.705726450,0.701957150,0.530376958,0.515325978,-0.574489102,-0.277884875,0.688185066,0.678962549,1.121957576,4.493194045,-8.599333249,-3.366136525,0.839188378,1.184637789
5.050000000,0.529243215,0.531317974,-0.531317974,-0.310432008,0.706507142,0.702769056,0.531031066,0.515919432,-0.575084080,-0.278204395,0.689014203,0.679823129,1.118245288,4.485175482,-8.576848608,-3.361455016,0.836246463,1.181466089
5.055000000,0.529856008,0.531912798,-0.531912798,-0.310774689,0.707316842,0.703611130,0.531682320,0.516510787,-0.575681815,-0.278524125,0.689840985,0.680679562,1.117593501,4.486775962,-8.562535553,-3.356819443,0.835327017,1.181162968
5.060000000,0.530466078,0.532504979,-0.532504979,-0.311115846,0.708122944,0.704449462,0.532330367,0.517099313,-0.576277875,-0.278851328,0.690663638,0.681526668,1.116126544,4.475095606,-8.547716673,-3.350920746,0.835142833,1.180576437
5.065200000,0.531097656,0.533118038,-0.533118038,-0.311469032,0.708957466,0.705317350,0.532846592,0.517567752,-0.576753066,-0.279117334,0.691318466,0.682202740,1.133159845,4.505981646,-8.635462809,-3.370084727,0.842917057,1.190686322
5.070000000,0.531678029,0.533681393,-0.533681393,-0.311793583,0.709724328,0.706114873,0.533617671,0.518267015,-0.577465968,-0.279515483,0.692299263,0.683234701,1.112419593,4.481673453,-8.515128605,-3.344193142,0.829056849,1.175468491
5.075000000,0.532279902,0.534265618,-0.534265618,-0.312130158,0.710519600,0.706941942,0.534258765,0.518850045,-0.578065611,-0.279843190,0.693121105,0.684088567,1.111410259,4.486715032,-8.481094053,-3.331108305,0.827895044,1.177418263
5.080000000,0.532879035,0.534847183,-0.534847183,-0.312465199,0.711311250,0.707765245,0.534769360,0.519313794,-0.578536531,-0.280121008,0.693772697,0.684747382,1.124344479,4.506239592,-8.542875180,-3.341099082,0.835231974,1.185644648
5.085200000,0.533499222,0.535449184,-0.535449184,-0.312812015,0.712130720,0.708617479,0.535532593,0.520005000,-0.579236865,-0.280534413,0.694741702,0.685759139,1.110340575,4.489313549,-8.474546941,-3.327306033,0.826295695,1.174808729
5.090000000,0.534069064,0.536002317,-0.536002317,-0.313130677,0.712883667,0.709400531,0.536040558,0.520465241,-0.579705415,-0.280800121,0.695387984,0.686440072,1.120030315,4.495613466,-8.528188563,-3.337051058,0.832311519,1.182424143
5.095000000,0.534659951,0.536575878,-0.536575878,-0.313461108,0.713664423,0.710212503,0.536672906,0.521038112,-0.580283730,-0.281138450,0.696192260,0.687265755,1.117795683,4.489723335,-8.518799961,-3.334096613,0.829287219,1.179889971
5.100000000,0.535248083,0.537146764,-0.537146764,-0.313789997,0.714441536,0.711020688,0.537429633,0.521724464,-0.580978446,-0.281533704,0.697158769,0.688283129,1.100618775,4.471852386,-8.424083672,-3.312270827,0.818583040,1.168897464
5.105200000,0.535856811,0.537737644,-0.537737644,-0.314130405,0.715245866,0.711857177,0.537932358,0.522180530,-0.581438223,-0.281797898,0.697801434,0.688937091,1.116968372,4.486713753,-8.510864261,-3.327674345,0.827303617,1.181032302
5.110000000,0.536416062,0.538280495,-0.538280495,-0.314443145,0.715984819,0.712625675,0.538682339,0.522858701,-0.582109942,-0.282210394,0.698752493,0.689906160,1.098559264,4.479277784,-8.404430971,-3.301347271,0.815887865,1.167365801
5.115000000,0.536995902,0.538843333,-0.538843333,-0.314767398,0.716750978,0.713422467,0.539304535,0.523420774,-0.582666005,-0.282543853,0.699541166,0.690726015,1.099390274,4.483298987,-8.406123416,-3.297942428,0.815333516,1.169084528
5.120000000,0.537572972,0.539403482,-0.539403482,-0.315090102,0.717513476,0.714215451,0.539922495,0.523977894,-0.583207136,-0.282883148,0.700319305,0.691506134,1.100452755,4.488315355,-8.416435494,-3.297143470,0.815555479,1.169276407
5.125000000,0.538147267,0.539960937,-0.539960937,-0.315411254,0.718272307,0.715004623,0.540413899,0.524420411,-0.583632501,-0.283150487,0.700935867,0.692134385,1.114772545,4.491255410,-8.520206232,-3.320755994,0.822550267,1.177562365
5.130000000,0.538718785,0.540515697,-0.540515697,-0.315730853,0.719027469,0.715789978,0.541146945,0.525081327,-0.584268400,-0.283527342,0.701857588,0.693098274,1.100549461,4.451048527,-8.488343313,-3.319538901,0.812052157,1.165561804
5.135000000,0.539287521,0.541067757,-0.541067757,-0.316048897,0.719778956,0.716571511,0.541754930,0.525631603,-0.584803290,-0.283819913,0.702627351,0.693896618,1.101923403,4.441190631,-8.504901046,-3.322534106,0.811199503,1.167189348
5.140000000,0.539853473,0.541617114,-0.541617114,-0.316365384,0.720526764,0.717349219,0.542358489,0.526178338,-0.585332472,-0.284117357,0.703390262,0.694669416,1.102945868,4.439234242,-8.516061392,-3.324413999,0.810828543,1.166834451
5.145000000,0.540416638,0.542163765,-0.542163765,-0.316680312,0.721270889,0.718123095,0.542957838,0.526721423,-0.585859701,-0.284412615,0.704147060,0.695444377,1.103830795,4.436203129,-8.529068729,-3.327658147,0.810420489,1.166551193
5.150000000,0.540977012,0.542707708,-0.542707708,-0.316993679,0.722011326,0.718893137,0.543553092,0.527261556,-0.586386846,-0.284704374,0.704899807,0.696217815,1.103747912,4.416065043,-8.542719868,-3.330909663,0.810275563,1.166160016
5.155000000,0.541534592,0.543248938,-0.543248938,-0.317305485,0.722748072,0.719659341,0.544144253,0.527798720,-0.586915611,-0.284991962,0.705649493,0.696989496,1.105440621,4.423629537,-8.547540334,-3.333060399,0.807548772,1.165625173
5.160000000,0.542089376,0.543787455,-0.543787455,-0.317615726,0.723481123,0.720421701,0.544731536,0.528332792,-0.587445962,-0.285277711,0.706396168,0.697759109,1.105491238,4.420300223,-8.545310226,-3.332325010,0.806440310,1.165072672
5.165000000,0.542641361,0.544323253,-0.544323253,-0.317924402,0.724210475,0.721180214,0.545315571,0.528864545,-0.587977066,-0.285565929,0.707139293,0.698525944,1.105143550,4.417403613,-8.536601846,-3.329555969,0.805750366,1.164487197
5.170000000,0.543190543,0.544856332,-0.544856332,-0.318231511,0.724936124,0.721934877,0.545896548,0.529393947,-0.588508414,-0.285857280,0.707878725,0.699290181,1.104517632,4.416992011,-8.523889030,-3.325463993,0.805115976,1.163840039
5.175000000,0.543736920,0.545386688,-0.545386688,-0.318537051,0.725658067,0.722685685,0.546474382,0.529920818,-0.589038924,-0.286152831,0.708615103,0.700051679,1.103973498,4.416235954,-8.509337770,-3.320377039,0.803055115,1.163208149
5.180000000,0.544280489,0.545914319,-0.545914319,-0.318841021,0.726376300,0.723432634,0.547049544,0.530445073,-0.589567604,-0.286451665,0.709347578,0.700809490,1.103174604,4.417690172,-8.495349362,-3.315494126,0.802012859,1.162549616
5.185000000,0.544821248,0.546439222,-0.546439222,-0.319143420,0.727090820,0.724175722,0.547622106,0.530966497,-0.590093493,-0.286753103,0.710075844,0.701564200,1.102191379,4.419437329,-8.481028942,-3.310253931,0.801176740,1.161857255
5.190000000,0.545359195,0.546961394,-0.546961394,-0.319444245,0.727801623,0.724914945,0.548078226,0.531381639,-0.590511578,-0.286995788,0.710655899,0.702165420,1.113872388,4.426847427,-8.548079726,-3.324190246,0.807212880,1.169154420
5.195000000,0.545894326,0.547480834,-0.547480834,-0.319743497,0.728508706,0.725650300,0.548760095,0.532001980,-0.591139518,-0.287349975,0.711524012,0.703081511,1.097101862,4.391498514,-8.476942299,-3.311074393,0.798450850,1.157394944
5.200000000,0.546426640,0.547997539,-0.547997539,-0.320041173,0.729212067,0.726381782,0.549326229,0.532517841,-0.591664694,-0.287642028,0.712249858,0.703832434,1.097407995,4.413057948,-8.445021330,-3.298718420,0.795631385,1.158968156
5.205000000,0.546956133,0.548511507,-0.548511507,-0.320337271,0.729911701,0.727109390,0.549888847,0.533029429,-0.592178686,-0.287951164,0.712968923,0.704564773,1.096332061,4.425359246,-8.421798498,-3.288912428,0.794919066,1.158230963
5.210000000,0.547482805,0.549022735,-0.549022735,-0.320631792,0.730607607,0.727833120,0.550336896,0.533436053,-0.592583572,-0.288201659,0.713539386,0.705151950,1.107879455,4.434045298,-8.489903439,-3.302351247,0.801127867,1.165483325
5.215000000,0.548006653,0.549531222,-0.549531222,-0.320924734,0.731299781,0.728552969,0.551006875,0.534043097,-0.593188671,-0.288559227,0.714390051,0.706043994,1.092966586,4.405367224,-8.441213750,-3.296091636,0.792392570,1.154113772
5.220000000,0.548527674,0.550036966,-0.550036966,-0.321216095,0.731988221,0.729268934,0.551452494,0.534447429,-0.593594411,-0.288784260,0.714958419,0.706639175,1.104730464,4.406072638,-8.511546021,-3.310014766,0.797890970,1.162929829
5.225000000,0.549045868,0.550539965,-0.550539965,-0.321505874,0.732672924,0.729981013,0.552116565,0.535050905,-0.594194092,-0.289130074,0.715807208,0.707513644,1.090497412,4.391459601,-8.436872868,-3.293472598,0.787825412,1.151991098
5.230000000,0.549561231,0.551040217,-0.551040217,-0.321794071,0.733353887,0.730689204,0.552557026,0.535451947,-0.594594124,-0.289356060,0.716372996,0.708099458,1.102492307,4.399118553,-8.501672599,-3.305528414,0.793855767,1.160814823
5.235000000,0.550073763,0.551537720,-0.551537720,-0.322080685,0.734031109,0.731393503,0.553104642,0.535949739,-0.595087020,-0.289643746,0.717073083,0.708814104,1.100818715,4.395277294,-8.503942754,-3.306867273,0.792090948,1.158033904
5.240000000,0.550583461,0.552032472,-0.552032472,-0.322365714,0.734704587,0.732093908,0.553759028,0.536545221,-0.595682120,-0.289974892,0.717912987,0.709700217,1.085183367,4.365923626,-8.430629566,-3.290673192,0.783757011,1.148385275
5.245000000,0.551090323,0.552524472,-0.552524472,-0.322649157,0.735374319,0.732790417,0.554301252,0.537039639,-0.596176921,-0.290251594,0.718611767,0.710418735,1.085895038,4.381863700,-8.411940903,-3.282994337,0.781109860,1.149169742
5.250000000,0.551594350,0.553013719,-0.553013719,-0.322931014,0.736040302,0.733483028,0.554731914,0.537431441,-0.596563601,-0.290484118,0.719163198,0.710966649,1.096958412,4.390673095,-8.475234273,-3.293367316,0.789032954,1.156742235
5.255000000,0.552095537,0.553500211,-0.553500211,-0.323211284,0.736702535,0.734171739,0.555373685,0.538013512,-0.597133941,-0.290833773,0.719979211,0.711806151,1.084941845,4.389924480,-8.409346104,-3.279457533,0.779610851,1.146590793
5.260000000,0.552593885,0.553983946,-0.553983946,-0.323489966,0.737361016,0.734856548,0.555904921,0.538496259,-0.597607252,-0.291117029,0.720657750,0.712509403,1.085260277,4.391490420,-8.400277937,-3.273351705,0.779133898,1.147766889
5.265000000,0.553089393,0.554464924,-0.554464924,-0.323767059,0.738015743,0.735537452,0.556327047,0.538880009,-0.597978386,-0.291348138,0.721195143,0.713050098,1.097277203,4.395253180,-8.475935136,-3.289124713,0.784880304,1.154829120
5.270000000,0.553582058,0.554943143,-0.554943143,-0.324042563,0.738666715,0.736214451,0.556956510,0.539452279,-0.598531169,-0.291680425,0.721995416,0.713880667,1.084610247,4.367435493,-8.436268437,-3.283905000,0.775854969,1.144553256
5.275000000,0.554071879,0.555418602,-0.555418602,-0.324316477,0.739313929,0.736887543,0.557478331,0.539928286,-0.598994319,-0.291941882,0.722663582,0.714581730,1.084625484,4.359761077,-8.441979559,-3.283935651,0.774618076,1.145072973
5.280000000,0.554558856,0.555891300,-0.555891300,-0.324588800,0.739957385,0.737556726,0.557892768,0.540306598,-0.599359356,-0.292155822,0.723193602,0.715113246,1.096584805,4.366578905,-8.512988480,-3.298524612,0.780477305,1.152251503
5.285000000,0.555042988,0.556361235,-0.556361235,-0.324859532,0.740597081,0.738221999,0.558510532,0.540869807,-0.599905236,-0.292468043,0.723980337,0.715925381,1.083420502,4.335741132,-8.469932353,-3.292228505,0.773578545,1.142339422
5.290000000,0.555524273,0.556828408,-0.556828408,-0.325128672,0.741233017,0.738883361,0.558920171,0.541243868,-0.600273668,-0.292665074,0.724504146,0.716469926,1.096186233,4.349271101,-8.534855275,-3.306445080,0.778359819,1.150513362
5.295000000,0.556002711,0.557292817,-0.557292817,-0.325396220,0.741865190,0.739540810,0.559529473,0.541800777,-0.600824955,-0.292962599,0.725284924,0.717273682,1.083789999,4.334353732,-8.468594064,-3.293322027,0.769243687,1.140514842
5.300000000,0.556478301,0.557754462,-0.557754462,-0.325662175,0.742493600,0.740194345,0.560034354,0.542262919,-0.601285959,-0.293212568,0.725933187,0.717934686,1.083926893,4.340006513,-8.446802640,-3.283906430,0.769145614,1.142321800
5.305000000,0.556951042,0.558213341,-0.558213341,-0.325926537,0.743118245,0.740843966,0.560535383,0.542721121,-0.601738606,-0.293478458,0.726573076,0.718582752,1.083774586,4.349402249,-8.430127609,-3.276863406,0.769176133,1.141813844
5.310000000,0.557420935,0.558669455,-0.558669455,-0.326189306,0.743739127,0.741489672,0.561032749,0.543175354,-0.602185569,-0.293747583,0.727206394,0.719233140,1.083966439,4.351003775,-8.426530887,-3.274075958,0.767667381,1.141496552
5.315000000,0.557887977,0.559122802,-0.559122802,-0.326450482,0.744356242,0.742131461,0.561526986,0.543626371,-0.602627455,-0.294015319,0.727834565,0.719881302,1.083911388,4.349417008,-8.427462647,-3.273056720,0.766907430,1.141003421
5.320000000,0.558352169,0.559573383,-0.559573383,-0.326710063,0.744969592,0.742769334,0.561920072,0.543985109,-0.602977881,-0.294226941,0.728334311,0.720398238,1.094570056,4.350872430,-8.495648236,-3.287976378,0.772295697,1.147322337
5.325000000,0.558813511,0.560021197,-0.560021197,-0.326968051,0.745579175,0.743403290,0.562408980,0.544431472,-0.603413615,-0.294486601,0.728956559,0.721053300,1.092738717,4.338423039,-8.501644392,-3.291133445,0.770251096,1.144426271
5.330000000,0.559272001,0.560466244,-0.560466244,-0.327224444,0.746184991,0.744033328,0.562993319,0.544966989,-0.603945006,-0.294777595,0.729708733,0.721856605,1.078146799,4.303844839,-8.444894813,-3.280898704,0.762278849,1.135422766
5.335000000,0.559727641,0.560908523,-0.560908523,-0.327479243,0.746787041,0.744659449,0.563477183,0.545411442,-0.604388027,-0.295021739,0.730335608,0.722495867,1.079243974,4.323125927,-8.421436404,-3.271440105,0.759940279,1.136678968
5.340000000,0.560180430,0.561348035,-0.561348035,-0.327732447,0.747385323,0.745281652,0.563956961,0.545850846,-0.604822575,-0.295277672,0.730953316,0.723116812,1.079278382,4.332744986,-8.410696312,-3.266283694,0.759656104,1.136291172
5.345000000,0.560630368,0.561784780,-0.561784780,-0.327984058,0.747979838,0.745899937,0.564433481,0.546286095,-0.605249726,-0.295538056,0.731562499,0.723739502,1.079107022,4.336831355,-8.404292373,-3.262297977,0.759505826,1.135961889
5.350000000,0.561077455,0.562218757,-0.562218757,-0.328234074,0.748570586,0.746514305,0.564906860,0.546718130,-0.605670515,-0.295798170,0.732165933,0.724360059,1.078875213,4.335719108,-8.405452651,-3.261088173,0.759105308,1.135472831
5.355000000,0.561521691,0.562649967,-0.562649967,-0.328482495,0.749157567,0.747124755,0.565376987,0.547147395,-0.606086435,-0.296053579,0.732765793,0.724978389,1.078902135,4.328904432,-8.414924754,-3.262623317,0.757224559,1.134935352
5.360000000,0.561963076,0.563078410,-0.563078410,-0.328729323,0.749740781,0.747731288,0.565844161,0.547574121,-0.606498344,-0.296302722,0.733362182,0.725594210,1.078838389,4.322001581,-8.426286936,-3.265158835,0.756204634,1.134299702
5.365000000,0.562401611,0.563504086,-0.563504086,-0.328974557,0.750320230,0.748333904,0.566308298,0.547998296,-0.606907149,-0.296545779,0.733955085,0.726207186,1.078710830,4.314514104,-8.436884470,-3.267608099,0.755380609,1.133620835
5.370000000,0.562837297,0.563926996,-0.563926996,-0.329218197,0.750895913,0.748932605,0.566769309,0.548420011,-0.607313741,-0.296783515,0.734544847,0.726817059,1.078474578,4.308673476,-8.445897551,-3.269838089,0.754569984,1.132892782
5.375000000,0.563270133,0.564347141,-0.564347141,-0.329460244,0.751467831,0.749527390,0.567227042,0.548839253,-0.607719039,-0.297016403,0.735131895,0.727423468,1.077423008,4.293342004,-8.457703140,-3.272526368,0.754029609,1.132193167
5.380000000,0.563700120,0.564764520,-0.564764520,-0.329700698,0.752035985,0.750118260,0.567681260,0.549255724,-0.608124249,-0.297244230,0.735716202,0.728026053,1.078495472,4.296340546,-8.461927816,-3.274380288,0.751367664,1.131420325
5.385000000,0.564127260,0.565179135,-0.565179135,-0.329939559,0.752600376,0.750705217,0.568131998,0.549669247,-0.608529049,-0.297469885,0.736297285,0.728625248,1.078134495,4.293525201,-8.460471066,-3.273661221,0.750284982,1.130686795
5.390000000,0.564551552,0.565590986,-0.565590986,-0.330176828,0.753161005,0.751288261,0.568579697,0.550080309,-0.608932751,-0.297697060,0.736874478,0.729220861,1.077506878,4.290860126,-8.454450429,-3.271529995,0.749545983,1.129941428
5.395000000,0.564972998,0.566000074,-0.566000074,-0.330412505,0.753717873,0.751867394,0.569024423,0.550488873,-0.609335280,-0.297925495,0.737447736,0.729812454,1.076790055,4.290016255,-8.446823982,-3.268886029,0.748866872,1.129196053
5.400000000,0.565391599,0.566406400,-0.566406400,-0.330646592,0.754270981,0.752442617,0.569466030,0.550894819,-0.609736022,-0.298155675,0.738017576,0.730400374,1.076156427,4.288675853,-8.439124653,-3.265894996,0.746847729,1.128488667
5.405400000,0.565840492,0.566842131,-0.566842131,-0.330897618,0.754864117,0.753059468,0.569904899,0.551298112,-0.610134763,-0.298386221,0.738583321,0.730984673,1.079291224,4.289187822,-8.455322272,-3.268658223,0.747996057,1.130139223
5.410000000,0.566220268,0.567210770,-0.567210770,-0.331109993,0.755365924,0.753581338,0.570341139,0.551698863,-0.610531982,-0.298615610,0.739145467,0.731570394,1.073927247,4.283292356,-8.426026678,-3.262034333,0.744560851,1.126100944
5.415000000,0.566630338,0.567608817,-0.567608817,-0.331339309,0.755907762,0.754144840,0.570774805,0.552097603,-0.610928557,-0.298843556,0.739705680,0.732151414,1.073008606,4.285064982,-8.413008252,-3.257113310,0.743704952,1.125884072
5.420000000,0.567037568,0.568004106,-0.568004106,-0.331567036,0.756445846,0.754704438,0.571205436,0.552493408,-0.611319672,-0.299076901,0.740261331,0.732721724,1.071217603,4.280494330,-8.405784502,-3.253010903,0.743386100,1.125219507
5.425000000,0.567441959,0.568396639,-0.568396639,-0.331793176,0.756980178,0.755260134,0.571632935,0.552885960,-0.611706048,-0.299310784,0.740812549,0.733289255,1.071722698,4.288920061,-8.398932846,-3.250461537,0.740923577,1.124508920
5.430000000,0.567843512,0.568786417,-0.568786417,-0.332017729,0.757510761,0.755811931,0.571972699,0.553197680,-0.612011861,-0.299496321,0.741250744,0.733741207,1.079453502,4.285837976,-8.455354048,-3.261951727,0.746482086,1.129787804
5.435000000,0.568242228,0.569173442,-0.569173442,-0.332240696,0.758037595,0.756359830,0.572479435,0.553662322,-0.612469949,-0.299762495,0.741904799,0.734425998,1.068905842,4.272665376,-8.411435396,-3.255937060,0.737831400,1.120835822
5.440000000,0.568638110,0.569557716,-0.569557716,-0.332462077,0.758560685,0.756903834,0.572899136,0.554048190,-0.612853721,-0.299974954,0.742450872,0.734991622,1.068288896,4.272887631,-8.399081150,-3.250326684,0.736989897,1.121554464
5.445000000,0.569031159,0.569939240,-0.569939240,-0.332681875,0.759080031,0.757443945,0.573232426,0.554354795,-0.613154388,-0.300155098,0.742883412,0.735428650,1.076860894,4.279621926,-8.441223666,-3.257274781,0.741038677,1.126773072
5.450000000,0.569421377,0.570318015,-0.570318015,-0.332900089,0.759595636,0.757980165,0.573728926,0.554811311,-0.613601005,-0.300423750,0.743526800,0.736098123,1.065530526,4.267096365,-8.389526256,-3.247035973,0.733365340,1.118132526
5.455000000,0.569808765,0.570694045,-0.570694045,-0.333116721,0.760107503,0.758512498,0.574140120,0.555189789,-0.613974898,-0.300636273,0.744061392,0.736650761,1.065488036,4.265207990,-8.386529259,-3.244711636,0.732551918,1.118833189
5.460000000,0.570193327,0.571067330,-0.571067330,-0.333331772,0.760615634,0.759040946,0.574547883,0.555564740,-0.614339757,-0.300858297,0.744588571,0.737183979,1.064990622,4.272342673,-8.376592610,-3.239490983,0.732349665,1.118278076
5.465000000,0.570575063,0.571437873,-0.571437873,-0.333545243,0.761120033,0.759565512,0.574952343,0.555936123,-0.614697236,-0.301083527,0.745109060,0.737717133,1.063834567,4.265896233,-8.378974093,-3.237927816,0.732258280,1.117800127
5.470000000,0.570953977,0.571805676,-0.571805676,-0.333757136,0.761620702,0.760086198,0.575353387,0.556304238,-0.615049741,-0.301304347,0.745624822,0.738246919,1.064955339,4.269284944,-8.385292150,-3.239321220,0.729947633,1.117164422
5.475000000,0.571330070,0.572170741,-0.572170741,-0.333967452,0.762117644,0.760603009,0.575751047,0.556669322,-0.615398376,-0.301518210,0.746136783,0.738773796,1.064898680,4.263311385,-8.395340224,-3.241412466,0.729028461,1.116520064
5.480000000,0.571703344,0.572533070,-0.572533070,-0.334176191,0.762610862,0.761115948,0.576145663,0.557031955,-0.615743598,-0.301726953,0.746644841,0.739297475,1.064740459,4.255606827,-8.404968680,-3.243612947,0.728393912,1.115836326
5.485000000,0.572073804,0.572892667,-0.572892667,-0.334383356,0.763100360,0.761625017,0.576537174,0.557392264,-0.616086173,-0.301931185,0.747149491,0.739818151,1.064502789,4.248839949,-8.413267795,-3.245570642,0.727706348,1.115100169
5.490000000,0.572441450,0.573249532,-0.573249532,-0.334588948,0.763586140,0.762130220,0.576925324,0.557750104,-0.616427107,-0.302131010,0.747651253,0.740335034,1.064456357,4.241647603,-8.421896730,-3.247689379,0.725719191,1.114408471
5.495000000,0.572806285,0.573603670,-0.573603670,-0.334792968,0.764068208,0.762631562,0.577310363,0.558105441,-0.616766694,-0.302327627,0.748149537,0.740848854,1.064248115,4.236173777,-8.426787108,-3.248926424,0.724669814,1.113649437
5.500000000,0.573168313,0.573955083,-0.573955083,-0.334995418,0.764546565,0.763129045,0.577616017,0.558387814,-0.617037768,-0.302483112,0.748545649,0.741257596,1.072414292,4.235385427,-8.478230569,-3.260543183,0.728525870,1.118296131
5.505200000,0.573541847,0.574317663,-0.574317663,-0.335204302,0.765040125,0.763642339,0.578071204,0.558808622,-0.617446195,-0.302710351,0.749136213,0.741878369,1.063653003,4.220870903,-8.441465234,-3.255061045,0.723018636,1.111109358
5.510000000,0.573883957,0.574649742,-0.574649742,-0.335395614,0.765492165,0.764112453,0.578447808,0.559158032,-0.617791488,-0.302894347,0.749629179,0.742392565,1.060099092,4.214160705,-8.420502896,-3.248373099,0.721330845,1.110259203
5.515000000,0.574237580,0.574992996,-0.574992996,-0.335593364,0.765959416,0.764598385,0.578820796,0.559504405,-0.618133256,-0.303088659,0.750117469,0.742886912,1.060761765,4.226421676,-8.398790162,-3.241196791,0.719181991,1.109846208
5.520000000,0.574588406,0.575333535,-0.575333535,-0.335789550,0.766422972,0.765080476,0.579116660,0.559778700,-0.618403378,-0.303248908,0.750503353,0.743279319,1.067442015,4.230317915,-8.437497488,-3.247767309,0.724368766,1.114571338
5.525400000,0.574964162,0.575698273,-0.575698273,-0.335999677,0.766919469,0.765596824,0.579556857,0.560186277,-0.618804981,-0.303490031,0.751076177,0.743878652,1.061552454,4.230121359,-8.397144115,-3.239537940,0.718818299,1.108721625
5.530000000,0.575281685,0.576006485,-0.576006485,-0.336177239,0.767339020,0.766033150,0.579921106,0.560524150,-0.619140911,-0.303685210,0.751553737,0.744380786,1.056723216,4.228960203,-8.361799803,-3.229557826,0.715937856,1.106356559
5.535200000,0.575637784,0.576352143,-0.576352143,-0.336376374,0.767809544,0.766522486,0.580282522,0.560859369,-0.619470694,-0.303886981,0.752026672,0.744859540,1.057842067,4.234512644,-8.358725976,-3.225667137,0.715331583,1.107380061
5.540000000,0.575963821,0.576668619,-0.576668619,-0.336558697,0.768240345,0.766970511,0.580569739,0.561124986,-0.619728075,-0.304052703,0.752399468,0.745238391,1.063464243,4.239486532,-8.389507231,-3.230908188,0.719136476,1.110671111
5.545000000,0.576300719,0.576995638,-0.576995638,-0.336747094,0.768685497,0.767433462,0.580926146,0.561454356,-0.620045328,-0.304256029,0.752861611,0.745717768,1.062227001,4.232676456,-8.393589823,-3.232078068,0.716845337,1.108857311
5.550000000,0.576634842,0.577319964,-0.577319964,-0.336933940,0.769126983,0.767892600,0.581351290,0.561847937,-0.620426156,-0.304485142,0.753416184,0.746304729,1.052100844,4.216049471,-8.353930565,-3.224569466,0.710693384,1.102049437
5.555000000,0.576966193,0.577641600,-0.577641600,-0.337119236,0.769564807,0.768347929,0.581702694,0.562173895,-0.620740183,-0.304673146,0.753875932,0.746771288,1.051299209,4.213595449,-8.352180700,-3.220854128,0.710698833,1.102939142
5.560000000,0.577294778,0.577960549,-0.577960549,-0.337302984,0.769998975,0.768799456,0.582050267,0.562495627,-0.621044797,-0.304867867,0.754327462,0.747223900,1.052718883,4.223217559,-8.350667177,-3.218905920,0.709033506,1.102502263
5.565200000,0.577633574,0.578289412,-0.578289412,-0.337492443,0.770446636,0.769265016,0.582394325,0.562813221,-0.621343370,-0.305058577,0.754771947,0.747677288,1.054604052,4.221757278,-8.370137797,-3.222736385,0.709457196,1.103019019
5.570000000,0.577943661,0.578590406,-0.578590406,-0.337665846,0.770856361,0.769691124,0.582735276,0.563127813,-0.621637563,-0.305243156,0.755211433,0.748130689,1.053039780,4.213144705,-8.375044372,-3.224355179,0.708034419,1.101188359
5.575000000,0.578263968,0.578901321,-0.578901321,-0.337844966,0.771279592,0.770131276,0.583005770,0.563377846,-0.621871310,-0.305385554,0.755561016,0.748492131,1.060661325,4.208393613,-8.429113717,-3.236712027,0.711151158,1.105549420
5.580000000,0.578581524,0.579209565,-0.579209565,-0.338022547,0.771699187,0.770567648,0.583407694,0.563750234,-0.622220834,-0.305590720,0.756082825,0.749037257,1.052090192,4.190750308,-8.402970398,-3.233662384,0.704842230,1.098406909
5.585000000,0.578896334,0.579515144,-0.579515144,-0.338198592,0.772115154,0.771000246,0.583739678,0.564059209,-0.622515112,-0.305753225,0.756518193,0.749493225,1.051895291,4.185053241,-8.402573186,-3.232840114,0.703637662,1.098557935
5.590000000,0.579208402,0.579818061,-0.579818061,-0.338373104,0.772527497,0.771429076,0.584068089,0.564365110,-0.622805757,-0.305921373,0.756948029,0.749926072,1.052003687,4.187581873,-8.397695836,-3.230368637,0.703294775,1.098176480
5.595000000,0.579517732,0.580118321,-0.580118321,-0.338546085,0.772936224,0.771854144,0.584393126,0.564667445,-0.623093771,-0.306091223,0.757371388,0.750358054,1.051979616,4.189819951,-8.395128917,-3.228992653,0.703029420,1.097676010
5.600000000,0.579824330,0.580415929,-0.580415929,-0.338717538,0.773341340,0.772275458,0.584714854,0.564966685,-0.623379786,-0.306260574,0.757790060,0.750787681,1.050868048,4.184280539,-8.397249346,-3.228552607,0.702754335,1.097167744
5.605200000,0.580140298,0.580722632,-0.580722632,-0.338894230,0.773758837,0.772709648,0.585033141,0.565263072,-0.623664303,-0.306428496,0.758205311,0.751214768,1.053297767,4.187185366,-8.402096918,-3.229642073,0.701337326,1.097406498
5.610000000,0.580429346,0.581003205,-0.581003205,-0.339055870,0.774140765,0.773106846,0.585285460,0.565498205,-0.623890942,-0.306561486,0.758535355,0.751555700,1.057287052,4.183425587,-8.435314165,-3.236614109,0.704680246,1.100156733
5.615000000,0.580727775,0.581292883,-0.581292883,-0.339222754,0.774535087,0.773516934,0.585660832,0.565848391,-0.624232136,-0.306755255,0.759027879,0.752073772,1.049647079,4.174329955,-8.392879728,-3.229492846,0.698059219,1.093404071
5.620000000,0.581023491,0.581579928,-0.581579928,-0.339388122,0.774925824,0.773923294,0.585970816,0.566138474,-0.624518231,-0.306913752,0.759438106,0.752497187,1.049044549,4.178169814,-8.375465634,-3.222827945,0.697463217,1.093893392
5.625000000,0.581316499,0.581864344,-0.581864344,-0.339551975,0.775312983,0.774325932,0.586277543,0.566425473,-0.624798103,-0.307083725,0.759842754,0.752905667,1.048394158,4.184876847,-8.359944573,-3.216625532,0.696004013,1.093374771
5.630000000,0.581606804,0.582146136,-0.582146136,-0.339714317,0.775696571,0.774724858,0.586581636,0.566709257,-0.625072471,-0.307258332,0.760241262,0.753314425,1.047742373,4.188475005,-8.349563559,-3.212245434,0.695428705,1.092819319
5.635000000,0.581894412,0.582425311,-0.582425311,-0.339875151,0.776076596,0.775120076,0.586883206,0.566990070,-0.625342453,-0.307430982,0.760634427,0.753719555,1.047296528,4.186873342,-8.349467405,-3.211376620,0.695011248,1.092218760
5.640200000,0.582190669,0.582712881,-0.582712881,-0.340040821,0.776468048,0.775527180,0.587182204,0.567268176,-0.625607748,-0.307600720,0.761023335,0.754121742,1.048060864,4.186012964,-8.358263108,-3.212447052,0.695249676,1.092401770
5.645000000,0.582461558,0.582975827,-0.582975827,-0.340192305,0.776825981,0.775899424,0.587478482,0.567543884,-0.625869002,-0.307766677,0.761409463,0.754522827,1.045071352,4.175423522,-8.359195557,-3.212270849,0.693921755,1.090641904
5.650000000,0.582741108,0.583247180,-0.583247180,-0.340348633,0.777195358,0.776283569,0.587771826,0.567817243,-0.626127685,-0.307927090,0.761793609,0.754919903,1.045958117,4.175833555,-8.362590918,-3.213158602,0.691615399,1.090114875
5.655000000,0.583017982,0.583515936,-0.583515936,-0.340503464,0.777561200,0.776664039,0.588062117,0.568087896,-0.626383063,-0.308084032,0.762174589,0.755311463,1.045609205,4.172274045,-8.366800576,-3.213726922,0.690781423,1.089430931
5.660000000,0.583292188,0.583782101,-0.583782101,-0.340656803,0.777923515,0.777040841,0.588349685,0.568356065,-0.626635294,-0.308238666,0.762551616,0.755700169,1.045224678,4.167731534,-8.370808793,-3.214381189,0.690251426,1.088734124
5.665200000,0.583574538,0.584056172,-0.584056172,-0.340814696,0.778296591,0.777428833,0.588634463,0.568621809,-0.626884894,-0.308390797,0.762925075,0.756085857,1.046039397,4.164436423,-8.381389667,-3.216557343,0.690367238,1.088772882
5.670000000,0.583832617,0.584306684,-0.584306684,-0.340959017,0.778637599,0.777783475,0.588916248,0.568885207,-0.627132675,-0.308540024,0.763295896,0.756469405,1.044238198,4.158541714,-8.378935629,-3.216217181,0.687649665,1.087022350
5.675000000,0.584098853,0.584565113,-0.584565113,-0.341107899,0.778989383,0.778149324,0.589195367,0.569146382,-0.627379406,-0.308686142,0.763663956,0.756849563,1.043853242,4.154991100,-8.380066538,-3.216246245,0.686703598,1.086448951
5.680000000,0.584362444,0.584820974,-0.584820974,-0.341255302,0.779337673,0.778511540,0.589471617,0.569404923,-0.627624204,-0.308831478,0.764027765,0.757222905,1.043502766,4.153027521,-8.378985862,-3.215552032,0.686138306,1.085786511
5.685000000,0.584623397,0.585074276,-0.585074276,-0.341401230,0.779682477,0.778870130,0.589744983,0.569660814,-0.627867064,-0.308976394,0.764387459,0.757593635,1.043001686,4.152676118,-8.376289426,-3.214412712,0.685591746,1.085077508
5.690000000,0.584881718,0.585325023,-0.585325023,-0.341545686,0.780023805,0.779225105,0.590015372,0.569914182,-0.628107938,-0.309121032,0.764743878,0.757961230,1.041451637,4.148009535,-8.376850832,-3.213618918,0.685092888,1.084405190
5.695000000,0.585137415,0.585573222,-0.585573222,-0.341688675,0.780361663,0.779576472,0.590282613,0.570164995,-0.628347124,-0.309264565,0.765097368,0.758324912,1.042206655,4.149619341,-8.372528040,-3.212629649,0.682872022,1.083676644
5.700000000,0.585390493,0.585818879,-0.585818879,-0.341830199,0.780696063,0.779924241,0.590494271,0.570363758,-0.628537125,-0.309378361,0.765377846,0.758613437,1.046496471,4.147662516,-8.406416166,-3.219387725,0.686449702,1.086821721
5.705000000,0.585640960,0.586062002,-0.586062002,-0.341970263,0.781027011,0.780268422,0.590808572,0.570659123,-0.628820889,-0.309546429,0.765795000,0.759050210,1.040081409,4.141609069,-8.369041420,-3.212666565,0.680640086,1.080859783
5.710000000,0.585888822,0.586302596,-0.586302596,-0.342108870,0.781354519,0.780609024,0.591016158,0.570854729,-0.629011068,-0.309655111,0.766072753,0.759338588,1.045366526,4.143646235,-8.393252289,-3.216403097,0.682807528,1.084839445
5.715000000,0.586134087,0.586540669,-0.586540669,-0.342246025,0.781678594,0.780946056,0.591324428,0.571145039,-0.629290931,-0.309826039,0.766483819,0.759760124,1.037675415,4.143059761,-8.347160262,-3.205218479,0.678080210,1.079267485
5.720000000,0.586376761,0.586776227,-0.586776227,-0.342381731,0.781999246,0.781279529,0.591579027,0.571384657,-0.629521302,-0.309971433,0.766822637,0.760111041,1.037006166,4.148102044,-8.330511589,-3.198360667,0.677501912,1.079523249
5.725000000,0.586616853,0.587009279,-0.587009279,-0.342515993,0.782316485,0.781609452,0.591780632,0.571574079,-0.629701281,-0.310090183,0.767089371,0.760380304,1.042192240,4.151120968,-8.359552433,-3.203679403,0.680126163,1.082547891
5.730000000,0.586854368,0.587239829,-0.587239829,-0.342648814,0.782630320,0.781935835,0.592080400,0.571854739,-0.629966472,-0.310263184,0.767483060,0.760792212,1.035193993,4.144517591,-8.331492326,-3.198209078,0.676279517,1.077015701
5.735000000,0.587089315,0.587467887,-0.587467887,-0.342780199,0.782940761,0.782258689,0.592327636,0.572086577,-0.630185529,-0.310400541,0.767809594,0.761129105,1.033951793,4.139454022,-8.334370260,-3.196947696,0.675931264,1.077429770
5.740000000,0.587321700,0.587693458,-0.587693458,-0.342910152,0.783247819,0.782578023,0.592571519,0.572315535,-0.630398670,-0.310539266,0.768131978,0.761455133,1.035030483,4.142277958,-8.334803553,-3.196563234,0.673970646,1.076782608
5.745000000,0.587551533,0.587916552,-0.587916552,-0.343038677,0.783551503,0.782893849,0.592764388,0.572496524,-0.630566101,-0.310647601,0.768386744,0.761715781,1.039195466,4.138487190,-8.373483439,-3.204655095,0.677407798,1.079693387
5.750000000,0.587778820,0.588137174,-0.588137174,-0.343165778,0.783851823,0.783206177,0.593050327,0.572765105,-0.630814372,-0.310803546,0.768764902,0.762111000,1.033976392,4.129538010,-8.351380729,-3.201763005,0.672128550,1.074297131
5.755000000,0.588003569,0.588355333,-0.588355333,-0.343291460,0.784148790,0.783515018,0.593285588,0.572987220,-0.631022159,-0.310924833,0.769080036,0.762436127,1.033816811,4.125646682,-8.352704563,-3.201403541,0.671434735,1.074463558
5.760000000,0.588225788,0.588571036,-0.588571036,-0.343415728,0.784442415,0.783820382,0.593517644,0.573206693,-0.631225516,-0.311049811,0.769390623,0.762748216,1.033692170,4.126009525,-8.352588891,-3.200294903,0.669964356,1.073936414
5.765000000,0.588445486,0.588784292,-0.588784292,-0.343538585,0.784732707,0.784122281,0.593746948,0.573423286,-0.631425428,-0.311175037,0.769695691,0.763059133,1.033613353,4.124181981,-8.354094290,-3.200161957,0.669658470,1.073395798
5.770000000,0.588662670,0.588995108,-0.588995108,-0.343660037,0.785019679,0.784420727,0.593928305,0.573594628,-0.631583699,-0.311273492,0.769936440,0.763305698,1.038533631,4.122707778,-8.385891002,-3.207131478,0.671730388,1.076089945
5.775000000,0.588877349,0.589203492,-0.589203492,-0.343780088,0.785303340,0.784715729,0.594197212,0.573848849,-0.631819958,-0.311416168,0.770293622,0.763679619,1.032413237,4.113287026,-8.363346251,-3.203647461,0.667465453,1.070990492
5.780000000,0.589089531,0.589409452,-0.589409452,-0.343898743,0.785583702,0.785007301,0.594418718,0.574058776,-0.632017891,-0.311530231,0.770589348,0.763985638,1.032376387,4.112210685,-8.358455086,-3.201396370,0.666745279,1.071239307
5.785000000,0.589299225,0.589612997,-0.589612997,-0.344016006,0.785860775,0.785295453,0.594637151,0.574265992,-0.632212031,-0.311649347,0.770880518,0.764281394,1.031983767,4.115084698,-8.350718064,-3.198355344,0.666773466,1.070617264
5.790000000,0.589506439,0.589814135,-0.589814135,-0.344131882,0.786134573,0.785580197,0.594852587,0.574470426,-0.632403461,-0.311769008,0.771167501,0.764575874,1.031767255,4.114866432,-8.349319973,-3.197327318,0.665424075,1.070079539
5.795000000,0.589711181,0.590012874,-0.590012874,-0.344246377,0.786405105,0.785861546,0.595065443,0.574672241,-0.632592183,-0.311887752,0.771450441,0.764867334,1.031479430,4.113698026,-8.348054612,-3.196501939,0.664819412,1.069489498
5.800000000,0.589913462,0.590209223,-0.590209223,-0.344359494,0.786672384,0.786139511,0.595275621,0.574871596,-0.632778376,-0.312005000,0.771729987,0.765156027,1.031048861,4.112318863,-8.346427116,-3.195638710,0.664839040,1.068848558
5.805000000,0.590113289,0.590403191,-0.590403191,-0.344471240,0.786936421,0.786414105,0.595483052,0.575068598,-0.632962048,-0.312121072,0.772006536,0.765442208,1.030652930,4.110832483,-8.346492289,-3.195071778,0.663115444,1.068222891
5.810400000,0.590326358,0.590610012,-0.590610012,-0.344590390,0.787217954,0.786706895,0.595687901,0.575263284,-0.633143126,-0.312235740,0.772280331,0.765724914,1.032028667,4.108910324,-8.356907469,-3.197021185,0.663355534,1.068712885
5.815000000,0.590505620,0.590784018,-0.590784018,-0.344690636,0.787454819,0.786953230,0.595890303,0.575455704,-0.633322234,-0.312347878,0.772551143,0.766006688,1.029426697,4.105765328,-8.346975456,-3.194996216,0.661841885,1.066511796
5.820000000,0.590698142,0.590970895,-0.590970895,-0.344798296,0.787709203,0.787217785,0.596090132,0.575646099,-0.633500164,-0.312457268,0.772819946,0.766284767,1.029041872,4.103600504,-8.346045207,-3.194121048,0.660365406,1.066134826
5.825000000,0.590888248,0.591155426,-0.591155426,-0.344904605,0.787960395,0.787479020,0.596287499,0.575834098,-0.633674977,-0.312567506,0.773084899,0.766556406,1.028615083,4.102988588,-8.343414779,-3.192812100,0.659782540,1.065510681
5.830400000,0.591090858,0.591352096,-0.591352096,-0.345017908,0.788228110,0.787757439,0.596482281,0.576019634,-0.633847021,-0.312677199,0.773346217,0.766825565,1.029831182,4.102444500,-8.351008990,-3.193917310,0.660743827,1.065939441
5.835000000,0.591261247,0.591517489,-0.591517489,-0.345113191,0.788453249,0.787991580,0.596674484,0.576202867,-0.634016949,-0.312784970,0.773604547,0.767093631,1.027425098,4.099433417,-8.342607172,-3.192062718,0.657911696,1.063879206
5.840000000,0.591444161,0.591695038,-0.591695038,-0.345215478,0.788694938,0.788242932,0.596864369,0.576384025,-0.634185449,-0.312889860,0.773860537,0.767357742,1.027063608,4.097347490,-8.341571666,-3.191322866,0.657313287,1.063501531
5.845000000,0.591624696,0.591870280,-0.591870280,-0.345316436,0.788933484,0.788491016,0.597051605,0.576562794,-0.634350981,-0.312994775,0.774113088,0.767616200,1.025449156,4.096870955,-8.342991665,-3.190661439,0.657413897,1.062899886
5.850000000,0.591802864,0.592043223,-0.592043223,-0.345416069,0.789168902,0.788735846,0.597236136,0.576739147,-0.634514145,-0.313098389,0.774362076,0.767872224,1.026400071,4.095518556,-8.340737747,-3.190243025,0.655526420,1.062242126
5.855000000,0.591978673,0.592213878,-0.592213878,-0.345514384,0.789401204,0.788977436,0.597417901,0.576913248,-0.634675233,-0.313199828,0.774608396,0.768125128,1.026013519,4.093551021,-8.340043214,-3.189684410,0.655034578,1.061609584
5.860000000,0.592152135,0.592382253,-0.592382253,-0.345611385,0.789630403,0.789215800,0.597597063,0.577085106,-0.634833766,-0.313300484,0.774851607,0.768374901,1.025529149,4.092609585,-8.340121818,-3.189216014,0.653898641,1.060983821
5.865000000,0.592323259,0.592548360,-0.592548360,-0.345707080,0.789856514,0.789450952,0.597774113,0.577254630,-0.634989767,-0.313400057,0.775090561,0.768621293,1.025146975,4.090386856,-8.339760915,-3.188762337,0.653413923,1.060366495
5.870000000,0.592492056,0.592712207,-0.592712207,-0.345801473,0.790079551,0.789682905,0.597913940,0.577388667,-0.635112965,-0.313478622,0.775279498,0.768816429,1.028636721,4.089010290,-8.362130878,-3.193488275,0.654885766,1.062290858
5.875000000,0.592658537,0.592873806,-0.592873806,-0.345894571,0.790299526,0.789911676,0.598120874,0.577587272,-0.635296372,-0.313592652,0.775560005,0.769110558,1.023602074,4.082648568,-8.342452963,-3.190130647,0.651215454,1.058144761
5.880000000,0.592822711,0.593033166,-0.593033166,-0.345986379,0.790516454,0.790137277,0.598291141,0.577750850,-0.635449055,-0.313684352,0.775791525,0.769349445,1.023307603,4.082259339,-8.336851091,-3.187664722,0.650926922,1.058258997
5.885000000,0.592984590,0.593190299,-0.593190299,-0.346076904,0.790730349,0.790359724,0.598458615,0.577911975,-0.635597952,-0.313779752,0.776019291,0.769580560,1.022834950,4.084802581,-8.332077277,-3.185512243,0.649992284,1.057636242
5.890400000,0.593156854,0.593357511,-0.593357511,-0.346173235,0.790957965,0.790596441,0.598623793,0.578070531,-0.635743722,-0.313875414,0.776242596,0.769810372,1.023938396,4.084617410,-8.338273885,-3.186240232,0.650270986,1.057984783
5.895000000,0.593301505,0.593497921,-0.593497921,-0.346254126,0.791149097,0.790795215,0.598786526,0.578226831,-0.635887007,-0.313969248,0.776462944,0.770038817,1.021821290,4.082254647,-8.329515226,-3.184264343,0.649348887,1.056138868
5.900000000,0.593456564,0.593648433,-0.593648433,-0.346340837,0.791353980,0.791008290,0.598946846,0.578381120,-0.636028483,-0.314060585,0.776681024,0.770264115,1.021462710,4.081178496,-8.329703096,-3.183624432,0.647693063,1.055779337
5.905000000,0.593609371,0.593796759,-0.593796759,-0.346426288,0.791555888,0.791218271,0.599104784,0.578533160,-0.636166640,-0.314151949,0.776895871,0.770484054,1.021106631,4.079948322,-8.329099671,-3.182945276,0.647223884,1.055183106
5.910000000,0.593759938,0.593942911,-0.593942911,-0.346510487,0.791754836,0.791425173,0.599260253,0.578682971,-0.636302077,-0.314241741,0.777107587,0.770701276,1.019572743,4.078537040,-8.333048970,-3.183118172,0.647335823,1.054640191
5.915000000,0.593908276,0.594086900,-0.594086900,-0.346593439,0.791950840,0.791629013,0.599413163,0.578830607,-0.636435454,-0.314328922,0.777316223,0.770915546,1.020629137,4.075569774,-8.333094746,-3.183486099,0.645568797,1.054013071
5.920000000,0.594054397,0.594228736,-0.594228736,-0.346675152,0.792143913,0.791829807,0.599563385,0.578976180,-0.636566997,-0.314413356,0.777522668,0.771126924,1.020279859,4.074201056,-8.333749861,-3.183397119,0.645199093,1.053413820
5.925000000,0.594198312,0.594368432,-0.594368432,-0.346755631,0.792334073,0.792027569,0.599711156,0.579119676,-0.636696278,-0.314496867,0.777726141,0.771335503,1.019923526,4.071710691,-8.335033023,-3.183350315,0.643942844,1.052830954
5.930000000,0.594340034,0.594505998,-0.594505998,-0.346834883,0.792521334,0.792222317,0.599827807,0.579232958,-0.636798160,-0.314562842,0.777886470,0.771500172,1.022827337,4.069928067,-8.354161499,-3.187446285,0.645211630,1.054408382
5.935200000,0.594485110,0.594646820,-0.594646820,-0.346916012,0.792713027,0.792421675,0.600000222,0.579400471,-0.636949947,-0.314657730,0.778123435,0.771748264,1.019312646,4.063727077,-8.343062552,-3.186087520,0.642615299,1.051228397
5.940000000,0.594616944,0.594774788,-0.594774788,-0.346989734,0.792887222,0.792602835,0.600141812,0.579538273,-0.637076540,-0.314733697,0.778318795,0.771953167,1.018166213,4.063159557,-8.333788418,-3.183262901,0.642181246,1.050546754
5.945200000,0.594757520,0.594911242,-0.594911242,-0.347068346,0.793072969,0.792796008,0.600280804,0.579673887,-0.637200430,-0.314812605,0.778510879,0.772147513,1.018456708,4.065073725,-8.332234595,-3.181793696,0.641281436,1.050535104
5.950400000,0.594895775,0.595045444,-0.595045444,-0.347145660,0.793255650,0.792985993,0.600417498,0.579807088,-0.637321278,-0.314893183,0.778699148,0.772340200,1.018524623,4.066156179,-8.330975411,-3.180852857,0.641567142,1.050239604
5.955000000,0.595016156,0.595162294,-0.595162294,-0.347212978,0.793414711,0.793151415,0.600551818,0.579938186,-0.637440265,-0.314972284,0.778884703,0.772532017,1.016812981,4.064695140,-8.323490482,-3.178921974,0.639493222,1.048770516
5.960000000,0.595144968,0.595287329,-0.595287329,-0.347285011,0.793584915,0.793328423,0.600657763,0.580041624,-0.637534149,-0.315034063,0.779031214,0.772682386,1.019464359,4.063517530,-8.339753032,-3.182174748,0.640621610,1.050377310
5.965000000,0.595271672,0.595410318,-0.595410318,-0.347355866,0.793752332,0.793502534,0.600814136,0.580194263,-0.637672145,-0.315125272,0.779247118,0.772907316,1.015607027,4.060755068,-8.323193149,-3.178744851,0.637977429,1.047129541
5.970000000,0.595396281,0.595531273,-0.595531273,-0.347425548,0.793916981,0.793673766,0.600942348,0.580319471,-0.637786723,-0.315196643,0.779424315,0.773092956,1.015524951,4.058439621,-8.322832301,-3.178377810,0.637659374,1.046950042
5.975000000,0.595518806,0.595650206,-0.595650206,-0.347494066,0.794078877,0.793842135,0.601067940,0.580442514,-0.637897534,-0.315270739,0.779598309,0.773268453,1.015157413,4.061029586,-8.318152536,-3.176026677,0.636886855,1.046522386
5.980000000,0.595639262,0.595767129,-0.595767129,-0.347561426,0.794238039,0.794007661,0.601191443,0.580563234,-0.638004645,-0.315346261,0.779768083,0.773441926,1.014931427,4.060739291,-8.316259358,-3.174845727,0.636693406,1.046077567
5.985000000,0.595757661,0.595882057,-0.595882057,-0.347627636,0.794394483,0.794170360,0.601312499,0.580681859,-0.638109002,-0.315420031,0.779935306,0.773613119,1.014662197,4.059963282,-8.318359860,-3.174945969,0.635783514,1.045585270
5.990200000,0.595878628,0.595999477,-0.595999477,-0.347695283,0.794554320,0.794336588,0.601431605,0.580798391,-0.638210725,-0.315491471,0.780099105,0.773782173,1.014988771,4.056993380,-8.323848077,-3.176003400,0.635796770,1.045395569
5.995000000,0.595988341,0.596105973,-0.596105973,-0.347756635,0.794699287,0.794487351,0.601548308,0.580913077,-0.638310329,-0.315560317,0.780261041,0.773949442,1.014112090,4.054646481,-8.324474490,-3.176158898,0.634474169,1.044412064
6.000000000,0.596100649,0.596214988,-0.596214988,-0.347819439,0.794847682,0.794641680,0.601663085,0.581025855,-0.638408270,-0.315626350,0.780420179,0.774114000,1.013935319,4.051417753,-8.327026417,-3.176698106,0.634137771,1.043944217
6.005000000,0.596210954,0.596322058,-0.596322058,-0.347881123,0.794993431,0.794793255,0.601775426,0.581136742,-0.638504482,-0.315690529,0.780577260,0.774274536,1.013690733,4.050080398,-8.329523040,-3.177142534,0.633190393,1.043429954
6.010200000,0.596323560,0.596431362,-0.596431362,-0.347944093,0.795142220,0.794947994,0.601863806,0.581224025,-0.638580269,-0.315740751,0.780700789,0.774401611,1.016369774,4.047951601,-8.347635429,-3.181148641,0.634319285,1.044863458
6.015000000,0.596425607,0.596530417,-0.596530417,-0.348001159,0.795277058,0.795088223,0.601993917,0.581352779,-0.638692709,-0.315813726,0.780883119,0.774592015,1.012704255,4.043875161,-8.332914270,-3.178536554,0.631676002,1.041708342
6.020000000,0.596529984,0.596631733,-0.596631733,-0.348059528,0.795414974,0.795231652,0.602100385,0.581458345,-0.638786522,-0.315871826,0.781032876,0.774748533,1.012520585,4.042489331,-8.329639452,-3.177244131,0.631446855,1.041600468
6.025000000,0.596632412,0.596731158,-0.596731158,-0.348116807,0.795550315,0.795372405,0.602183841,0.581541362,-0.638859908,-0.315919985,0.781150566,0.774867309,1.014507421,4.043252450,-8.339038774,-3.178690758,0.632291848,1.042680780
6.030000000,0.596732906,0.596828705,-0.596828705,-0.348173004,0.795683101,0.795510500,0.602306488,0.581663443,-0.638967746,-0.315992871,0.781323807,0.775046993,1.011403418,4.043171430,-8.322671840,-3.174973253,0.630040947,1.040075075
6.035000000,0.596831481,0.596924389,-0.596924389,-0.348228128,0.795813350,0.795645957,0.602406450,0.581763266,-0.639056870,-0.316051528,0.781466438,0.775193378,1.011119548,4.044127827,-8.320010533,-3.173652055,0.629141719,1.039976026
6.040000000,0.596928150,0.597018224,-0.597018224,-0.348282187,0.795941081,0.795778795,0.602504538,0.581860989,-0.639143090,-0.316111508,0.781605087,0.775333455,1.010853698,4.044278117,-8.316766215,-3.172243713,0.628998818,1.039502959
6.045000000,0.597022928,0.597110223,-0.597110223,-0.348335188,0.796066314,0.795909035,0.602581470,0.581937749,-0.639210312,-0.316159184,0.781713860,0.775444540,1.012706778,4.043646879,-8.328126762,-3.174398361,0.629780416,1.040504066
6.050000000,0.597115829,0.597200400,-0.597200400,-0.348387139,0.796189067,0.796036696,0.602694502,0.582050717,-0.639309041,-0.316228217,0.781874217,0.775612085,1.009893976,4.040956683,-8.317187853,-3.172324894,0.627613071,1.037992605
6.055000000,0.597206870,0.597288771,-0.597288771,-0.348438050,0.796309361,0.796161800,0.602786592,0.582143226,-0.639390325,-0.316282844,0.782006527,0.775749310,1.009541247,4.040637532,-8.316094184,-3.171467459,0.626705194,1.037808426
6.060000000,0.597296063,0.597375349,-0.597375349,-0.348487928,0.796427215,0.796284365,0.602858917,0.582215842,-0.639453112,-0.316327560,0.782109807,0.775853041,1.011268515,4.040542710,-8.325789302,-3.173038362,0.627474373,1.038753351
6.065000000,0.597383424,0.597460149,-0.597460149,-0.348536781,0.796542648,0.796404414,0.602965129,0.582322529,-0.639544657,-0.316393505,0.782261117,0.776010103,1.008689485,4.038547281,-8.315148211,-3.170815767,0.625574847,1.036421960
6.070000000,0.597468969,0.597543185,-0.597543185,-0.348584619,0.796655680,0.796521966,0.603051760,0.582409629,-0.639619526,-0.316446003,0.782384543,0.776137128,1.008620890,4.037389939,-8.313745281,-3.169836973,0.625444588,1.036350250
6.075000000,0.597552713,0.597624473,-0.597624473,-0.348631449,0.796766333,0.796637042,0.603136128,0.582494862,-0.639691728,-0.316498538,0.782505461,0.776258911,1.008416922,4.037730277,-8.314586722,-3.169607066,0.624661863,1.035894880
6.080000000,0.597634670,0.597704027,-0.597704027,-0.348677281,0.796874625,0.796749665,0.603218761,0.582578133,-0.639761588,-0.316549741,0.782622908,0.776379359,1.008322419,4.035791057,-8.316107558,-3.169768624,0.624516765,1.035461482
6.085000000,0.597714856,0.597781862,-0.597781862,-0.348722122,0.796980578,0.796859854,0.603299225,0.582659666,-0.639829642,-0.316598845,0.782738395,0.776497354,1.008157689,4.034621552,-8.319107745,-3.170363072,0.623679730,1.035018772
6.090000000,0.597793288,0.597857994,-0.597857994,-0.348765982,0.797084212,0.796967631,0.603362273,0.582723635,-0.639882843,-0.316636789,0.782828985,0.776590551,1.009708750,4.032444226,-8.330942851,-3.172995647,0.624210217,1.035765035
6.095000000,0.597869980,0.597932438,-0.597932438,-0.348808869,0.797185547,0.797073018,0.603454631,0.582817716,-0.639961472,-0.316690809,0.782962459,0.776730022,1.007501414,4.028622772,-8.324182237,-3.172096026,0.622394960,1.033631682
6.100000000,0.597944949,0.598005208,-0.598005208,-0.348850792,0.797284606,0.797176037,0.603529773,0.582894532,-0.640026588,-0.316733422,0.783071655,0.776843966,1.007379360,4.027061719,-8.322835578,-3.171445806,0.622206840,1.033428057
6.105000000,0.598018211,0.598076321,-0.598076321,-0.348891761,0.797381408,0.797276710,0.603602733,0.582969620,-0.640089863,-0.316776977,0.783178657,0.776951617,1.007147383,4.028148002,-8.321438272,-3.170683492,0.621431989,1.033002301
6.110000000,0.598089781,0.598145793,-0.598145793,-0.348931784,0.797475975,0.797375058,0.603674059,0.583042815,-0.640151469,-0.316820342,0.783282260,0.777057437,1.007007560,4.027286507,-8.320338382,-3.170194282,0.621319939,1.032591991
6.115000000,0.598159675,0.598213638,-0.598213638,-0.348970870,0.797568329,0.797471105,0.603743343,0.583114343,-0.640211634,-0.316862991,0.783383918,0.777161208,1.006756375,4.027493264,-8.320008049,-3.169845738,0.620523570,1.032163288
6.120000000,0.598227911,0.598279873,-0.598279873,-0.349009028,0.797658491,0.797564872,0.603797578,0.583170344,-0.640258640,-0.316896636,0.783463338,0.777242665,1.008311643,4.026992934,-8.328454194,-3.171548884,0.621342636,1.032807844
6.125000000,0.598294505,0.598344514,-0.598344514,-0.349046268,0.797746483,0.797656382,0.603876917,0.583252537,-0.640327674,-0.316945876,0.783580024,0.777364487,1.005936448,4.024423251,-8.318846086,-3.169553163,0.619363974,1.030920216
6.130000000,0.598359473,0.598407577,-0.598407577,-0.349082599,0.797832327,0.797745658,0.603928533,0.583306340,-0.640373585,-0.316976716,0.783657063,0.777445830,1.007064400,4.022524850,-8.326474887,-3.171188554,0.619696807,1.031613201
6.135000000,0.598422832,0.598469078,-0.598469078,-0.349118030,0.797916045,0.797832723,0.604003933,0.583385096,-0.640440409,-0.317023466,0.783769606,0.777561339,1.005143924,4.023166472,-8.315297221,-3.168420899,0.618238240,1.029879987
6.140000000,0.598484599,0.598529034,-0.598529034,-0.349152571,0.797997660,0.797917601,0.604065167,0.583448989,-0.640494879,-0.317061764,0.783860675,0.777655776,1.004924842,4.022994898,-8.312092461,-3.167159334,0.618153224,1.029675909
6.145000000,0.598544791,0.598587461,-0.598587461,-0.349186231,0.798077192,0.798000314,0.604124472,0.583511204,-0.640546854,-0.317101378,0.783949464,0.777744636,1.004661085,4.025067692,-8.309620240,-3.165881724,0.617453024,1.029317587
6.150000000,0.598603424,0.598644375,-0.598644375,-0.349219019,0.798154667,0.798080886,0.604182355,0.583571652,-0.640596275,-0.317141344,0.784034879,0.777831883,1.004499120,4.024628036,-8.308057207,-3.165037153,0.617425203,1.028956843
6.155400000,0.598665019,0.598704163,-0.598704163,-0.349253463,0.798236053,0.798165526,0.604238410,0.583630563,-0.640643744,-0.317179815,0.784118503,0.777917335,1.004760442,4.024080340,-8.312581879,-3.165837456,0.616956347,1.028884779
6.160000000,0.598716087,0.598753734,-0.598753734,-0.349282021,0.798303531,0.798235701,0.604293117,0.583687919,-0.640689420,-0.317216181,0.784199592,0.778001716,1.004083087,4.021557820,-8.312098646,-3.165870805,0.616500574,1.028040583
6.165000000,0.598770150,0.598806212,-0.598806212,-0.349312254,0.798374966,0.798309993,0.604346037,0.583743934,-0.640733803,-0.317250323,0.784279547,0.778083684,1.003905922,4.020766804,-8.314129804,-3.166161187,0.615718955,1.027724974
6.170000000,0.598822725,0.598857246,-0.598857246,-0.349341655,0.798444435,0.798382240,0.604397585,0.583798431,-0.640776473,-0.317283414,0.784356832,0.778162943,1.003809573,4.018704855,-8.315395719,-3.166391601,0.615631726,1.027323869
6.175000000,0.598873830,0.598906852,-0.598906852,-0.349370233,0.798511961,0.798452466,0.604447324,0.583851533,-0.640817821,-0.317315138,0.784432638,0.778240217,1.003641145,4.018104495,-8.317334257,-3.166751332,0.614879174,1.026939779
6.180000000,0.598923482,0.598955048,-0.598955048,-0.349397999,0.798577568,0.798520695,0.604495736,0.583903143,-0.640857897,-0.317345597,0.784505827,0.778315644,1.003553197,4.015981423,-8.318409718,-3.167012763,0.614800109,1.026543557
6.185000000,0.598971700,0.599001852,-0.599001852,-0.349424963,0.798641279,0.798586954,0.604542370,0.583953431,-0.640897014,-0.317374757,0.784577693,0.778389099,1.003370142,4.015365376,-8.319777469,-3.167284905,0.614039051,1.026150994
6.190000000,0.599018500,0.599047280,-0.599047280,-0.349451134,0.798703118,0.798651265,0.604578656,0.583992643,-0.640927568,-0.317397407,0.784633653,0.778446563,1.004196141,4.013886614,-8.325968069,-3.168650263,0.614271254,1.026506405
6.195000000,0.599063903,0.599091352,-0.599091352,-0.349476524,0.798763110,0.798713656,0.604631341,0.584049877,-0.640972544,-0.317430142,0.784715376,0.778532120,1.002834595,4.012587627,-8.320327150,-3.167632500,0.613098485,1.025084076
6.200000000,0.599107926,0.599134084,-0.599134084,-0.349501142,0.798821278,0.798774150,0.604673865,0.584096201,-0.641009579,-0.317456332,0.784781433,0.778601091,1.002683642,4.011677580,-8.317920410,-3.166775105,0.613054071,1.024876733
6.205000000,0.599150588,0.599175494,-0.599175494,-0.349524999,0.798877648,0.798832774,0.604714673,0.584141166,-0.641045301,-0.317483182,0.784845915,0.778665955,1.002453626,4.013013361,-8.316202427,-3.166031159,0.612357463,1.024512279
6.210000000,0.599191906,0.599215602,-0.599215602,-0.349548105,0.798932244,0.798889552,0.604746361,0.584176080,-0.641072759,-0.317505075,0.784895750,0.778717007,1.003104795,4.012909924,-8.319229218,-3.166359801,0.612575867,1.024818089
6.215000000,0.599231902,0.599254424,-0.599254424,-0.349570471,0.798985091,0.798944512,0.604792296,0.584226854,-0.641112651,-0.317536960,0.784968108,0.778792771,1.001883151,4.012380505,-8.313662650,-3.165205677,0.611562900,1.023547768
6.220000000,0.599270592,0.599291980,-0.599291980,-0.349592107,0.799036213,0.798997679,0.604829263,0.584267819,-0.641145038,-0.317562158,0.785026412,0.778853644,1.001763976,4.011586500,-8.311602728,-3.164389697,0.611533074,1.023353467
6.225000000,0.599307996,0.599328288,-0.599328288,-0.349613024,0.799085637,0.799049078,0.604857754,0.584299666,-0.641169700,-0.317582670,0.785071852,0.778899439,1.002344419,4.011451029,-8.314794314,-3.164765696,0.611707350,1.023621451
6.230000000,0.599344134,0.599363366,-0.599363366,-0.349633232,0.799133387,0.799098737,0.604898910,0.584345828,-0.641204861,-0.317612847,0.785137939,0.778967948,1.001209561,4.011709945,-8.310074198,-3.163650076,0.610689992,1.022469291
6.235000000,0.599379025,0.599397233,-0.599397233,-0.349652744,0.799179488,0.799146682,0.604931710,0.584383005,-0.641233010,-0.317636641,0.785191922,0.779023740,1.000972207,4.012130953,-8.309895545,-3.163288596,0.609960030,1.022240558
6.240000000,0.599412687,0.599429909,-0.599429909,-0.349671568,0.799223968,0.799192940,0.604957134,0.584411823,-0.641254218,-0.317655701,0.785233421,0.779065179,1.001512213,4.011377381,-8.313605997,-3.163856746,0.610142082,1.022482573
6.245000000,0.599445142,0.599461411,-0.599461411,-0.349689717,0.799266850,0.799237537,0.604987956,0.584446728,-0.641279435,-0.317678651,0.785283074,0.779116530,1.001316192,4.009464454,-8.313991584,-3.163995083,0.610120637,1.021984579
6.250000000,0.599476407,0.599491760,-0.599491760,-0.349707201,0.799308163,0.799280501,0.605023262,0.584487215,-0.641308716,-0.317703697,0.785341173,0.779178224,1.000395726,4.008372933,-8.311483959,-3.163540177,0.609206854,1.021009084
6.255000000,0.599506505,0.599520975,-0.599520975,-0.349724032,0.799347931,0.799321860,0.605051205,0.584519761,-0.641331990,-0.317723556,0.785388519,0.779225991,1.000256875,4.008736412,-8.311947397,-3.163369595,0.608510378,1.020825933
6.260000000,0.599535453,0.599549075,-0.599549075,-0.349740220,0.799386181,0.799361639,0.605078130,0.584551027,-0.641353661,-0.317743473,0.785433236,0.779270432,1.000241225,4.007823911,-8.311704583,-3.163102365,0.608606783,1.020555660
6.265000000,0.599563273,0.599576079,-0.599576079,-0.349755777,0.799422941,0.799399868,0.605103620,0.584581162,-0.641374142,-0.317762630,0.785476570,0.779313638,1.000157165,4.007861524,-8.312986456,-3.163261646,0.607995204,1.020280275
6.270000000,0.599589984,0.599602007,-0.599602007,-0.349770715,0.799458235,0.799436574,0.605128167,0.584610094,-0.641393420,-0.317780920,0.785517504,0.779355402,1.000157936,4.006296822,-8.313672683,-3.163368892,0.608076731,1.020002614
6.275000000,0.599615608,0.599626879,-0.599626879,-0.349785044,0.799492093,0.799471785,0.605151316,0.584637992,-0.641411853,-0.317798009,0.785557448,0.779395903,1.000071905,4.006029008,-8.315348291,-3.163729643,0.607436169,1.019709991
6.280000000,0.599640164,0.599650716,-0.599650716,-0.349798776,0.799524539,0.799505529,0.605169095,0.584659516,-0.641425953,-0.317810995,0.785588130,0.779427334,1.000486017,4.004712650,-8.319003789,-3.164546679,0.607498850,1.019828220
6.285000000,0.599663674,0.599673536,-0.599673536,-0.349811923,0.799555603,0.799537835,0.605190463,0.584685476,-0.641443027,-0.317826139,0.785624776,0.779465837,1.000380845,4.002627950,-8.319759394,-3.164930400,0.607517644,1.019393963
6.290000000,0.599686158,0.599695360,-0.599695360,-0.349824496,0.799585312,0.799568731,0.605214571,0.584715407,-0.641463212,-0.317842656,0.785667637,0.779511543,0.999738472,4.002240032,-8.317094281,-3.164416280,0.606785588,1.018628466
6.295200000,0.599708475,0.599717023,-0.599717023,-0.349836976,0.799614800,0.799599398,0.605233339,0.584739284,-0.641479440,-0.317856187,0.785702482,0.779546519,0.999686058,4.003138782,-8.316751377,-3.164084008,0.606186166,1.018517020
6.300000000,0.599728131,0.599736103,-0.599736103,-0.349847968,0.799640772,0.799626409,0.605251277,0.584762053,-0.641494571,-0.317870372,0.785735087,0.779579350,0.999532659,4.002906315,-8.314328839,-3.163321274,0.606250793,1.018180868
6.305000000,0.599747663,0.599755062,-0.599755062,-0.349858890,0.799666580,0.799653249,0.605267987,0.584783860,-0.641508874,-0.317884458,0.785766657,0.779610819,0.999410492,4.003864944,-8.313687584,-3.162934048,0.605671554,1.017956374
6.310000000,0.599766253,0.599773107,-0.599773107,-0.349869286,0.799691144,0.799678796,0.605280747,0.584800568,-0.641519581,-0.317895617,0.785790593,0.779635212,0.999662379,4.003274756,-8.315267929,-3.163158099,0.605707622,1.018008066
6.315000000,0.599783924,0.599790260,-0.599790260,-0.349879168,0.799714493,0.799703078,0.605298823,0.584824529,-0.641534682,-0.317911531,0.785824675,0.779670853,0.999175052,4.003000791,-8.313073680,-3.162653667,0.605204863,1.017334468
6.320000000,0.599800697,0.599806541,-0.599806541,-0.349888547,0.799736655,0.799726126,0.605313057,0.584843527,-0.641546543,-0.317923868,0.785851364,0.779699225,0.999147688,4.001894760,-8.312284877,-3.162341171,0.605347851,1.017151508
6.325000000,0.599816592,0.599821970,-0.599821970,-0.349897436,0.799757659,0.799747969,0.605326142,0.584861674,-0.641557423,-0.317936068,0.785877367,0.779725329,0.999031349,4.002805443,-8.312248627,-3.162114008,0.604749257,1.016917710
6.330000000,0.599831634,0.599836570,-0.599836570,-0.349905848,0.799777533,0.799768638,0.605338578,0.584878855,-0.641567212,-0.317947998,0.785901523,0.779750502,0.998997356,4.001888546,-8.311928347,-3.161935749,0.604888076,1.016680528
6.335000000,0.599845842,0.599850362,-0.599850362,-0.349913793,0.799796307,0.799788163,0.605349936,0.584895232,-0.641576208,-0.317959144,0.785925091,0.779774304,0.998904153,4.002257427,-8.312876783,-3.162053760,0.604291593,1.016456011
6.340000000,0.599859240,0.599863368,-0.599863368,-0.349921286,0.799814010,0.799806574,0.605360711,0.584910721,-0.641584296,-0.317969627,0.785946918,0.779797031,0.998890578,4.000973923,-8.313184462,-3.162098784,0.604441790,1.016226651
6.345000000,0.599871850,0.599875608,-0.599875608,-0.349928337,0.799830672,0.799823902,0.605368665,0.584922558,-0.641590288,-0.317977379,0.785963799,0.779814321,0.999062565,4.000189945,-8.315144417,-3.162511049,0.604403107,1.016228622
6.350000000,0.599883694,0.599887105,-0.599887105,-0.349934961,0.799846322,0.799840178,0.605377756,0.584936660,-0.641597228,-0.317986328,0.785984427,0.779835245,0.998925106,4.000423777,-8.316487032,-3.162866213,0.603731157,1.015928843
6.355000000,0.599894796,0.599897880,-0.599897880,-0.349941168,0.799860990,0.799855432,0.605387803,0.584952569,-0.641604944,-0.317995926,0.786007726,0.779859713,0.998636769,4.000069218,-8.316070444,-3.162844051,0.603299204,1.015456864
6.360000000,0.599905176,0.599907957,-0.599907957,-0.349946973,0.799874707,0.799869697,0.605395529,0.584965040,-0.641610845,-0.318003434,0.786025522,0.779878252,0.998662353,3.998910012,-8.315465077,-3.162623357,0.603542988,1.015296007
6.365000000,0.599914859,0.599917356,-0.599917356,-0.349952388,0.799887501,0.799883003,0.605402305,0.584976849,-0.641616208,-0.318010799,0.786042741,0.779894974,0.998593105,3.999612471,-8.315678663,-3.162549063,0.602960206,1.015113996
6.370000000,0.599923868,0.599926100,-0.599926100,-0.349957426,0.799899404,0.799895382,0.605408601,0.584987896,-0.641620891,-0.318018089,0.786058339,0.779911078,0.998579234,3.998915943,-8.315081385,-3.162350577,0.603181185,1.014914249
6.375200000,0.599932546,0.599934524,-0.599934524,-0.349962279,0.799910871,0.799907307,0.605413867,0.584998292,-0.641625150,-0.318024893,0.786073395,0.779925965,0.998050212,3.999503082,-8.315725758,-3.162411847,0.602615692,1.014760122
6.380000000,0.599939954,0.599941714,-0.599941714,-0.349966421,0.799920659,0.799917487,0.605418859,0.585007990,-0.641628818,-0.318031387,0.786086816,0.779940033,0.998436015,3.998311991,-8.315282701,-3.162303884,0.602879885,1.014555185
6.385000000,0.599947078,0.599948630,-0.599948630,-0.349970405,0.799930073,0.799927277,0.605423104,0.585017100,-0.641632115,-0.318037321,0.786099769,0.779953117,0.998510995,3.998685725,-8.315956371,-3.162397675,0.602383109,1.014388481
6.390000000,0.599953621,0.599954981,-0.599954981,-0.349974064,0.799938718,0.799936268,0.605427775,0.585025561,-0.641635006,-0.318042572,0.786110914,0.779965198,0.998541175,3.996510770,-8.316792328,-3.162771046,0.602784212,1.014230549
6.395000000,0.599959606,0.599960791,-0.599960791,-0.349977411,0.799946627,0.799944493,0.605432400,0.585033466,-0.641637810,-0.318046678,0.786121237,0.779976506,0.998403487,3.995175511,-8.316035674,-3.162670606,0.603203669,1.014034593
6.400000000,0.599965058,0.599966083,-0.599966083,-0.349980460,0.799953831,0.799951985,0.605436883,0.585040784,-0.641640659,-0.318049815,0.786131168,0.779986989,0.997449318,3.997097031,-8.318663295,-3.163351218,0.601988103,1.013896646
6.405000000,0.599970000,0.599970880,-0.599970880,-0.349983224,0.799960361,0.799958776,0.605441659,0.585047490,-0.641643413,-0.318052270,0.786140153,0.779996592,0.997201574,3.995988240,-8.319502208,-3.163773879,0.602018511,1.013753680
6.410000000,0.599974457,0.599975206,-0.599975206,-0.349985716,0.799966249,0.799964900,0.605446467,0.585053735,-0.641646178,-0.318054493,0.786148189,0.780005703,0.996945926,3.995205405,-8.318607323,-3.163626101,0.602083340,1.013618695
6.415400000,0.599978753,0.599979376,-0.599979376,-0.349988118,0.799971926,0.799970803,0.605451174,0.585059546,-0.641648900,-0.318056859,0.786155904,0.780014080,0.996491430,3.995927121,-8.316541980,-3.163101861,0.602132349,1.013513887
6.420000000,0.599982011,0.599982538,-0.599982538,-0.349989940,0.799976230,0.799975280,0.605454835,0.585063888,-0.641651101,-0.318058753,0.786162179,0.780020315,0.995543203,3.995682968,-8.316821396,-3.163194949,0.601606057,1.013387124
6.425000000,0.599985157,0.599985592,-0.599985592,-0.349991700,0.799980387,0.799979603,0.605460241,0.585069898,-0.641654312,-0.318061410,0.786171653,0.780028876,0.995263003,3.997015591,-8.315363979,-3.162802922,0.601043722,1.013134078
6.430000000,0.599987915,0.599988270,-0.599988270,-0.349993242,0.799984032,0.799983394,0.605464863,0.585074445,-0.641656931,-0.318063409,0.786178890,0.780034931,0.994879266,3.996668107,-8.314679464,-3.162715588,0.600950311,1.013070494
6.435000000,0.599990311,0.599990595,-0.599990595,-0.349994582,0.799987198,0.799986686,0.605469486,0.585078664,-0.641659457,-0.318065242,0.786186002,0.780040339,0.994503057,3.996227048,-8.313346481,-3.162450844,0.600943536,1.012978845
6.440000000,0.599992369,0.599992593,-0.599992593,-0.349995733,0.799989917,0.799989514,0.605474105,0.585082539,-0.641661885,-0.318066817,0.786192877,0.780045416,0.995016432,3.994141837,-8.312257835,-3.162423128,0.601833691,1.012694268
6.445000000,0.599994114,0.599994287,-0.599994287,-0.349996709,0.799992223,0.799991912,0.605478485,0.585086010,-0.641664297,-0.318067965,0.786200131,0.780049348,0.993326416,3.999156816,-8.311878487,-3.161920889,0.599952478,1.012752438
6.450000000,0.599995572,0.599995702,-0.599995702,-0.349997524,0.799994149,0.799993915,0.605483132,0.585089041,-0.641666625,-0.318068594,0.786206678,0.780052757,0.992960768,3.998678779,-8.312568848,-3.162335209,0.599771358,1.012662563
6.455000000,0.599996767,0.599996862,-0.599996862,-0.349998192,0.799995729,0.799995558,0.605487793,0.585091924,-0.641668835,-0.318069148,0.786212790,0.780056154,0.992605310,3.997642885,-8.311894932,-3.162284083,0.599698696,1.012601530
6.460000000,0.599997726,0.599997793,-0.599997793,-0.349998729,0.799996996,0.799996876,0.605492447,0.585094701,-0.641670956,-0.318069808,0.786218834,0.780059246,0.992224039,3.998496506,-8.310117713,-3.161907237,0.599563906,1.012535105
6.465000000,0.599998475,0.599998520,-0.599998520,-0.349999147,0.799997985,0.799997904,0.605497111,0.585097343,-0.641672959,-0.318070500,0.786225036,0.780061882,0.988999329,3.999038430,-8.313785875,-3.162564316,0.600231406,1.012340739
6.470000000,0.599999038,0.599999066,-0.599999066,-0.349999462,0.799998729,0.799998678,0.605501511,0.585099925,-0.641675054,-0.318071130,0.786231307,0.780063764,0.991184744,3.997939178,-8.308589234,-3.161388161,0.598659745,1.012352271
6.475200000,0.599999456,0.599999472,-0.599999472,-0.349999696,0.799999281,0.799999252,0.605506173,0.585102426,-0.641677117,-0.318071720,0.786237148,0.780065350,0.990857140,3.997678236,-8.307721963,-3.161215172,0.598581952,1.012312864
6.480000000,0.599999714,0.599999723,-0.599999723,-0.349999840,0.799999622,0.799999607,0.605509825,0.585104287,-0.641678531,-0.318072318,0.786241750,0.780066578,0.990537223,3.998422596,-8.306534421,-3.160748652,0.598389826,1.012241549
6.485000000,0.599999879,0.599999883,-0.599999883,-0.349999932,0.799999840,0.799999834,0.605515533,0.585106822,-0.641680411,-0.318073178,0.786248057,0.780068343,0.991046852,3.996563879,-8.304632935,-3.160679971,0.599141490,1.012034267
6.490000000,0.599999964,0.599999965,-0.599999965,-0.349999980,0.799999953,0.799999951,0.605519185,0.585108430,-0.641681661,-0.318073713,0.786252583,0.780069104,0.989776887,3.999545497,-8.306064303,-3.160867750,0.597831675,1.012191284
6.495200000,0.599999996,0.599999996,-0.599999996,-0.349999998,0.799999995,0.799999995,0.605524650,0.585110671,-0.641683350,-0.318074777,0.786259423,0.780070107,0.989329996,4.000410375,-8.303525860,-3.159942679,0.597535196,1.012095184
6.500000000,0.600000000,0.600000000,-0.600000000,-0.350000000,0.800000000,0.800000000,0.605529349,0.585112517,-0.641684813,-0.318075560,0.786264547,0.780071494,0.988936245,4.000335301,-8.303811669,-3.160211716,0.597195949,1.012027359
6.505000000,0.600000000,0.600000000,-0.600000000,-0.350000000,0.800000000,0.800000000,0.605532998,0.585114056,-0.641685899,-0.318076266,0.786268677,0.780072268,0.988685237,4.000273195,-8.302096662,-3.159554619,0.597061795,1.012002555
6.510000000,0.600000000,0.600000000,-0.600000000,-0.350000000,0.800000000,0.800000000,0.605538704,0.585116394,-0.641687377,-0.318077453,0.786274301,0.780073585,0.985562009,4.001283942,-8.305765836,-3.160611300,0.597757798,1.011849363
6.515000000,0.600000000,0.600000000,-0.600000000,-0.350000000,0.800000000,0.800000000,0.605543135,0.585118459,-0.641688814,-0.318078235,0.786278862,0.780074635,0.988534759,3.997087094,-8.299627491,-3.158947818,0.597414214,1.011809654
6.520000000,0.600000000,0.600000000,-0.600000000,-0.350000000,0.800000000,0.800000000,0.605547018,0.585120174,-0.641689821,-0.318079014,0.786282407,0.780075392,0.984860965,4.000726779,-8.304029575,-3.160169508,0.597381547,1.011750770
6.525000000,0.600000000,0.600000000,-0.600000000,-0.350000000,0.800000000,0.800000000,0.605551449,0.585122206,-0.641691093,-0.318079855,0.786286932,0.780076372,0.987638389,3.998277440,-8.298057492,-3.158462459,0.596713398,1.011733536
6.530000000,0.600000000,0.600000000,-0.600000000,-0.350000000,0.800000000,0.800000000,0.605557132,0.585124627,-0.641692465,-0.318081083,0.786291620,0.780077797,0.987837516,3.997343628,-8.296303216,-3.158464864,0.597021802,1.011548035
6.535000000,0.600000000,0.600000000,-0.600000000,-0.350000000,0.800000000,0.800000000,0.605561577,0.585126513,-0.641693384,-0.318082180,0.786295548,0.780078902,0.986387217,4.001643006,-8.296853579,-3.158023723,0.595714427,1.011648235
6.540000000,0.600000000,0.600000000,-0.600000000,-0.350000000,0.800000000,0.800000000,0.605566231,0.585128341,-0.641694376,-0.318083037,0.786299315,0.780080050,0.986099009,3.999833161,-8.295536947,-3.157737382,0.595583988,1.011581844
6.545000000,0.600000000,0.600000000,-0.600000000,-0.350000000,0.800000000,0.800000000,0.605570883,0.585130269,-0.641695319,-0.318083914,0.786302510,0.780081498,0.986427460,3.996878024,-8.296087530,-3.158186875,0.596220711,1.011439776
6.550000000,0.600000000,0.600000000,-0.600000000,-0.350000000,0.800000000,0.800000000,0.605574516,0.585131804,-0.641695974,-0.318084722,0.786305046,0.780082691,0.986355757,3.997675426,-8.294247064,-3.157444838,0.596341052,1.011358336
6.555200000,0.600000000,0.600000000,-0.600000000,-0.350000000,0.800000000,0.800000000,0.605580188,0.585133879,-0.641696901,-0.318085880,0.786308708,0.780084475,0.982537589,4.001723465,-8.296953122,-3.158319919,0.596086739,1.011263078
6.560400000,0.600000000,0.600000000,-0.600000000,-0.350000000,0.800000000,0.800000000,0.605584592,0.585135628,-0.641697813,-0.318086804,0.786311945,0.780085911,0.984788557,4.000572087,-8.292286589,-3.156857166,0.594936665,1.011274337
6.565000000,0.600000000,0.600000000,-0.600000000,-0.350000000,0.800000000,0.800000000,0.605589236,0.585137519,-0.641698743,-0.318087691,0.786314612,0.780087543,0.985393358,3.995829814,-8.292032483,-3.157025827,0.595902944,1.011100247
6.570000000,0.600000000,0.600000000,-0.600000000,-0.350000000,0.800000000,0.800000000,0.605593877,0.585139316,-0.641699508,-0.318088503,0.786316998,0.780089300,0.985044329,3.996691719,-8.292596955,-3.157424007,0.595682269,1.011002962
6.575000000,0.600000000,0.600000000,-0.600000000,-0.350000000,0.800000000,0.800000000,0.605598517,0.585140915,-0.641700162,-0.318089424,0.786319672,0.780090932,0.984977598,3.998100063,-8.288948121,-3.156550517,0.595613702,1.010890670
6.580000000,0.600000000,0.600000000,-0.600000000,-0.350000000,0.800000000,0.800000000,0.605602942,0.585142413,-0.641700825,-0.318090357,0.786322448,0.780092525,0.984327295,3.999474303,-8.290839435,-3.156710787,0.595286879,1.010835012
6.585000000,0.600000000,0.600000000,-0.600000000,-0.350000000,0.800000000,0.800000000,0.605607582,0.585143834,-0.641701546,-0.318091106,0.786325133,0.780094121,0.983282901,4.001335832,-8.289428210,-3.156250798,0.594269354,1.010817140
6.590000000,0.600000000,0.600000000,-0.600000000,-0.350000000,0.800000000,0.800000000,0.605611208,0.585145027,-0.641702058,-0.318091804,0.786326997,0.780095506,0.983896393,3.998464081,-8.289559608,-3.156419529,0.595189484,1.010666972
6.595000000,0.600000000,0.600000000,-0.600000000,-0.350000000,0.800000000,0.800000000,0.605615845,0.585146597,-0.641702780,-0.318092522,0.786329097,0.780097298,0.983026014,3.999484205,-8.288543245,-3.156107275,0.594383870,1.010624633
6.600000000,0.600000000,0.600000000,-0.600000000,-0.350000000,0.800000000,0.800000000,0.605620474,0.585148148,-0.641703484,-0.318093192,0.786330950,0.780099173,0.983205055,3.996600415,-8.287794329,-3.156080924,0.594851920,1.010490682
6.605000000,0.600000000,0.600000000,-0.600000000,-0.350000000,0.800000000,0.800000000,0.605625905,0.585149966,-0.641704190,-0.318094103,0.786333044,0.780101500,0.983017757,3.997991623,-8.287818536,-3.156074082,0.594873045,1.010345202
6.610000000,0.600000000,0.600000000,-0.600000000,-0.350000000,0.800000000,0.800000000,0.605630530,0.585151332,-0.641704849,-0.318094720,0.786334766,0.780103436,0.982413915,3.998729342,-8.286391356,-3.155659372,0.594429712,1.010269814
6.615000000,0.600000000,0.600000000,-0.600000000,-0.350000000,0.800000000,0.800000000,0.605635149,0.585152644,-0.641705490,-0.318095325,0.786336393,0.780105403,0.982534278,3.996705022,-8.286545396,-3.155995825,0.594718054,1.010140932
6.620000000,0.600000000,0.600000000,-0.600000000,-0.350000000,0.800000000,0.800000000,0.605638768,0.585153691,-0.641705926,-0.318095922,0.786337817,0.780106950,0.981826740,3.999200818,-8.285403692,-3.155451652,0.594138738,1.010090053
6.625000000,0.600000000,0.600000000,-0.600000000,-0.350000000,0.800000000,0.800000000,0.605644188,0.585155107,-0.641706561,-0.318096737,0.786339743,0.780109338,0.981931135,3.998799710,-8.286001106,-3.155751067,0.594473445,1.009924285
6.630000000,0.600000000,0.600000000,-0.600000000,-0.350000000,0.800000000,0.800000000,0.605648806,0.585156303,-0.641707159,-0.318097367,0.786341348,0.780111312,0.981653655,3.998041655,-8.284466154,-3.155331139,0.594415554,1.009821530
6.635000000,0.600000000,0.600000000,-0.600000000,-0.350000000,0.800000000,0.800000000,0.605653421,0.585157493,-0.641707753,-0.318097959,0.786342902,0.780113300,0.981366670,3.997448760,-8.283364309,-3.155049158,0.594348141,1.009716146
6.640000000,0.600000000,0.600000000,-0.600000000,-0.350000000,0.800000000,0.800000000,0.605658032,0.585158596,-0.641708295,-0.318098461,0.786344473,0.780115289,0.981218869,3.998874220,-8.282602918,-3.155139575,0.594224797,1.009600722
6.645000000,0.600000000,0.600000000,-0.600000000,-0.350000000,0.800000000,0.800000000,0.605662667,0.585159648,-0.641708734,-0.318098977,0.786346019,0.780117277,0.977503726,4.001743139,-8.284455572,-3.155470246,0.594128776,1.009511806
6.650000000,0.600000000,0.600000000,-0.600000000,-0.350000000,0.800000000,0.800000000,0.605667040,0.585160830,-0.641709306,-0.318099567,0.786347608,0.780119273,0.980630797,3.997287284,-8.283050253,-3.155137998,0.594077570,1.009393703
6.655000000,0.600000000,0.600000000,-0.600000000,-0.350000000,0.800000000,0.800000000,0.605671643,0.585162136,-0.641709886,-0.318100139,0.786349081,0.780121283,0.980307019,3.996626664,-8.282182244,-3.154927206,0.593961939,1.009290626
6.660000000,0.600000000,0.600000000,-0.600000000,-0.350000000,0.800000000,0.800000000,0.605676240,0.585163303,-0.641710433,-0.318100530,0.786350480,0.780123317,0.980186284,3.996009441,-8.281984594,-3.155061593,0.593945861,1.009184078
6.665000000,0.600000000,0.600000000,-0.600000000,-0.350000000,0.800000000,0.800000000,0.605680846,0.585164300,-0.641710901,-0.318100934,0.786351875,0.780125361,0.980127801,3.997982925,-8.278876580,-3.154397388,0.593861335,1.009062382
6.670000000,0.600000000,0.600000000,-0.600000000,-0.350000000,0.800000000,0.800000000,0.605684436,0.585165008,-0.641711327,-0.318101218,0.786353011,0.780126994,0.979676955,3.997210778,-8.280932468,-3.154802948,0.593763355,1.008985121
6.675000000,0.600000000,0.600000000,-0.600000000,-0.350000000,0.800000000,0.800000000,0.605689835,0.585165997,-0.641711866,-0.318101641,0.786354715,0.780129455,0.979278781,3.998813734,-8.281303327,-3.154899096,0.593609783,1.008845176
6.680200000,0.600000000,0.600000000,-0.600000000,-0.350000000,0.800000000,0.800000000,0.605694426,0.585166765,-0.641712393,-0.318101988,0.786356110,0.780131489,0.979017541,3.998208132,-8.279739891,-3.154468905,0.593558290,1.008739654
6.685000000,0.600000000,0.600000000,-0.600000000,-0.350000000,0.800000000,0.800000000,0.605699020,0.585167539,-0.641712900,-0.318102354,0.786357504,0.780133530,0.978886603,3.999237193,-8.278856471,-3.154496607,0.593457110,1.008623538
6.690000000,0.600000000,0.600000000,-0.600000000,-0.350000000,0.800000000,0.800000000,0.605703638,0.585168324,-0.641713300,-0.318102721,0.786358906,0.780135567,0.975210988,4.001871996,-8.280531485,-3.154798300,0.593377858,1.008533514
6.695000000,0.600000000,0.600000000,-0.600000000,-0.350000000,0.800000000,0.800000000,0.605707994,0.585169291,-0.641713824,-0.318103156,0.786360347,0.780137610,0.978316847,3.997225230,-8.280013268,-3.154748709,0.593325249,1.008407772
6.700000000,0.600000000,0.600000000,-0.600000000,-0.350000000,0.800000000,0.800000000,0.605712575,0.585170378,-0.641714353,-0.318103577,0.786361744,0.780139636,0.978042878,3.996581682,-8.279069972,-3.154516346,0.593265236,1.008300229
6.705000000,0.600000000,0.600000000,-0.600000000,-0.350000000,0.800000000,0.800000000,0.605717153,0.585171334,-0.641714854,-0.318103860,0.786363140,0.780141672,0.977863667,3.996172883,-8.278324971,-3.154426196,0.593196836,1.008195052
6.710000000,0.600000000,0.600000000,-0.600000000,-0.350000000,0.800000000,0.800000000,0.605721741,0.585172132,-0.641715287,-0.318104139,0.786364533,0.780143724,0.977825806,3.998082834,-8.275670244,-3.153927014,0.593112155,1.008076748
6.715000000,0.600000000,0.600000000,-0.600000000,-0.350000000,0.800000000,0.800000000,0.605725316,0.585172688,-0.641715652,-0.318104374,0.786365664,0.780145374,0.977334947,3.997935485,-8.277474598,-3.154180019,0.593003013,1.007994274
6.720000000,0.600000000,0.600000000,-0.600000000,-0.350000000,0.800000000,0.800000000,0.605730695,0.585173485,-0.641716141,-0.318104702,0.786367364,0.780147851,0.976982766,3.998698715,-8.278568131,-3.154598935,0.592860072,1.007855612
6.725000000,0.600000000,0.600000000,-0.600000000,-0.350000000,0.800000000,0.800000000,0.605735268,0.585174128,-0.641716624,-0.318104979,0.786368756,0.780149899,0.976721852,3.998134916,-8.276918541,-3.154139922,0.592808680,1.007749736
6.730000000,0.600000000,0.600000000,-0.600000000,-0.350000000,0.800000000,0.800000000,0.605738854,0.585174666,-0.641716968,-0.318105249,0.786369889,0.780151542,0.976521607,3.998623440,-8.277877393,-3.154492645,0.592713631,1.007657578
6.735000000,0.600000000,0.600000000,-0.600000000,-0.350000000,0.800000000,0.800000000,0.605744445,0.585175426,-0.641717470,-0.318105567,0.786371546,0.780153993,0.972928744,4.001967443,-8.277388666,-3.154363807,0.592625209,1.007546965
6.740400000,0.600000000,0.600000000,-0.600000000,-0.350000000,0.800000000,0.800000000,0.605748786,0.585176235,-0.641717965,-0.318105957,0.786372992,0.780156062,0.976011622,3.997438018,-8.277332189,-3.154461172,0.592565009,1.007415040
6.745000000,0.600000000,0.600000000,-0.600000000,-0.350000000,0.800000000,0.800000000,0.605752581,0.585176981,-0.641718311,-0.318106226,0.786374088,0.780157686,0.972530016,4.000186186,-8.276987768,-3.154356226,0.592524711,1.007349449
6.750000000,0.600000000,0.600000000,-0.600000000,-0.350000000,0.800000000,0.800000000,0.605757902,0.585178166,-0.641718935,-0.318106611,0.786375796,0.780160163,0.975604546,3.994924943,-8.275054879,-3.153939506,0.592495383,1.007198972
6.755000000,0.600000000,0.600000000,-0.600000000,-0.350000000,0.800000000,0.800000000,0.605762472,0.585179116,-0.641719333,-0.318106895,0.786377193,0.780162213,0.975578212,3.996735420,-8.273112251,-3.153661269,0.592397522,1.007083128
6.760000000,0.600000000,0.600000000,-0.600000000,-0.350000000,0.800000000,0.800000000,0.605766833,0.585179867,-0.641719696,-0.318107103,0.786378633,0.780164290,0.975003398,3.998201445,-8.276532035,-3.154456619,0.592206961,1.006967229
6.765000000,0.600000000,0.600000000,-0.600000000,-0.350000000,0.800000000,0.800000000,0.605770601,0.585180374,-0.641720056,-0.318107278,0.786379725,0.780165925,0.975085207,3.997719359,-8.272327816,-3.153534481,0.592219470,1.006883389
6.770000000,0.600000000,0.600000000,-0.600000000,-0.350000000,0.800000000,0.800000000,0.605774965,0.585181044,-0.641720436,-0.318107599,0.786381167,0.780167993,0.974532376,3.998467002,-8.275963777,-3.154384721,0.592047862,1.006768276
6.775000000,0.600000000,0.600000000,-0.600000000,-0.350000000,0.800000000,0.800000000,0.605780507,0.585181755,-0.641720981,-0.318107836,0.786382829,0.780170456,0.974319108,3.998556737,-8.273354596,-3.153842390,0.591971082,1.006640685
6.780000000,0.600000000,0.600000000,-0.600000000,-0.350000000,0.800000000,0.800000000,0.605784076,0.585182277,-0.641721288,-0.318108128,0.786383969,0.780172105,0.973996606,3.997420926,-8.274104985,-3.153917266,0.591918820,1.006554506
6.785000000,0.600000000,0.600000000,-0.600000000,-0.350000000,0.800000000,0.800000000,0.605789430,0.585183031,-0.641721742,-0.318108403,0.786385679,0.780174589,0.973697208,3.998326577,-8.275136503,-3.154315518,0.591777131,1.006415274
6.790000000,0.600000000,0.600000000,-0.600000000,-0.350000000,0.800000000,0.800000000,0.605793979,0.585183625,-0.641722171,-0.318108689,0.786387086,0.780176651,0.973410690,3.997880250,-8.273744192,-3.153935293,0.591715650,1.006308898
6.795000000,0.600000000,0.600000000,-0.600000000,-0.350000000,0.800000000,0.800000000,0.605798527,0.585184202,-0.641722600,-0.318108940,0.786388493,0.780178712,0.973214545,3.997712117,-8.272675368,-3.153657518,0.591649689,1.006201611
6.800000000,0.600000000,0.600000000,-0.600000000,-0.350000000,0.800000000,0.800000000,0.605803086,0.585184747,-0.641722987,-0.318109154,0.786389902,0.780180783,0.973237952,3.998366498,-8.270383706,-3.153335298,0.591592748,1.006084335
6.805000000,0.600000000,0.600000000,-0.600000000,-0.350000000,0.800000000,0.800000000,0.605807435,0.585185284,-0.641723345,-0.318109345,0.786391350,0.780182867,0.972679837,3.999009820,-8.273904730,-3.154169524,0.591424844,1.005967678
6.810000000,0.600000000,0.600000000,-0.600000000,-0.350000000,0.800000000,0.800000000,0.605811980,0.585185845,-0.641723762,-0.318109600,0.786392762,0.780184934,0.972395721,3.998214064,-8.273247342,-3.154020453,0.591360482,1.005861460
6.815000000,0.600000000,0.600000000,-0.600000000,-0.350000000,0.800000000,0.800000000,0.605816521,0.585186448,-0.641724189,-0.318109868,0.786394176,0.780187001,0.972155833,3.997595078,-8.272136970,-3.153731683,0.591303709,1.005753052
6.820000000,0.600000000,0.600000000,-0.600000000,-0.350000000,0.800000000,0.800000000,0.605821064,0.585187025,-0.641724608,-0.318110054,0.786395590,0.780189075,0.972027814,3.998763111,-8.271146842,-3.153664344,0.591200355,1.005639967
6.825000000,0.600000000,0.600000000,-0.600000000,-0.350000000,0.800000000,0.800000000,0.605825633,0.585187587,-0.641724931,-0.318110277,0.786397011,0.780191155,0.968358176,4.001657582,-8.272171706,-3.153821073,0.591074378,1.005535863
6.830000000,0.600000000,0.600000000,-0.600000000,-0.350000000,0.800000000,0.800000000,0.605829947,0.585188273,-0.641725351,-0.318110522,0.786398468,0.780193235,0.971431072,3.997341049,-8.272928668,-3.154166856,0.591038660,1.005413183
6.835000000,0.600000000,0.600000000,-0.600000000,-0.350000000,0.800000000,0.800000000,0.605834474,0.585189078,-0.641725775,-0.318110792,0.786399894,0.780195307,0.971157145,3.996704454,-8.271803859,-3.153873866,0.590979329,1.005303950
6.840000000,0.600000000,0.600000000,-0.600000000,-0.350000000,0.800000000,0.800000000,0.605839002,0.585189791,-0.641726192,-0.318110990,0.786401315,0.780197383,0.970951130,3.997001984,-8.270649297,-3.153566887,0.590900177,1.005196087
6.845000000,0.600000000,0.600000000,-0.600000000,-0.350000000,0.800000000,0.800000000,0.605843541,0.585190392,-0.641726572,-0.318111157,0.786402738,0.780199465,0.970966445,3.997982017,-8.268242853,-3.153197906,0.590834662,1.005078730
6.850000000,0.600000000,0.600000000,-0.600000000,-0.350000000,0.800000000,0.800000000,0.605847875,0.585190938,-0.641726923,-0.318111319,0.786404194,0.780201554,0.970392010,3.998799059,-8.271650786,-3.154004852,0.590662094,1.004961526
6.855000000,0.600000000,0.600000000,-0.600000000,-0.350000000,0.800000000,0.800000000,0.605852400,0.585191479,-0.641727331,-0.318111531,0.786405619,0.780203628,0.970107980,3.998105896,-8.271195601,-3.153919066,0.590591053,1.004854411
6.860000000,0.600000000,0.600000000,-0.600000000,-0.350000000,0.800000000,0.800000000,0.605856922,0.585192049,-0.641727748,-0.318111760,0.786407046,0.780205700,0.969868639,3.997563515,-8.270065963,-3.153623592,0.590531831,1.004745804
6.865200000,0.600000000,0.600000000,-0.600000000,-0.350000000,0.800000000,0.800000000,0.605861445,0.585192591,-0.641728159,-0.318111917,0.786408474,0.780207776,0.969745312,3.998702892,-8.269100240,-3.153551746,0.590428619,1.004634242
6.870000000,0.600000000,0.600000000,-0.600000000,-0.350000000,0.800000000,0.800000000,0.605865996,0.585193118,-0.641728479,-0.318112107,0.786409908,0.780209855,0.966091181,4.001590737,-8.270058700,-3.153702052,0.590280176,1.004527220
6.875000000,0.600000000,0.600000000,-0.600000000,-0.350000000,0.800000000,0.800000000,0.605870283,0.585193791,-0.641728893,-0.318112328,0.786411375,0.780211932,0.969144483,3.997152906,-8.270793523,-3.154038799,0.590270934,1.004405505
6.880000000,0.600000000,0.600000000,-0.600000000,-0.350000000,0.800000000,0.800000000,0.605874028,0.585194420,-0.641729188,-0.318112493,0.786412510,0.780213585,0.965687294,4.000089122,-8.269881455,-3.153761240,0.590158958,1.004326098
6.885000000,0.600000000,0.600000000,-0.600000000,-0.350000000,0.800000000,0.800000000,0.605879281,0.585195391,-0.641729721,-0.318112749,0.786414250,0.780216071,0.968712616,3.995767194,-8.268632944,-3.153478910,0.590161614,1.004189902
6.890000000,0.600000000,0.600000000,-0.600000000,-0.350000000,0.800000000,0.800000000,0.605883791,0.585196215,-0.641730097,-0.318112909,0.786415688,0.780218149,0.968734117,3.996532361,-8.266475230,-3.153180102,0.590098562,1.004072244
6.895000000,0.600000000,0.600000000,-0.600000000,-0.350000000,0.800000000,0.800000000,0.605888105,0.585196899,-0.641730438,-0.318113028,0.786417151,0.780220237,0.968135971,3.997827809,-8.269722390,-3.153943914,0.589913063,1.003954865
6.900000000,0.600000000,0.600000000,-0.600000000,-0.350000000,0.800000000,0.800000000,0.605892608,0.585197484,-0.641730838,-0.318113205,0.786418591,0.780222307,0.967841500,3.997551926,-8.269398715,-3.153897483,0.589826825,1.003847566
6.905000000,0.600000000,0.600000000,-0.600000000,-0.350000000,0.800000000,0.800000000,0.605897108,0.585198034,-0.641731247,-0.318113398,0.786420031,0.780224376,0.967595607,3.997306410,-8.268203045,-3.153579471,0.589759165,1.003739216
6.910000000,0.600000000,0.600000000,-0.600000000,-0.350000000,0.800000000,0.800000000,0.605901612,0.585198522,-0.641731652,-0.318113529,0.786421471,0.780226448,0.967472664,3.998561883,-8.267249908,-3.153499658,0.589651991,1.003629671
6.915000000,0.600000000,0.600000000,-0.600000000,-0.350000000,0.800000000,0.800000000,0.605906142,0.585198976,-0.641731967,-0.318113690,0.786422917,0.780228523,0.963837689,4.001553280,-8.268141993,-3.153641435,0.589480120,1.003520793
6.920000000,0.600000000,0.600000000,-0.600000000,-0.350000000,0.800000000,0.800000000,0.605910420,0.585199557,-0.641732371,-0.318113884,0.786424383,0.780230596,0.966855051,3.997298262,-8.268806544,-3.153953505,0.589486535,1.003398697
6.925000000,0.600000000,0.600000000,-0.600000000,-0.350000000,0.800000000,0.800000000,0.605914901,0.585200281,-0.641732778,-0.318114096,0.786425824,0.780232660,0.966595731,3.996513405,-8.268025765,-3.153768224,0.589426467,1.003290712
6.930000000,0.600000000,0.600000000,-0.600000000,-0.350000000,0.800000000,0.800000000,0.605919386,0.585200923,-0.641733179,-0.318114242,0.786427264,0.780234728,0.966394504,3.996935163,-8.266827655,-3.153446040,0.589343979,1.003183542
6.935000000,0.600000000,0.600000000,-0.600000000,-0.350000000,0.800000000,0.800000000,0.605922905,0.585201370,-0.641733462,-0.318114363,0.786428428,0.780236387,0.966115635,3.997527927,-8.267792141,-3.153798978,0.589238291,1.003088997
6.940000000,0.600000000,0.600000000,-0.600000000,-0.350000000,0.800000000,0.800000000,0.605928180,0.585201926,-0.641733888,-0.318114506,0.786430171,0.780238882,0.965819003,3.998735327,-8.267711185,-3.153844521,0.589104283,1.002950233
6.945000000,0.600000000,0.600000000,-0.600000000,-0.350000000,0.800000000,0.800000000,0.605932662,0.585202382,-0.641734288,-0.318114701,0.786431613,0.780240943,0.965542775,3.998130339,-8.267471932,-3.153827234,0.589028404,1.002842986
6.950000000,0.600000000,0.600000000,-0.600000000,-0.350000000,0.800000000,0.800000000,0.605937139,0.585202864,-0.641734689,-0.318114882,0.786433053,0.780243006,0.965310176,3.997591968,-8.266320834,-3.153524019,0.588969260,1.002734987
6.955200000,0.600000000,0.600000000,-0.600000000,-0.350000000,0.800000000,0.800000000,0.605941617,0.585203325,-0.641735083,-0.318114995,0.786434491,0.780245071,0.965201065,3.998592276,-8.265499428,-3.153474864,0.588869580,1.002627878
6.960000000,0.600000000,0.600000000,-0.600000000,-0.350000000,0.800000000,0.800000000,0.605946123,0.585203774,-0.641735392,-0.318115147,0.786435935,0.780247142,0.961625612,4.001799837,-8.266252504,-3.153580212,0.588693865,1.002517277
6.965000000,0.600000000,0.600000000,-0.600000000,-0.350000000,0.800000000,0.800000000,0.605949586,0.585204209,-0.641735759,-0.318115252,0.786437092,0.780248788,0.964784663,3.997781868,-8.265196145,-3.153497730,0.588738115,1.002428403
6.970000000,0.600000000,0.600000000,-0.600000000,-0.350000000,0.800000000,0.800000000,0.605954082,0.585204923,-0.641736072,-0.318115447,0.786438535,0.780250854,0.961238195,4.000258013,-8.266124499,-3.153652905,0.588581523,1.002317036
6.975000000,0.600000000,0.600000000,-0.600000000,-0.350000000,0.800000000,0.800000000,0.605959288,0.585205858,-0.641736577,-0.318115628,0.786440272,0.780253326,0.964174391,3.995599708,-8.265119492,-3.153449449,0.588602256,1.002181372
6.980000000,0.600000000,0.600000000,-0.600000000,-0.350000000,0.800000000,0.800000000,0.605962784,0.585206542,-0.641736857,-0.318115757,0.786441434,0.780254977,0.963903720,3.995761980,-8.266373248,-3.153895930,0.588505257,1.002086326
6.985400000,0.600000000,0.600000000,-0.600000000,-0.350000000,0.800000000,0.800000000,0.605967234,0.585207214,-0.641737241,-0.318115856,0.786442868,0.780257044,0.963684817,3.996691212,-8.264803808,-3.153452966,0.588412633,1.001980278
6.990000000,0.600000000,0.600000000,-0.600000000,-0.350000000,0.800000000,0.800000000,0.605971702,0.585207719,-0.641737605,-0.318115978,0.786444305,0.780259114,0.963698019,3.997872027,-8.262323735,-3.153043362,0.588341722,1.001864105
6.995000000,0.600000000,0.600000000,-0.600000000,-0.350000000,0.800000000,0.800000000,0.605976930,0.585208216,-0.641738038,-0.318116129,0.786446046,0.780261583,0.963047148,3.997865873,-8.265007182,-3.153645069,0.588174952,1.001731892
7.000000000,0.600000000,0.600000000,-0.600000000,-0.350000000,0.800000000,0.800000000,0.605981385,0.585208580,-0.641738420,-0.318116202,0.786447482,0.780263644,0.962940266,3.998752439,-8.263897237,-3.153496212,0.588083046,1.001629494
7.005000000,0.600000000,0.600000000,-0.600000000,-0.350000000,0.800000000,0.800000000,0.605985872,0.585208966,-0.641738725,-0.318116354,0.786448925,0.780265704,0.959410443,4.001825138,-8.264567045,-3.153583614,0.587913000,1.001516188
7.010000000,0.600000000,0.600000000,-0.600000000,-0.350000000,0.800000000,0.800000000,0.605990118,0.585209510,-0.641739116,-0.318116520,0.786450388,0.780267759,0.962312536,3.997307634,-8.265284436,-3.153915496,0.587923444,1.001393956
7.015000000,0.600000000,0.600000000,-0.600000000,-0.350000000,0.800000000,0.800000000,0.605994562,0.585210226,-0.641739508,-0.318116700,0.786451827,0.780269805,0.962067953,3.996355877,-8.264700174,-3.153791438,0.587866248,1.001287466
7.020000000,0.600000000,0.600000000,-0.600000000,-0.350000000,0.800000000,0.800000000,0.605999006,0.585210864,-0.641739894,-0.318116820,0.786453264,0.780271855,0.961870873,3.996935639,-8.263473354,-3.153458517,0.587780263,1.001181437
7.025200000,0.600000000,0.600000000,-0.600000000,-0.350000000,0.800000000,0.800000000,0.606002495,0.585211305,-0.641740170,-0.318116929,0.786454426,0.780273501,0.961587815,3.997433472,-8.264428761,-3.153808380,0.587677181,1.001087504
7.030000000,0.600000000,0.600000000,-0.600000000,-0.350000000,0.800000000,0.800000000,0.606007729,0.585211850,-0.641740582,-0.318117052,0.786456166,0.780275977,0.961288928,3.998638699,-8.264290810,-3.153835257,0.587544289,1.000949716
7.035000000,0.600000000,0.600000000,-0.600000000,-0.350000000,0.800000000,0.800000000,0.606011395,0.585212179,-0.641740913,-0.318117161,0.786457300,0.780277611,0.961431814,3.998229033,-8.260592542,-3.153031437,0.587550469,1.000866479
7.040000000,0.600000000,0.600000000,-0.600000000,-0.350000000,0.800000000,0.800000000,0.606016611,0.585212743,-0.641741345,-0.318117336,0.786459043,0.780280066,0.960797436,3.997590342,-8.263435022,-3.153681989,0.587400727,1.000734942
7.045000000,0.600000000,0.600000000,-0.600000000,-0.350000000,0.800000000,0.800000000,0.606021054,0.585213188,-0.641741723,-0.318117398,0.786460477,0.780282121,0.960700831,3.998418364,-8.262479002,-3.153568626,0.587307013,1.000636101
7.050000000,0.600000000,0.600000000,-0.600000000,-0.350000000,0.800000000,0.800000000,0.606025528,0.585213622,-0.641742027,-0.318117544,0.786461920,0.780284178,0.957180504,4.001202877,-8.262944003,-3.153612674,0.587150016,1.000519704
7.055000000,0.600000000,0.600000000,-0.600000000,-0.350000000,0.800000000,0.800000000,0.606029496,0.585214151,-0.641742410,-0.318117705,0.786463382,0.780286227,0.960104755,3.997651645,-8.263594485,-3.153911484,0.587136547,1.000398734
7.060000000,0.600000000,0.600000000,-0.600000000,-0.350000000,0.800000000,0.800000000,0.606032655,0.585214641,-0.641742685,-0.318117817,0.786464518,0.780287860,0.959467376,3.999544189,-8.262883676,-3.153715350,0.587116586,1.000324258
7.065000000,0.600000000,0.600000000,-0.600000000,-0.350000000,0.800000000,0.800000000,0.606037332,0.585215430,-0.641743173,-0.318117997,0.786466257,0.780290310,0.959669706,3.996697517,-8.261748653,-3.153445007,0.587009142,1.000186684
7.070000000,0.600000000,0.600000000,-0.600000000,-0.350000000,0.800000000,0.800000000,0.606041253,0.585216107,-0.641743526,-0.318118103,0.786467691,0.780292368,0.959556161,3.996882108,-8.259702387,-3.153163996,0.586950174,1.000067418
7.075000000,0.600000000,0.600000000,-0.600000000,-0.350000000,0.800000000,0.800000000,0.606045144,0.585216699,-0.641743838,-0.318118200,0.786469150,0.780294428,0.959179346,3.997812832,-8.262800792,-3.153899062,0.586792862,0.999954804
7.080000000,0.600000000,0.600000000,-0.600000000,-0.350000000,0.800000000,0.800000000,0.606049057,0.585217218,-0.641744205,-0.318118333,0.786470586,0.780296471,0.958930057,3.997696620,-8.262732181,-3.153930643,0.586701203,0.999848822
7.085000000,0.600000000,0.600000000,-0.600000000,-0.350000000,0.800000000,0.800000000,0.606052972,0.585217714,-0.641744582,-0.318118485,0.786472023,0.780298514,0.958695180,3.997580822,-8.261498609,-3.153598283,0.586630933,0.999742017
7.090000000,0.600000000,0.600000000,-0.600000000,-0.350000000,0.800000000,0.800000000,0.606056098,0.585218094,-0.641744851,-0.318118586,0.786473182,0.780300153,0.958498254,3.998041590,-8.262340446,-3.153912375,0.586537258,0.999648808
7.095000000,0.600000000,0.600000000,-0.600000000,-0.350000000,0.800000000,0.800000000,0.606060816,0.585218609,-0.641745250,-0.318118735,0.786474895,0.780302611,0.957752062,4.000478469,-8.261476964,-3.153689683,0.586469078,0.999528743
7.100000000,0.600000000,0.600000000,-0.600000000,-0.350000000,0.800000000,0.800000000,0.606064700,0.585219132,-0.641745625,-0.318118906,0.786476357,0.780304659,0.957999030,3.997539457,-8.261991653,-3.153934453,0.586363410,0.999404220
7.105000000,0.600000000,0.600000000,-0.600000000,-0.350000000,0.800000000,0.800000000,0.606068613,0.585219757,-0.641745998,-0.318119078,0.786477794,0.780306699,0.957774309,3.997015624,-8.261410700,-3.153808274,0.586294864,0.999298750
7.110000000,0.600000000,0.600000000,-0.600000000,-0.350000000,0.800000000,0.800000000,0.606072524,0.585220329,-0.641746367,-0.318119206,0.786479229,0.780308744,0.957542095,3.997473787,-8.260172293,-3.153471868,0.586209331,0.999192204
7.115000000,0.600000000,0.600000000,-0.600000000,-0.350000000,0.800000000,0.800000000,0.606076440,0.585220832,-0.641746713,-0.318119319,0.786480662,0.780310803,0.957419948,3.997764159,-8.257964141,-3.153137720,0.586148984,0.999073329
7.120000000,0.600000000,0.600000000,-0.600000000,-0.350000000,0.800000000,0.800000000,0.606080327,0.585221308,-0.641747017,-0.318119440,0.786482122,0.780312866,0.957053714,3.998348247,-8.261092224,-3.153884226,0.586001672,0.998960565
7.125000000,0.600000000,0.600000000,-0.600000000,-0.350000000,0.800000000,0.800000000,0.606084236,0.585221778,-0.641747376,-0.318119597,0.786483560,0.780314911,0.956813545,3.997946092,-8.261051028,-3.153925385,0.585918276,0.998854556
7.130000000,0.600000000,0.600000000,-0.600000000,-0.350000000,0.800000000,0.800000000,0.606088146,0.585222263,-0.641747744,-0.318119766,0.786484995,0.780316955,0.956584049,3.997685666,-8.259862170,-3.153607496,0.585851829,0.998747625
7.135000000,0.600000000,0.600000000,-0.600000000,-0.350000000,0.800000000,0.800000000,0.606092057,0.585222729,-0.641748105,-0.318119883,0.786486429,0.780319003,0.956399836,3.998204431,-8.259227126,-3.153561304,0.585757263,0.998645512
7.140000000,0.600000000,0.600000000,-0.600000000,-0.350000000,0.800000000,0.800000000,0.606095979,0.585223183,-0.641748393,-0.318120032,0.786487865,0.780321061,0.955649612,4.000371145,-8.259836014,-3.153698261,0.585696955,0.998533929
7.145000000,0.600000000,0.600000000,-0.600000000,-0.350000000,0.800000000,0.800000000,0.606099857,0.585223740,-0.641748754,-0.318120205,0.786489325,0.780323113,0.955896207,3.997390579,-8.260371148,-3.153948877,0.585591921,0.998409157
7.150000000,0.600000000,0.600000000,-0.600000000,-0.350000000,0.800000000,0.800000000,0.606103764,0.585224396,-0.641749117,-0.318120390,0.786490761,0.780325155,0.955670760,3.996910832,-8.259815167,-3.153830082,0.585521745,0.998303585
7.155000000,0.600000000,0.600000000,-0.600000000,-0.350000000,0.800000000,0.800000000,0.606106883,0.585224883,-0.641749378,-0.318120498,0.786491919,0.780326798,0.955474138,3.997538452,-8.259982819,-3.153931309,0.585434049,0.998210037
7.160000000,0.600000000,0.600000000,-0.600000000,-0.350000000,0.800000000,0.800000000,0.606111582,0.585225512,-0.641749818,-0.318120669,0.786493629,0.780329259,0.955312664,3.997700334,-8.256260672,-3.153129119,0.585375532,0.998078358
7.165000000,0.600000000,0.600000000,-0.600000000,-0.350000000,0.800000000,0.800000000,0.606115465,0.585226013,-0.641750116,-0.318120850,0.786495087,0.780331324,0.954947469,3.998285950,-8.259395189,-3.153872942,0.585228726,0.997965634
7.170000000,0.600000000,0.600000000,-0.600000000,-0.350000000,0.800000000,0.800000000,0.606119369,0.585226494,-0.641750463,-0.318121017,0.786496522,0.780333379,0.954706253,3.997931899,-8.259367806,-3.153918093,0.585143676,0.997859040
7.175000000,0.600000000,0.600000000,-0.600000000,-0.350000000,0.800000000,0.800000000,0.606123273,0.585226988,-0.641750820,-0.318121202,0.786497958,0.780335426,0.954476671,3.997680690,-8.258187246,-3.153602500,0.585076869,0.997751910
7.180000000,0.600000000,0.600000000,-0.600000000,-0.350000000,0.800000000,0.800000000,0.606126390,0.585227379,-0.641751075,-0.318121328,0.786499118,0.780337071,0.954280408,3.998071843,-8.258962178,-3.153895505,0.584985878,0.997658250
7.185000000,0.600000000,0.600000000,-0.600000000,-0.350000000,0.800000000,0.800000000,0.606131096,0.585227922,-0.641751456,-0.318121502,0.786500832,0.780339537,0.953537070,4.000441173,-8.258100660,-3.153673031,0.584919951,0.997538154
7.190000000,0.600000000,0.600000000,-0.600000000,-0.350000000,0.800000000,0.800000000,0.606134969,0.585228472,-0.641751811,-0.318121700,0.786502294,0.780341591,0.953784278,3.997499262,-8.258604820,-3.153914058,0.584814552,0.997413098
7.195000000,0.600000000,0.600000000,-0.600000000,-0.350000000,0.800000000,0.800000000,0.606138871,0.585229128,-0.641752163,-0.318121900,0.786503732,0.780343640,0.953562132,3.996920548,-8.258103381,-3.153812502,0.584746344,0.997307267
7.200000000,0.600000000,0.600000000,-0.600000000,-0.350000000,0.800000000,0.800000000,0.606141986,0.585229622,-0.641752416,-0.318122019,0.786504891,0.780345290,0.953365699,3.997525891,-8.258226860,-3.153899812,0.584659915,0.997213403
7.205200000,0.600000000,0.600000000,-0.600000000,-0.350000000,0.800000000,0.800000000,0.606146678,0.585230268,-0.641752845,-0.318122208,0.786506601,0.780347762,0.953204588,3.997651409,-8.254555152,-3.153109276,0.584601554,0.997081217
7.210000000,0.600000000,0.600000000,-0.600000000,-0.350000000,0.800000000,0.800000000,0.606150556,0.585230784,-0.641753134,-0.318122406,0.786508059,0.780349834,0.952839364,3.998251301,-8.257628233,-3.153837661,0.584455261,0.996968166
7.215000000,0.600000000,0.600000000,-0.600000000,-0.350000000,0.800000000,0.800000000,0.606154455,0.585231280,-0.641753469,-0.318122599,0.786509492,0.780351896,0.952597468,3.997893763,-8.257581324,-3.153876294,0.584370493,0.996861302
7.220000000,0.600000000,0.600000000,-0.600000000,-0.350000000,0.800000000,0.800000000,0.606158354,0.585231788,-0.641753814,-0.318122802,0.786510925,0.780353956,0.952369265,3.997638514,-8.256462892,-3.153580333,0.584303092,0.996753313
7.225000000,0.600000000,0.600000000,-0.600000000,-0.350000000,0.800000000,0.800000000,0.606161467,0.585232187,-0.641754062,-0.318122936,0.786512080,0.780355609,0.952172001,3.998037725,-8.257171280,-3.153852389,0.584212990,0.996659102
7.230000000,0.600000000,0.600000000,-0.600000000,-0.350000000,0.800000000,0.800000000,0.606166167,0.585232739,-0.641754431,-0.318123128,0.786513786,0.780358091,0.951428120,4.000429585,-8.256299793,-3.153626434,0.584146782,0.996538510
7.235000000,0.600000000,0.600000000,-0.600000000,-0.350000000,0.800000000,0.800000000,0.606169266,0.585233164,-0.641754742,-0.318123296,0.786514938,0.780359745,0.951759478,3.997775843,-8.254869390,-3.153305888,0.584078639,0.996444275
7.240000000,0.600000000,0.600000000,-0.600000000,-0.350000000,0.800000000,0.800000000,0.606173931,0.585233956,-0.641755106,-0.318123545,0.786516672,0.780362227,0.951462660,3.996812732,-8.256641236,-3.153873739,0.583972287,0.996304825
7.245000000,0.600000000,0.600000000,-0.600000000,-0.350000000,0.800000000,0.800000000,0.606177825,0.585234580,-0.641755439,-0.318123723,0.786518101,0.780364301,0.951221136,3.997349981,-8.255075252,-3.153432142,0.583888431,0.996197835
7.250000000,0.600000000,0.600000000,-0.600000000,-0.350000000,0.800000000,0.800000000,0.606181726,0.585235122,-0.641755763,-0.318123873,0.786519530,0.780366374,0.951095931,3.997657144,-8.252880558,-3.153090271,0.583827202,0.996078501
7.255000000,0.600000000,0.600000000,-0.600000000,-0.350000000,0.800000000,0.800000000,0.606185598,0.585235626,-0.641756023,-0.318124072,0.786520986,0.780368453,0.950730029,3.998254197,-8.255833946,-3.153791613,0.583682416,0.995965120
7.260000000,0.600000000,0.600000000,-0.600000000,-0.350000000,0.800000000,0.800000000,0.606189492,0.585236117,-0.641756340,-0.318124279,0.786522418,0.780370520,0.950487347,3.997932570,-8.255770284,-3.153825226,0.583597641,0.995856763
7.265000000,0.600000000,0.600000000,-0.600000000,-0.350000000,0.800000000,0.800000000,0.606193386,0.585236625,-0.641756676,-0.318124503,0.786523848,0.780372587,0.950260889,3.997657030,-8.254736192,-3.153555037,0.583529021,0.995749448
7.270000000,0.600000000,0.600000000,-0.600000000,-0.350000000,0.800000000,0.800000000,0.606197281,0.585237114,-0.641757001,-0.318124686,0.786525278,0.780374658,0.950037953,3.998503470,-8.253225062,-3.153158587,0.583437056,0.995642344
7.275000000,0.600000000,0.600000000,-0.600000000,-0.350000000,0.800000000,0.800000000,0.606201188,0.585237592,-0.641757252,-0.318124874,0.786526710,0.780376729,0.949328904,4.000191490,-8.254503125,-3.153579266,0.583381950,0.995534510
7.280000000,0.600000000,0.600000000,-0.600000000,-0.350000000,0.800000000,0.800000000,0.606205050,0.585238173,-0.641757560,-0.318125104,0.786528166,0.780378805,0.949571426,3.997334525,-8.255000674,-3.153816374,0.583273893,0.995408156
7.285000000,0.600000000,0.600000000,-0.600000000,-0.350000000,0.800000000,0.800000000,0.606208189,0.585238683,-0.641757794,-0.318125268,0.786529297,0.780380455,0.948928868,3.999423963,-8.254252847,-3.153605577,0.583248458,0.995333929
7.290400000,0.600000000,0.600000000,-0.600000000,-0.350000000,0.800000000,0.800000000,0.606212834,0.585239464,-0.641758191,-0.318125578,0.786531028,0.780382939,0.949124650,3.996857959,-8.253243461,-3.153371319,0.583130759,0.995194260
7.295000000,0.600000000,0.600000000,-0.600000000,-0.350000000,0.800000000,0.800000000,0.606216730,0.585240138,-0.641758494,-0.318125751,0.786532458,0.780385011,0.949011687,3.996833217,-8.251209661,-3.153075118,0.583077454,0.995074799
7.300000000,0.600000000,0.600000000,-0.600000000,-0.350000000,0.800000000,0.800000000,0.606219828,0.585240627,-0.641758713,-0.318125932,0.786533612,0.780386668,0.948700022,3.997225213,-8.253164495,-3.153447999,0.582962012,0.994992396
7.305000000,0.600000000,0.600000000,-0.600000000,-0.350000000,0.800000000,0.800000000,0.606224483,0.585241267,-0.641759041,-0.318126134,0.786535342,0.780389158,0.948384253,3.997778979,-8.253934503,-3.153761467,0.582830362,0.994851634
7.310000000,0.600000000,0.600000000,-0.600000000,-0.350000000,0.800000000,0.800000000,0.606227588,0.585241649,-0.641759262,-0.318126283,0.786536495,0.780390821,0.948195846,3.998233700,-8.253655528,-3.153719664,0.582755060,0.994760737
7.315000000,0.600000000,0.600000000,-0.600000000,-0.350000000,0.800000000,0.800000000,0.606232263,0.585242212,-0.641759643,-0.318126581,0.786538202,0.780393297,0.947919718,3.998690340,-8.251441356,-3.153077235,0.582659284,0.994639426
7.320000000,0.600000000,0.600000000,-0.600000000,-0.350000000,0.800000000,0.800000000,0.606236165,0.585242710,-0.641759894,-0.318126782,0.786539634,0.780395366,0.947227826,3.999939519,-8.252685673,-3.153518190,0.582617380,0.994531016
7.325000000,0.600000000,0.600000000,-0.600000000,-0.350000000,0.800000000,0.800000000,0.606240022,0.585243312,-0.641760193,-0.318126998,0.786541088,0.780397442,0.947470491,3.997106564,-8.253191477,-3.153757615,0.582508656,0.994404508
7.330000000,0.600000000,0.600000000,-0.600000000,-0.350000000,0.800000000,0.800000000,0.606243157,0.585243829,-0.641760413,-0.318127168,0.786542218,0.780399092,0.946825276,3.999285898,-8.252430680,-3.153541853,0.582480749,0.994330384
7.335000000,0.600000000,0.600000000,-0.600000000,-0.350000000,0.800000000,0.800000000,0.606247795,0.585244622,-0.641760793,-0.318127476,0.786543949,0.780401576,0.947025922,3.996577300,-8.251480011,-3.153326021,0.582366498,0.994190640
7.340000000,0.600000000,0.600000000,-0.600000000,-0.350000000,0.800000000,0.800000000,0.606251686,0.585245321,-0.641761092,-0.318127643,0.786545378,0.780403649,0.946912323,3.996559750,-8.249483945,-3.153036599,0.582312471,0.994071208
7.345000000,0.600000000,0.600000000,-0.600000000,-0.350000000,0.800000000,0.800000000,0.606254779,0.585245821,-0.641761309,-0.318127813,0.786546531,0.780405305,0.946582918,3.997573100,-8.252262592,-3.153681162,0.582176453,0.993980707
7.350000000,0.600000000,0.600000000,-0.600000000,-0.350000000,0.800000000,0.800000000,0.606259429,0.585246467,-0.641761636,-0.318128011,0.786548261,0.780407794,0.946283468,3.997535038,-8.252166382,-3.153713519,0.582064797,0.993848826
7.355000000,0.600000000,0.600000000,-0.600000000,-0.350000000,0.800000000,0.800000000,0.606263312,0.585246966,-0.641761936,-0.318128252,0.786549690,0.780409861,0.946052927,3.997426279,-8.251149710,-3.153446222,0.581991258,0.993742246
7.360000000,0.600000000,0.600000000,-0.600000000,-0.350000000,0.800000000,0.800000000,0.606267198,0.585247427,-0.641762234,-0.318128440,0.786551119,0.780411932,0.945816417,3.998711666,-8.249816025,-3.153074371,0.581884554,0.993635384
7.365000000,0.600000000,0.600000000,-0.600000000,-0.350000000,0.800000000,0.800000000,0.606271094,0.585247881,-0.641762482,-0.318128605,0.786552549,0.780414003,0.945119631,4.000016214,-8.250895212,-3.153462528,0.581843102,0.993527355
7.370000000,0.600000000,0.600000000,-0.600000000,-0.350000000,0.800000000,0.800000000,0.606274946,0.585248455,-0.641762780,-0.318128824,0.786554003,0.780416078,0.945364951,3.997106005,-8.251410817,-3.153705368,0.581736708,0.993400852
7.375000000,0.600000000,0.600000000,-0.600000000,-0.350000000,0.800000000,0.800000000,0.606278827,0.585249098,-0.641763078,-0.318129063,0.786555433,0.780418142,0.945136027,3.996804954,-8.251058853,-3.153647924,0.581657912,0.993294241
7.380000000,0.600000000,0.600000000,-0.600000000,-0.350000000,0.800000000,0.800000000,0.606282707,0.585249668,-0.641763376,-0.318129271,0.786556861,0.780420212,0.944900093,3.997350473,-8.249712596,-3.153274903,0.581571319,0.993186753
7.385200000,0.600000000,0.600000000,-0.600000000,-0.350000000,0.800000000,0.800000000,0.606285804,0.585250080,-0.641763593,-0.318129417,0.786558015,0.780421868,0.944696983,3.997512445,-8.250775101,-3.153657802,0.581481605,0.993093096
7.390000000,0.600000000,0.600000000,-0.600000000,-0.350000000,0.800000000,0.800000000,0.606290450,0.585250640,-0.641763920,-0.318129620,0.786559743,0.780424360,0.944404638,3.998251580,-8.250411873,-3.153613257,0.581365400,0.992954613
7.395000000,0.600000000,0.600000000,-0.600000000,-0.350000000,0.800000000,0.800000000,0.606294330,0.585251098,-0.641764217,-0.318129857,0.786561174,0.780426423,0.944164884,3.997935004,-8.250310346,-3.153635562,0.581281846,0.992845478
7.400000000,0.600000000,0.600000000,-0.600000000,-0.350000000,0.800000000,0.800000000,0.606298209,0.585251572,-0.641764514,-0.318130088,0.786562603,0.780428490,0.943942588,3.997603916,-8.249374363,-3.153394520,0.581213930,0.992738944
7.405000000,0.600000000,0.600000000,-0.600000000,-0.350000000,0.800000000,0.800000000,0.606302089,0.585252034,-0.641764811,-0.318130268,0.786564031,0.780430561,0.943709624,3.998790881,-8.248064502,-3.153030554,0.581109925,0.992632056
7.410000000,0.600000000,0.600000000,-0.600000000,-0.350000000,0.800000000,0.800000000,0.606305981,0.585252502,-0.641765058,-0.318130429,0.786565460,0.780432631,0.943014349,4.000042087,-8.249116646,-3.153410309,0.581070519,0.992524152
7.415000000,0.600000000,0.600000000,-0.600000000,-0.350000000,0.800000000,0.800000000,0.606309827,0.585253091,-0.641765354,-0.318130637,0.786566913,0.780434706,0.943260563,3.997124818,-8.249639107,-3.153655390,0.580964414,0.992397575
7.420000000,0.600000000,0.600000000,-0.600000000,-0.350000000,0.800000000,0.800000000,0.606312954,0.585253608,-0.641765571,-0.318130792,0.786568042,0.780436356,0.942618802,3.999212427,-8.248905240,-3.153448345,0.580938863,0.992323529
7.425000000,0.600000000,0.600000000,-0.600000000,-0.350000000,0.800000000,0.800000000,0.606317579,0.585254391,-0.641765946,-0.318131071,0.786569770,0.780438840,0.942817487,3.996634231,-8.248050930,-3.153262301,0.580819491,0.992183505
7.430000000,0.600000000,0.600000000,-0.600000000,-0.350000000,0.800000000,0.800000000,0.606321460,0.585255057,-0.641766240,-0.318131215,0.786571197,0.780440912,0.942698164,3.996740400,-8.246053144,-3.152963788,0.580761633,0.992064263
7.435000000,0.600000000,0.600000000,-0.600000000,-0.350000000,0.800000000,0.800000000,0.606324545,0.585255530,-0.641766455,-0.318131374,0.786572349,0.780442567,0.942389510,3.997155264,-8.247979058,-3.153340184,0.580646335,0.991981665
7.440000000,0.600000000,0.600000000,-0.600000000,-0.350000000,0.800000000,0.800000000,0.606329182,0.585256148,-0.641766778,-0.318131551,0.786574077,0.780445056,0.942072906,3.997722995,-8.248648907,-3.153622103,0.580516059,0.991840737
7.445000000,0.600000000,0.600000000,-0.600000000,-0.350000000,0.800000000,0.800000000,0.606333054,0.585256611,-0.641767073,-0.318131760,0.786575504,0.780447124,0.941843903,3.997567149,-8.247743974,-3.153389098,0.580441874,0.991735039
7.450000000,0.600000000,0.600000000,-0.600000000,-0.350000000,0.800000000,0.800000000,0.606336147,0.585256976,-0.641767289,-0.318131901,0.786576657,0.780448780,0.941643628,3.997987758,-8.248265465,-3.153601533,0.580354085,0.991640325
7.455200000,0.600000000,0.600000000,-0.600000000,-0.350000000,0.800000000,0.800000000,0.606340816,0.585257487,-0.641767614,-0.318132109,0.786578361,0.780451261,0.940901880,4.000366358,-8.247405275,-3.153377138,0.580288303,0.991520655
7.460000000,0.600000000,0.600000000,-0.600000000,-0.350000000,0.800000000,0.800000000,0.606344659,0.585258001,-0.641767909,-0.318132334,0.786579814,0.780453333,0.941149234,3.997474253,-8.247901001,-3.153614150,0.580182310,0.991394126
7.465000000,0.600000000,0.600000000,-0.600000000,-0.350000000,0.800000000,0.800000000,0.606348530,0.585258605,-0.641768204,-0.318132556,0.786581243,0.780455397,0.940926945,3.996995740,-8.247657449,-3.153591418,0.580107276,0.991287462
7.470000000,0.600000000,0.600000000,-0.600000000,-0.350000000,0.800000000,0.800000000,0.606352400,0.585259165,-0.641768498,-0.318132751,0.786582670,0.780457466,0.940695983,3.997406570,-8.246341527,-3.153228396,0.580024435,0.991179992
7.475400000,0.600000000,0.600000000,-0.600000000,-0.350000000,0.800000000,0.800000000,0.606356276,0.585259667,-0.641768790,-0.318132890,0.786584096,0.780459537,0.940568555,3.997656596,-8.244271931,-3.152904075,0.579962933,0.991060998
7.480000000,0.600000000,0.600000000,-0.600000000,-0.350000000,0.800000000,0.800000000,0.606360122,0.585260145,-0.641769035,-0.318133048,0.786585547,0.780461615,0.940208167,3.998229338,-8.247004754,-3.153556605,0.579823015,0.990947687
7.485000000,0.600000000,0.600000000,-0.600000000,-0.350000000,0.800000000,0.800000000,0.606363991,0.585260618,-0.641769325,-0.318133237,0.786586975,0.780463679,0.939967577,3.997833473,-8.246972866,-3.153600192,0.579739786,0.990838263
7.490000000,0.600000000,0.600000000,-0.600000000,-0.350000000,0.800000000,0.800000000,0.606367859,0.585261109,-0.641769618,-0.318133454,0.786588403,0.780465745,0.939746619,3.997515719,-8.246115859,-3.153383784,0.579670459,0.990731854
7.495000000,0.600000000,0.600000000,-0.600000000,-0.350000000,0.800000000,0.800000000,0.606371730,0.585261587,-0.641769911,-0.318133623,0.786589829,0.780467814,0.939513155,3.998727877,-8.244799412,-3.153017469,0.579565875,0.990625075
7.500000000,0.600000000,0.600000000,-0.600000000,-0.350000000,0.800000000,0.800000000,0.606375611,0.585262070,-0.641770156,-0.318133770,0.786591257,0.780469883,0.938818787,3.999946370,-8.245809715,-3.153384022,0.579528141,0.990517340
7.505000000,0.600000000,0.600000000,-0.600000000,-0.350000000,0.800000000,0.800000000,0.606378684,0.585262527,-0.641770417,-0.318133927,0.786592407,0.780471540,0.939115957,3.997929899,-8.244494695,-3.153025860,0.579434894,0.990424570
7.510000000,0.600000000,0.600000000,-0.600000000,-0.350000000,0.800000000,0.800000000,0.606383313,0.585263357,-0.641770739,-0.318134150,0.786594136,0.780474020,0.938853524,3.996354554,-8.246318150,-3.153680202,0.579350486,0.990283140
7.515200000,0.600000000,0.600000000,-0.600000000,-0.350000000,0.800000000,0.800000000,0.606387177,0.585264023,-0.641771030,-0.318134323,0.786595561,0.780476091,0.938618716,3.996811095,-8.244851616,-3.153268675,0.579267984,0.990176377
7.520000000,0.600000000,0.600000000,-0.600000000,-0.350000000,0.800000000,0.800000000,0.606390261,0.585264494,-0.641771244,-0.318134458,0.786596714,0.780477744,0.938411092,3.997130799,-8.245893668,-3.153644320,0.579173920,0.990082869
7.525000000,0.600000000,0.600000000,-0.600000000,-0.350000000,0.800000000,0.800000000,0.606394125,0.585264997,-0.641771535,-0.318134631,0.786598138,0.780479814,0.938173982,3.997611844,-8.244400188,-3.153224404,0.579091124,0.989975871
7.530000000,0.600000000,0.600000000,-0.600000000,-0.350000000,0.800000000,0.800000000,0.606397995,0.585265454,-0.641771826,-0.318134771,0.786599564,0.780481884,0.938047966,3.997809466,-8.242394322,-3.152916510,0.579030265,0.989856897
7.535200000,0.600000000,0.600000000,-0.600000000,-0.350000000,0.800000000,0.800000000,0.606402614,0.585265988,-0.641772145,-0.318134989,0.786601291,0.780484365,0.937652699,3.997693105,-8.244835236,-3.153487575,0.578888600,0.989727489
7.540000000,0.600000000,0.600000000,-0.600000000,-0.350000000,0.800000000,0.800000000,0.606405697,0.585266341,-0.641772358,-0.318135095,0.786602441,0.780486025,0.937448168,3.998049430,-8.245045210,-3.153600992,0.578806616,0.989633617
7.545000000,0.600000000,0.600000000,-0.600000000,-0.350000000,0.800000000,0.800000000,0.606409559,0.585266781,-0.641772649,-0.318135301,0.786603868,0.780488090,0.937225149,3.997755331,-8.244214633,-3.153392138,0.578735877,0.989527753
7.550000000,0.600000000,0.600000000,-0.600000000,-0.350000000,0.800000000,0.800000000,0.606414186,0.585267329,-0.641772971,-0.318135501,0.786605595,0.780490574,0.936936975,3.998214249,-8.244579536,-3.153579284,0.578616870,0.989387431
7.555200000,0.600000000,0.600000000,-0.600000000,-0.350000000,0.800000000,0.800000000,0.606418047,0.585267791,-0.641773260,-0.318135702,0.786607022,0.780492637,0.936709197,3.997797515,-8.244353080,-3.153560873,0.578539034,0.989280998
7.560000000,0.600000000,0.600000000,-0.600000000,-0.350000000,0.800000000,0.800000000,0.606421131,0.585268177,-0.641773475,-0.318135836,0.786608174,0.780494294,0.936520465,3.998098012,-8.244272808,-3.153584090,0.578465329,0.989187107
7.565000000,0.600000000,0.600000000,-0.600000000,-0.350000000,0.800000000,0.800000000,0.606424991,0.585268665,-0.641773765,-0.318136042,0.786609601,0.780496356,0.936292828,3.997720615,-8.244048388,-3.153566442,0.578386614,0.989080590
7.570000000,0.600000000,0.600000000,-0.600000000,-0.350000000,0.800000000,0.800000000,0.606429615,0.585269267,-0.641774087,-0.318136240,0.786611326,0.780498843,0.936014787,3.998169358,-8.243830753,-3.153569391,0.578277949,0.988941929
7.575200000,0.600000000,0.600000000,-0.600000000,-0.350000000,0.800000000,0.800000000,0.606433475,0.585269777,-0.641774376,-0.318136445,0.786612755,0.780500903,0.935777870,3.997795182,-8.243761449,-3.153602120,0.578195859,0.988832322
7.580000000,0.600000000,0.600000000,-0.600000000,-0.350000000,0.800000000,0.800000000,0.606437333,0.585270300,-0.641774666,-0.318136650,0.786614181,0.780502968,0.935559153,3.997446113,-8.242970354,-3.153406273,0.578126557,0.988726160
7.585000000,0.600000000,0.600000000,-0.600000000,-0.350000000,0.800000000,0.800000000,0.606441193,0.585270807,-0.641774954,-0.318136803,0.786615606,0.780505036,0.935325196,3.998697336,-8.241659830,-3.153041549,0.578020824,0.988619425
7.590000000,0.600000000,0.600000000,-0.600000000,-0.350000000,0.800000000,0.800000000,0.606445065,0.585271318,-0.641775197,-0.318136950,0.786617033,0.780507102,0.934630716,3.999898167,-8.242626165,-3.153394055,0.577984265,0.988511939
7.595000000,0.600000000,0.600000000,-0.600000000,-0.350000000,0.800000000,0.800000000,0.606448891,0.585271939,-0.641775486,-0.318137131,0.786618484,0.780509174,0.934878105,3.997007801,-8.243162102,-3.153643203,0.577877602,0.988385352
7.600000000,0.600000000,0.600000000,-0.600000000,-0.350000000,0.800000000,0.800000000,0.606452747,0.585272644,-0.641775774,-0.318137334,0.786619911,0.780511234,0.934658284,3.996510525,-8.243021509,-3.153652787,0.577801777,0.988278654
7.605000000,0.600000000,0.600000000,-0.600000000,-0.350000000,0.800000000,0.800000000,0.606456602,0.585273277,-0.641776063,-0.318137512,0.786621335,0.780513301,0.934423242,3.997080313,-8.241684067,-3.153282069,0.577714605,0.988171330
7.610000000,0.600000000,0.600000000,-0.600000000,-0.350000000,0.800000000,0.800000000,0.606460462,0.585273823,-0.641776349,-0.318137632,0.786622759,0.780515370,0.934291219,3.997422296,-8.239672128,-3.152964616,0.577649316,0.988052568
7.615000000,0.600000000,0.600000000,-0.600000000,-0.350000000,0.800000000,0.800000000,0.606463532,0.585274225,-0.641776560,-0.318137781,0.786623909,0.780517023,0.933991723,3.997652953,-8.241528942,-3.153332729,0.577541137,0.987969996
7.620000000,0.600000000,0.600000000,-0.600000000,-0.350000000,0.800000000,0.800000000,0.606468146,0.585274799,-0.641776877,-0.318137943,0.786625634,0.780519508,0.933685592,3.997898671,-8.242209029,-3.153619019,0.577420709,0.987829170
7.625000000,0.600000000,0.600000000,-0.600000000,-0.350000000,0.800000000,0.800000000,0.606471999,0.585275266,-0.641777164,-0.318138133,0.786627059,0.780521572,0.933464279,3.997583660,-8.241430658,-3.153426313,0.577349740,0.987723546
7.630000000,0.600000000,0.600000000,-0.600000000,-0.350000000,0.800000000,0.800000000,0.606475855,0.585275728,-0.641777451,-0.318138288,0.786628484,0.780523639,0.933231923,3.998796502,-8.240137040,-3.153067035,0.577244986,0.987616850
7.635000000,0.600000000,0.600000000,-0.600000000,-0.350000000,0.800000000,0.800000000,0.606479721,0.585276207,-0.641777693,-0.318138430,0.786629910,0.780525705,0.932539663,3.999933536,-8.241108258,-3.153421322,0.577210343,0.987509376
7.640000000,0.600000000,0.600000000,-0.600000000,-0.350000000,0.800000000,0.800000000,0.606483542,0.585276802,-0.641777979,-0.318138602,0.786631360,0.780527776,0.932787624,3.997035417,-8.241652003,-3.153672903,0.577103873,0.987382808
7.645000000,0.600000000,0.600000000,-0.600000000,-0.350000000,0.800000000,0.800000000,0.606487393,0.585277467,-0.641778266,-0.318138802,0.786632786,0.780529835,0.932563471,3.996679267,-8.241494968,-3.153676610,0.577024039,0.987276188
7.650000000,0.600000000,0.600000000,-0.600000000,-0.350000000,0.800000000,0.800000000,0.606491244,0.585278063,-0.641778553,-0.318138979,0.786634210,0.780531901,0.932330818,3.997179081,-8.240171061,-3.153310379,0.576938824,0.987168910
7.655000000,0.600000000,0.600000000,-0.600000000,-0.350000000,0.800000000,0.800000000,0.606494317,0.585278496,-0.641778764,-0.318139100,0.786635361,0.780533552,0.932126204,3.997366102,-8.241165141,-3.153671111,0.576849342,0.987075713
7.660000000,0.600000000,0.600000000,-0.600000000,-0.350000000,0.800000000,0.800000000,0.606498166,0.585278982,-0.641779050,-0.318139268,0.786636785,0.780535619,0.931896464,3.997674111,-8.239753818,-3.153277703,0.576770886,0.986968701
7.665000000,0.600000000,0.600000000,-0.600000000,-0.350000000,0.800000000,0.800000000,0.606502022,0.585279443,-0.641779335,-0.318139399,0.786638209,0.780537686,0.931772501,3.997766683,-8.237850843,-3.152992658,0.576711515,0.986849928
7.670000000,0.600000000,0.600000000,-0.600000000,-0.350000000,0.800000000,0.800000000,0.606506623,0.585279993,-0.641779649,-0.318139606,0.786639934,0.780540164,0.931380793,3.997625746,-8.240216712,-3.153549709,0.576572154,0.986720627
7.675000000,0.600000000,0.600000000,-0.600000000,-0.350000000,0.800000000,0.800000000,0.606510472,0.585280436,-0.641779934,-0.318139739,0.786641356,0.780542234,0.931141182,3.998851606,-8.238588213,-3.153083709,0.576471156,0.986614846
7.680000000,0.600000000,0.600000000,-0.600000000,-0.350000000,0.800000000,0.800000000,0.606514334,0.585280898,-0.641780174,-0.318139886,0.786642782,0.780544298,0.930449607,3.999999333,-8.239607190,-3.153453135,0.576435656,0.986507270
7.685000000,0.600000000,0.600000000,-0.600000000,-0.350000000,0.800000000,0.800000000,0.606518151,0.585281495,-0.641780459,-0.318140067,0.786644232,0.780546367,0.930701583,3.996962328,-8.240169258,-3.153710883,0.576333053,0.986380831
7.690000000,0.600000000,0.600000000,-0.600000000,-0.350000000,0.800000000,0.800000000,0.606521254,0.585282033,-0.641780670,-0.318140200,0.786645357,0.780548013,0.930064179,3.998953675,-8.239469117,-3.153514497,0.576310062,0.986307029
7.695000000,0.600000000,0.600000000,-0.600000000,-0.350000000,0.800000000,0.800000000,0.606525844,0.585282841,-0.641781030,-0.318140440,0.786647082,0.780550490,0.930265764,3.996422052,-8.238775441,-3.153378468,0.576187452,0.986166977
7.700000000,0.600000000,0.600000000,-0.600000000,-0.350000000,0.800000000,0.800000000,0.606529694,0.585283507,-0.641781314,-0.318140561,0.786648505,0.780552557,0.930141001,3.996587616,-8.236901004,-3.153097903,0.576125584,0.986048260
7.705000000,0.600000000,0.600000000,-0.600000000,-0.350000000,0.800000000,0.800000000,0.606533515,0.585284089,-0.641781553,-0.318140702,0.786649952,0.780554631,0.929771130,3.997566301,-8.239364490,-3.153681318,0.575977968,0.985935213
7.710000000,0.600000000,0.600000000,-0.600000000,-0.350000000,0.800000000,0.800000000,0.606537358,0.585284598,-0.641781835,-0.318140872,0.786651378,0.780556691,0.929522978,3.997452477,-8.239300472,-3.153713531,0.575887004,0.985825688
7.715000000,0.600000000,0.600000000,-0.600000000,-0.350000000,0.800000000,0.800000000,0.606541201,0.585285088,-0.641782120,-0.318141067,0.786652802,0.780558752,0.929300404,3.997266899,-8.238527048,-3.153522394,0.575812685,0.985719647
7.720000000,0.600000000,0.600000000,-0.600000000,-0.350000000,0.800000000,0.800000000,0.606545047,0.585285544,-0.641782404,-0.318141216,0.786654226,0.780560816,0.929063330,3.998638473,-8.237200567,-3.153151904,0.575703680,0.985613125
7.725000000,0.600000000,0.600000000,-0.600000000,-0.350000000,0.800000000,0.800000000,0.606548904,0.585285999,-0.641782643,-0.318141349,0.786655651,0.780562880,0.928368788,3.999843094,-8.238142440,-3.153496497,0.575667464,0.985505778
7.730000000,0.600000000,0.600000000,-0.600000000,-0.350000000,0.800000000,0.800000000,0.606552716,0.585286573,-0.641782926,-0.318141526,0.786657100,0.780564948,0.928618064,3.996902107,-8.238692245,-3.153749923,0.575562207,0.985379396
7.735000000,0.600000000,0.600000000,-0.600000000,-0.350000000,0.800000000,0.800000000,0.606556557,0.585287207,-0.641783209,-0.318141719,0.786658525,0.780567005,0.928391990,3.996640666,-8.238539027,-3.153754357,0.575479607,0.985272855
7.740000000,0.600000000,0.600000000,-0.600000000,-0.350000000,0.800000000,0.800000000,0.606560398,0.585287768,-0.641783493,-0.318141893,0.786659949,0.780569068,0.928159548,3.997150113,-8.237216976,-3.153388511,0.575394171,0.985165699
7.745200000,0.600000000,0.600000000,-0.600000000,-0.350000000,0.800000000,0.800000000,0.606564244,0.585288259,-0.641783775,-0.318142011,0.786661372,0.780571134,0.928028991,3.997411141,-8.235318565,-3.153097744,0.575329475,0.985047135
7.750000000,0.600000000,0.600000000,-0.600000000,-0.350000000,0.800000000,0.800000000,0.606568060,0.585288719,-0.641784014,-0.318142159,0.786662819,0.780573205,0.927668366,3.998096279,-8.237798830,-3.153689547,0.575190522,0.984934200
7.755000000,0.600000000,0.600000000,-0.600000000,-0.350000000,0.800000000,0.800000000,0.606571900,0.585289169,-0.641784294,-0.318142336,0.786664245,0.780575263,0.927429449,3.997701203,-8.237774506,-3.153735341,0.575107553,0.984824852
7.760000000,0.600000000,0.600000000,-0.600000000,-0.350000000,0.800000000,0.800000000,0.606574966,0.585289544,-0.641784504,-0.318142463,0.786665393,0.780576918,0.927251607,3.997959963,-8.237536505,-3.153707210,0.575038504,0.984734236
7.765000000,0.600000000,0.600000000,-0.600000000,-0.350000000,0.800000000,0.800000000,0.606579582,0.585290106,-0.641784861,-0.318142691,0.786667093,0.780579385,0.926981148,3.998484644,-8.235642767,-3.153164973,0.574936759,0.984612647
7.770000000,0.600000000,0.600000000,-0.600000000,-0.350000000,0.800000000,0.800000000,0.606583434,0.585290604,-0.641785099,-0.318142835,0.786668517,0.780581447,0.926290034,3.999660407,-8.236669434,-3.153536712,0.574900472,0.984505099
7.775000000,0.600000000,0.600000000,-0.600000000,-0.350000000,0.800000000,0.800000000,0.606587241,0.585291210,-0.641785381,-0.318143010,0.786669966,0.780583514,0.926538462,3.996749098,-8.237217673,-3.153789389,0.574794354,0.984378772
7.780000000,0.600000000,0.600000000,-0.600000000,-0.350000000,0.800000000,0.800000000,0.606591077,0.585291891,-0.641785663,-0.318143203,0.786671391,0.780585570,0.926317891,3.996327621,-8.237105217,-3.153807265,0.574716043,0.984272253
7.785000000,0.600000000,0.600000000,-0.600000000,-0.350000000,0.800000000,0.800000000,0.606594913,0.585292491,-0.641785944,-0.318143373,0.786672814,0.780587632,0.926082689,3.996943560,-8.235773174,-3.153437752,0.574627610,0.984165151
7.790000000,0.600000000,0.600000000,-0.600000000,-0.350000000,0.800000000,0.800000000,0.606598754,0.585292995,-0.641786225,-0.318143487,0.786674236,0.780589697,0.925947684,3.997327406,-8.233880621,-3.153144924,0.574559037,0.984046715
7.795000000,0.600000000,0.600000000,-0.600000000,-0.350000000,0.800000000,0.800000000,0.606602566,0.585293456,-0.641786462,-0.318143631,0.786675683,0.780591768,0.925586691,3.998042209,-8.236319625,-3.153726822,0.574419905,0.983933770
7.800000000,0.600000000,0.600000000,-0.600000000,-0.350000000,0.800000000,0.800000000,0.606606400,0.585293897,-0.641786741,-0.318143804,0.786677108,0.780593825,0.925345840,3.997716949,-8.236287452,-3.153769775,0.574335001,0.983824475
7.805000000,0.600000000,0.600000000,-0.600000000,-0.350000000,0.800000000,0.800000000,0.606610235,0.585294353,-0.641787022,-0.318143998,0.786678532,0.780595883,0.925128672,3.997387485,-8.235541713,-3.153587906,0.574264782,0.983718460
7.810000000,0.600000000,0.600000000,-0.600000000,-0.350000000,0.800000000,0.800000000,0.606613296,0.585294720,-0.641787230,-0.318144116,0.786679681,0.780597533,0.924928470,3.997795992,-8.235955158,-3.153765917,0.574179205,0.983624084
7.815000000,0.600000000,0.600000000,-0.600000000,-0.350000000,0.800000000,0.800000000,0.606617129,0.585295155,-0.641787510,-0.318144293,0.786681104,0.780599593,0.924706025,3.997587744,-8.235219393,-3.153586045,0.574104717,0.983518535
7.820000000,0.600000000,0.600000000,-0.600000000,-0.350000000,0.800000000,0.800000000,0.606620965,0.585295583,-0.641787791,-0.318144444,0.786682527,0.780601654,0.924462389,3.998112518,-8.235529790,-3.153744721,0.574003050,0.983401165
7.825000000,0.600000000,0.600000000,-0.600000000,-0.350000000,0.800000000,0.800000000,0.606625552,0.585296125,-0.641788101,-0.318144654,0.786684252,0.780604125,0.924191296,3.997665102,-8.235359882,-3.153754225,0.573907321,0.983272554
7.830000000,0.600000000,0.600000000,-0.600000000,-0.350000000,0.800000000,0.800000000,0.606629385,0.585296586,-0.641788382,-0.318144832,0.786685675,0.780606186,0.923974400,3.997726596,-8.234145465,-3.153424150,0.573833994,0.983165370
7.835000000,0.600000000,0.600000000,-0.600000000,-0.350000000,0.800000000,0.800000000,0.606633222,0.585297049,-0.641788661,-0.318144952,0.786687097,0.780608249,0.923853962,3.997658618,-8.232380545,-3.153170972,0.573777183,0.983046909
7.840000000,0.600000000,0.600000000,-0.600000000,-0.350000000,0.800000000,0.800000000,0.606637030,0.585297523,-0.641788898,-0.318145099,0.786688543,0.780610318,0.923500289,3.998161999,-8.234820309,-3.153756351,0.573644553,0.982934032
7.845000000,0.600000000,0.600000000,-0.600000000,-0.350000000,0.800000000,0.800000000,0.606640860,0.585298002,-0.641789174,-0.318145268,0.786689968,0.780612373,0.923263744,3.997722590,-8.234808974,-3.153806318,0.573562916,0.982824765
7.850000000,0.600000000,0.600000000,-0.600000000,-0.350000000,0.800000000,0.800000000,0.606644689,0.585298507,-0.641789454,-0.318145462,0.786691391,0.780614431,0.923048932,3.997331159,-8.234079088,-3.153629607,0.573494401,0.982718815
7.855000000,0.600000000,0.600000000,-0.600000000,-0.350000000,0.800000000,0.800000000,0.606648521,0.585298999,-0.641789733,-0.318145608,0.786692813,0.780616492,0.922814742,3.998653304,-8.232778107,-3.153267156,0.573386698,0.982612461
7.860200000,0.600000000,0.600000000,-0.600000000,-0.350000000,0.800000000,0.800000000,0.606652363,0.585299489,-0.641789969,-0.318145738,0.786694237,0.780618552,0.922119976,3.999862954,-8.233699997,-3.153605190,0.573350687,0.982505307
7.865000000,0.600000000,0.600000000,-0.600000000,-0.350000000,0.800000000,0.800000000,0.606656161,0.585300092,-0.641790247,-0.318145907,0.786695685,0.780620616,0.922370163,3.996917380,-8.234257693,-3.153860862,0.573245556,0.982379119
7.870000000,0.600000000,0.600000000,-0.600000000,-0.350000000,0.800000000,0.800000000,0.606659988,0.585300763,-0.641790526,-0.318146098,0.786697109,0.780622669,0.922148032,3.996559703,-8.234132972,-3.153874431,0.573165609,0.982272767
7.875000000,0.600000000,0.600000000,-0.600000000,-0.350000000,0.800000000,0.800000000,0.606663814,0.585301363,-0.641790804,-0.318146268,0.786698531,0.780624729,0.921917068,3.997062980,-8.232827105,-3.153513487,0.573080301,0.982165770
7.880000000,0.600000000,0.600000000,-0.600000000,-0.350000000,0.800000000,0.800000000,0.606667646,0.585301886,-0.641791081,-0.318146385,0.786699952,0.780626791,0.921785167,3.997330311,-8.231026875,-3.153243975,0.573013759,0.982047523
7.885000000,0.600000000,0.600000000,-0.600000000,-0.350000000,0.800000000,0.800000000,0.606671448,0.585302374,-0.641791317,-0.318146530,0.786701398,0.780628858,0.921425398,3.998038313,-8.233391026,-3.153808207,0.572876127,0.981934703
7.890000000,0.600000000,0.600000000,-0.600000000,-0.350000000,0.800000000,0.800000000,0.606674524,0.585302737,-0.641791562,-0.318146632,0.786702521,0.780630503,0.921363074,3.997500174,-8.230681368,-3.153240109,0.572854675,0.981847446
7.895000000,0.600000000,0.600000000,-0.600000000,-0.350000000,0.800000000,0.800000000,0.606678327,0.585303233,-0.641791799,-0.318146810,0.786703968,0.780632567,0.921011293,3.997974247,-8.233118087,-3.153822720,0.572723421,0.981734806
7.900000000,0.600000000,0.600000000,-0.600000000,-0.350000000,0.800000000,0.800000000,0.606682923,0.585303801,-0.641792146,-0.318146995,0.786705664,0.780635035,0.920738340,3.998528477,-8.231260391,-3.153290672,0.572619569,0.981613300
7.905000000,0.600000000,0.600000000,-0.600000000,-0.350000000,0.800000000,0.800000000,0.606685974,0.585304222,-0.641792350,-0.318147140,0.786706814,0.780636680,0.920568023,3.997049708,-8.232605863,-3.153769139,0.572573524,0.981518861
7.910000000,0.600000000,0.600000000,-0.600000000,-0.350000000,0.800000000,0.800000000,0.606690553,0.585304881,-0.641792657,-0.318147296,0.786708535,0.780639157,0.920275903,3.997541167,-8.232732321,-3.153879501,0.572456781,0.981379696
7.915000000,0.600000000,0.600000000,-0.600000000,-0.350000000,0.800000000,0.800000000,0.606694375,0.585305396,-0.641792934,-0.318147480,0.786709958,0.780641209,0.920045262,3.997332748,-8.232555697,-3.153875480,0.572372514,0.981273623
7.920000000,0.600000000,0.600000000,-0.600000000,-0.350000000,0.800000000,0.800000000,0.606698198,0.585305890,-0.641793211,-0.318147655,0.786711380,0.780643267,0.919824324,3.997532506,-8.231315910,-3.153536625,0.572295457,0.981166612
7.925200000,0.600000000,0.600000000,-0.600000000,-0.350000000,0.800000000,0.800000000,0.606702025,0.585306366,-0.641793486,-0.318147769,0.786712801,0.780645328,0.919701641,3.997515367,-8.229618757,-3.153298159,0.572235973,0.981048348
7.930000000,0.600000000,0.600000000,-0.600000000,-0.350000000,0.800000000,0.800000000,0.606705823,0.585306843,-0.641793721,-0.318147914,0.786714247,0.780647394,0.919346452,3.998095499,-8.231971230,-3.153861765,0.572102495,0.980935540
7.935000000,0.600000000,0.600000000,-0.600000000,-0.350000000,0.800000000,0.800000000,0.606708895,0.585307210,-0.641793964,-0.318148021,0.786715369,0.780649037,0.919285713,3.997503115,-8.229296589,-3.153302592,0.572082093,0.980848436
7.940000000,0.600000000,0.600000000,-0.600000000,-0.350000000,0.800000000,0.800000000,0.606713463,0.585307811,-0.641794269,-0.318148251,0.786717092,0.780651503,0.918900506,3.997334742,-8.231518383,-3.153826285,0.571947024,0.980719577
7.945000000,0.600000000,0.600000000,-0.600000000,-0.350000000,0.800000000,0.800000000,0.606717284,0.585308285,-0.641794544,-0.318148383,0.786718512,0.780653564,0.918658753,3.998690349,-8.229881706,-3.153356646,0.571842516,0.980614314
7.950000000,0.600000000,0.600000000,-0.600000000,-0.350000000,0.800000000,0.800000000,0.606721117,0.585308761,-0.641794777,-0.318148513,0.786719935,0.780655622,0.917965468,3.999891493,-8.230866601,-3.153714650,0.571806025,0.980507045
7.955000000,0.600000000,0.600000000,-0.600000000,-0.350000000,0.800000000,0.800000000,0.606724152,0.585309220,-0.641795022,-0.318148655,0.786721082,0.780657269,0.918268590,3.997828731,-8.229668456,-3.153392895,0.571713016,0.980414694
7.960000000,0.600000000,0.600000000,-0.600000000,-0.350000000,0.800000000,0.800000000,0.606728723,0.585310062,-0.641795326,-0.318148858,0.786722805,0.780659736,0.918010569,3.996122519,-8.231439380,-3.154030515,0.571634094,0.980273508
7.965000000,0.600000000,0.600000000,-0.600000000,-0.350000000,0.800000000,0.800000000,0.606732539,0.585310734,-0.641795601,-0.318149012,0.786724224,0.780661796,0.917780562,3.996578925,-8.230080006,-3.153651773,0.571550202,0.980167685
7.970000000,0.600000000,0.600000000,-0.600000000,-0.350000000,0.800000000,0.800000000,0.606736361,0.585311304,-0.641795874,-0.318149125,0.786725645,0.780663855,0.917645020,3.996964701,-8.228367809,-3.153402865,0.571478757,0.980049592
7.975000000,0.600000000,0.600000000,-0.600000000,-0.350000000,0.800000000,0.800000000,0.606740153,0.585311811,-0.641796107,-0.318149264,0.786727090,0.780665921,0.917281447,3.997822521,-8.230632812,-3.153941563,0.571338229,0.979936783
7.980000000,0.600000000,0.600000000,-0.600000000,-0.350000000,0.800000000,0.800000000,0.606743221,0.585312177,-0.641796349,-0.318149369,0.786728212,0.780667562,0.917217507,3.997322921,-8.227988338,-3.153387977,0.571314541,0.979849815
7.985000000,0.600000000,0.600000000,-0.600000000,-0.350000000,0.800000000,0.800000000,0.606747783,0.585312761,-0.641796651,-0.318149600,0.786729934,0.780670027,0.916829779,3.997246587,-8.230144561,-3.153893934,0.571177754,0.979721044
7.990000000,0.600000000,0.600000000,-0.600000000,-0.350000000,0.800000000,0.800000000,0.606751599,0.585313211,-0.641796924,-0.318149730,0.786731354,0.780672087,0.916586294,3.998669171,-8.228502530,-3.153422266,0.571071351,0.979615841
7.995000000,0.600000000,0.600000000,-0.600000000,-0.350000000,0.800000000,0.800000000,0.606755427,0.585313665,-0.641797157,-0.318149863,0.786732776,0.780674142,0.915894019,3.999835331,-8.229496648,-3.153783236,0.571035793,0.979508630
8.000000000,0.600000000,0.600000000,-0.600000000,-0.350000000,0.800000000,0.800000000,0.606759211,0.585314243,-0.641797430,-0.318150038,0.786734223,0.780676202,0.916146957,3.996805096,-8.230068438,-3.154043270,0.570932967,0.979382783
8.005000000,0.600000000,0.600000000,-0.600000000,-0.350000000,0.800000000,0.800000000,0.606762287,0.585314754,-0.641797633,-0.318150169,0.786735346,0.780677841,0.915504939,3.998986613,-8.229341112,-3.153837196,0.570904973,0.979309289
8.010000000,0.600000000,0.600000000,-0.600000000,-0.350000000,0.800000000,0.800000000,0.606766838,0.585315537,-0.641797977,-0.318150408,0.786737068,0.780680306,0.915718282,3.996167107,-8.228702402,-3.153718889,0.570790670,0.979169936
8.015000000,0.600000000,0.600000000,-0.600000000,-0.350000000,0.800000000,0.800000000,0.606769881,0.585316088,-0.641798179,-0.318150527,0.786738216,0.780681949,0.915520872,3.996217292,-8.229739677,-3.154093643,0.570705249,0.979076816
8.020000000,0.600000000,0.600000000,-0.600000000,-0.350000000,0.800000000,0.800000000,0.606774443,0.585316781,-0.641798482,-0.318150686,0.786739934,0.780684424,0.915219031,3.997387215,-8.229295214,-3.154020396,0.570577930,0.978939529
8.025000000,0.600000000,0.600000000,-0.600000000,-0.350000000,0.800000000,0.800000000,0.606777508,0.585317165,-0.641798724,-0.318150811,0.786741057,0.780686062,0.915152228,3.997072652,-8.226635491,-3.153458075,0.570549814,0.978852763
8.030000000,0.600000000,0.600000000,-0.600000000,-0.350000000,0.800000000,0.800000000,0.606782064,0.585317733,-0.641799025,-0.318151035,0.786742778,0.780688525,0.914758637,3.997203747,-8.228717304,-3.153943498,0.570407938,0.978723992
8.035000000,0.600000000,0.600000000,-0.600000000,-0.350000000,0.800000000,0.800000000,0.606785876,0.585318154,-0.641799297,-0.318151167,0.786744198,0.780690583,0.914513623,3.998679339,-8.227069075,-3.153469565,0.570300056,0.978618894
8.040000000,0.600000000,0.600000000,-0.600000000,-0.350000000,0.800000000,0.800000000,0.606789699,0.585318580,-0.641799528,-0.318151307,0.786745620,0.780692637,0.913821158,3.999843416,-8.228056466,-3.153828324,0.570264648,0.978511781
8.045000000,0.600000000,0.600000000,-0.600000000,-0.350000000,0.800000000,0.800000000,0.606793479,0.585319135,-0.641799800,-0.318151482,0.786747066,0.780694696,0.914075410,3.996777530,-8.228634127,-3.154090253,0.570162820,0.978386033
8.050000000,0.600000000,0.600000000,-0.600000000,-0.350000000,0.800000000,0.800000000,0.606797287,0.585319766,-0.641800072,-0.318151675,0.786748489,0.780696743,0.913853499,3.996449429,-8.228480388,-3.154094280,0.570082694,0.978280029
8.055000000,0.600000000,0.600000000,-0.600000000,-0.350000000,0.800000000,0.800000000,0.606800327,0.585320224,-0.641800274,-0.318151791,0.786749636,0.780698390,0.913652743,3.997140870,-8.228266711,-3.154072960,0.569999336,0.978186890
8.060400000,0.600000000,0.600000000,-0.600000000,-0.350000000,0.800000000,0.800000000,0.606804909,0.585320809,-0.641800615,-0.318151973,0.786751331,0.780700852,0.913492205,3.997143823,-8.225502178,-3.153496868,0.569930712,0.978055739
8.065000000,0.600000000,0.600000000,-0.600000000,-0.350000000,0.800000000,0.800000000,0.606808693,0.585321271,-0.641800847,-0.318152146,0.786752776,0.780702911,0.913132668,3.997921546,-8.227744667,-3.154028873,0.569793512,0.977943096
8.070000000,0.600000000,0.600000000,-0.600000000,-0.350000000,0.800000000,0.800000000,0.606811754,0.585321609,-0.641801086,-0.318152250,0.786753898,0.780704550,0.913071442,3.997337753,-8.225190696,-3.153497946,0.569770945,0.977856439
8.075000000,0.600000000,0.600000000,-0.600000000,-0.350000000,0.800000000,0.800000000,0.606816305,0.585322160,-0.641801385,-0.318152481,0.786755619,0.780707011,0.912683972,3.997291408,-8.227255466,-3.153980839,0.569634905,0.977727689
8.080000000,0.600000000,0.600000000,-0.600000000,-0.350000000,0.800000000,0.800000000,0.606820112,0.585322587,-0.641801655,-0.318152611,0.786757038,0.780709068,0.912441231,3.998715480,-8.225627027,-3.153513301,0.569528384,0.977622639
8.085000000,0.600000000,0.600000000,-0.600000000,-0.350000000,0.800000000,0.800000000,0.606823931,0.585323026,-0.641801885,-0.318152754,0.786758460,0.780711120,0.911750100,3.999837507,-8.226621772,-3.153874460,0.569494158,0.977515589
8.090000000,0.600000000,0.600000000,-0.600000000,-0.350000000,0.800000000,0.800000000,0.606826955,0.585323453,-0.641802124,-0.318152891,0.786759606,0.780712764,0.912051498,3.997881620,-8.225428651,-3.153553705,0.569398027,0.977423421
8.095000000,0.600000000,0.600000000,-0.600000000,-0.350000000,0.800000000,0.800000000,0.606831509,0.585324248,-0.641802424,-0.318153094,0.786761327,0.780715225,0.911796339,3.996079101,-8.227199818,-3.154191184,0.569321825,0.977282896
8.100400000,0.600000000,0.600000000,-0.600000000,-0.350000000,0.800000000,0.800000000,0.606835311,0.585324898,-0.641802693,-0.318153247,0.786762746,0.780717280,0.911570035,3.996454979,-8.225855748,-3.153817541,0.569240558,0.977177006
8.105000000,0.600000000,0.600000000,-0.600000000,-0.350000000,0.800000000,0.800000000,0.606839119,0.585325452,-0.641802961,-0.318153368,0.786764166,0.780719334,0.911434200,3.996819567,-8.224259635,-3.153595724,0.569167807,0.977059465
8.110000000,0.600000000,0.600000000,-0.600000000,-0.350000000,0.800000000,0.800000000,0.606842147,0.585325839,-0.641803159,-0.318153510,0.786765312,0.780720975,0.911134259,3.997296987,-8.225668366,-3.153855201,0.569060176,0.976977176
8.115000000,0.600000000,0.600000000,-0.600000000,-0.350000000,0.800000000,0.800000000,0.606846698,0.585326365,-0.641803457,-0.318153663,0.786767031,0.780723442,0.910824629,3.997689270,-8.226327487,-3.154133119,0.568935907,0.976837370
8.120000000,0.600000000,0.600000000,-0.600000000,-0.350000000,0.800000000,0.800000000,0.606850498,0.585326780,-0.641803726,-0.318153847,0.786768452,0.780725492,0.910604768,3.997429165,-8.225558236,-3.153942198,0.568863731,0.976732477
8.125000000,0.600000000,0.600000000,-0.600000000,-0.350000000,0.800000000,0.800000000,0.606853534,0.585327120,-0.641803926,-0.318153968,0.786769599,0.780727133,0.910407128,3.997784225,-8.226017661,-3.154134330,0.568779150,0.976638615
8.130000000,0.600000000,0.600000000,-0.600000000,-0.350000000,0.800000000,0.800000000,0.606858117,0.585327607,-0.641804224,-0.318154149,0.786771294,0.780729592,0.909667585,4.000224978,-8.225175650,-3.153914105,0.568712038,0.976519994
8.135000000,0.600000000,0.600000000,-0.600000000,-0.350000000,0.800000000,0.800000000,0.606861139,0.585327995,-0.641804464,-0.318154314,0.786772441,0.780731233,0.909973998,3.998142916,-8.223938222,-3.153580136,0.568620704,0.976428129
8.140000000,0.600000000,0.600000000,-0.600000000,-0.350000000,0.800000000,0.800000000,0.606865688,0.585328770,-0.641804761,-0.318154521,0.786774162,0.780733692,0.909726626,3.996114257,-8.225779367,-3.154240549,0.568550277,0.976287680
8.145000000,0.600000000,0.600000000,-0.600000000,-0.350000000,0.800000000,0.800000000,0.606869485,0.585329422,-0.641805029,-0.318154676,0.786775581,0.780735745,0.909501449,3.996464623,-8.224430003,-3.153865308,0.568469989,0.976181784
8.150000000,0.600000000,0.600000000,-0.600000000,-0.350000000,0.800000000,0.800000000,0.606872516,0.585329887,-0.641805227,-0.318154798,0.786776728,0.780737384,0.909292798,3.996805285,-8.225400692,-3.154217279,0.568376477,0.976089274
8.155000000,0.600000000,0.600000000,-0.600000000,-0.350000000,0.800000000,0.800000000,0.606877063,0.585330478,-0.641805525,-0.318154963,0.786778445,0.780739853,0.908998174,3.997735966,-8.224988147,-3.154154886,0.568256014,0.975951971
8.160000000,0.600000000,0.600000000,-0.600000000,-0.350000000,0.800000000,0.800000000,0.606880861,0.585330936,-0.641805792,-0.318155158,0.786779868,0.780741895,0.908761085,3.997478914,-8.224911235,-3.154183640,0.568171248,0.975843502
8.165000000,0.600000000,0.600000000,-0.600000000,-0.350000000,0.800000000,0.800000000,0.606884657,0.585331399,-0.641806060,-0.318155352,0.786781289,0.780743942,0.908544750,3.997181080,-8.224148587,-3.153995577,0.568100682,0.975738111
8.170000000,0.600000000,0.600000000,-0.600000000,-0.350000000,0.800000000,0.800000000,0.606888456,0.585331844,-0.641806327,-0.318155500,0.786782709,0.780745992,0.908309276,3.998621081,-8.222851272,-3.153633211,0.567989705,0.975632334
8.175000000,0.600000000,0.600000000,-0.600000000,-0.350000000,0.800000000,0.800000000,0.606892266,0.585332300,-0.641806554,-0.318155631,0.786784129,0.780748042,0.907618585,3.999699485,-8.223800606,-3.153979874,0.567957398,0.975525540
8.180000000,0.600000000,0.600000000,-0.600000000,-0.350000000,0.800000000,0.800000000,0.606895283,0.585332752,-0.641806791,-0.318155775,0.786785275,0.780749682,0.907923504,3.997639674,-8.222594147,-3.153655066,0.567864646,0.975433688
8.185000000,0.600000000,0.600000000,-0.600000000,-0.350000000,0.800000000,0.800000000,0.606899092,0.585333435,-0.641807019,-0.318155935,0.786786696,0.780751730,0.907247461,3.998375637,-8.223718614,-3.154058729,0.567840506,0.975326658
8.190000000,0.600000000,0.600000000,-0.600000000,-0.350000000,0.800000000,0.800000000,0.606903619,0.585334324,-0.641807352,-0.318156142,0.786788414,0.780754191,0.907464790,3.995468393,-8.223123178,-3.153953627,0.567728234,0.975187592
8.195000000,0.600000000,0.600000000,-0.600000000,-0.350000000,0.800000000,0.800000000,0.606907418,0.585335055,-0.641807617,-0.318156259,0.786789833,0.780756242,0.907336597,3.995668089,-8.221694009,-3.153777070,0.567658174,0.975070307
8.200200000,0.600000000,0.600000000,-0.600000000,-0.350000000,0.800000000,0.800000000,0.606911185,0.585335649,-0.641807845,-0.318156397,0.786791275,0.780758300,0.906957284,3.997105337,-8.223656107,-3.154234711,0.567505070,0.974957466
8.205000000,0.600000000,0.600000000,-0.600000000,-0.350000000,0.800000000,0.800000000,0.606914976,0.585336120,-0.641808107,-0.318156563,0.786792697,0.780760343,0.906704880,3.997225337,-8.223561584,-3.154255292,0.567408127,0.974849115
8.210000000,0.600000000,0.600000000,-0.600000000,-0.350000000,0.800000000,0.800000000,0.606918768,0.585336557,-0.641808373,-0.318156757,0.786794117,0.780762388,0.906483603,3.997082963,-8.222772050,-3.154058039,0.567333295,0.974743802
8.215000000,0.600000000,0.600000000,-0.600000000,-0.350000000,0.800000000,0.800000000,0.606922562,0.585336961,-0.641808638,-0.318156905,0.786795536,0.780764436,0.906245509,3.998610223,-8.221458453,-3.153690068,0.567219954,0.974638146
8.220200000,0.600000000,0.600000000,-0.600000000,-0.350000000,0.800000000,0.800000000,0.606926366,0.585337373,-0.641808865,-0.318157036,0.786796956,0.780766485,0.905554361,3.999701841,-8.222411258,-3.154037706,0.567187211,0.974531396
8.225000000,0.600000000,0.600000000,-0.600000000,-0.350000000,0.800000000,0.800000000,0.606929379,0.585337778,-0.641809099,-0.318157170,0.786798101,0.780768125,0.905856057,3.997783255,-8.221230784,-3.153720613,0.567089968,0.974439449
8.230000000,0.600000000,0.600000000,-0.600000000,-0.350000000,0.800000000,0.800000000,0.606933184,0.585338386,-0.641809326,-0.318157325,0.786799522,0.780770171,0.905175216,3.998656208,-8.222294294,-3.154104342,0.567062576,0.974332598
8.235000000,0.600000000,0.600000000,-0.600000000,-0.350000000,0.800000000,0.800000000,0.606937706,0.585339190,-0.641809657,-0.318157538,0.786801240,0.780772629,0.905395546,3.995641627,-8.221700718,-3.154000019,0.566953490,0.974193774
8.240000000,0.600000000,0.600000000,-0.600000000,-0.350000000,0.800000000,0.800000000,0.606940729,0.585339747,-0.641809853,-0.318157656,0.786802387,0.780774265,0.905193400,3.995867992,-8.222730148,-3.154371136,0.566862890,0.974101139
8.245000000,0.600000000,0.600000000,-0.600000000,-0.350000000,0.800000000,0.800000000,0.606945263,0.585340412,-0.641810147,-0.318157815,0.786804102,0.780776731,0.904886787,3.997207695,-8.222264241,-3.154289900,0.566730925,0.973964181
8.250000000,0.600000000,0.600000000,-0.600000000,-0.350000000,0.800000000,0.800000000,0.606949051,0.585340858,-0.641810410,-0.318158007,0.786805525,0.780778769,0.904639609,3.997274625,-8.222139940,-3.154302098,0.566637078,0.973855966
8.255000000,0.600000000,0.600000000,-0.600000000,-0.350000000,0.800000000,0.800000000,0.606952838,0.585341276,-0.641810674,-0.318158201,0.786806944,0.780780813,0.904419477,3.997101274,-8.221348970,-3.154104375,0.566563226,0.973750787
8.260000000,0.600000000,0.600000000,-0.600000000,-0.350000000,0.800000000,0.800000000,0.606956628,0.585341668,-0.641810938,-0.318158351,0.786808363,0.780782859,0.904181939,3.998623067,-8.220039802,-3.153737729,0.566450033,0.973645235
8.265000000,0.600000000,0.600000000,-0.600000000,-0.350000000,0.800000000,0.800000000,0.606960428,0.585342072,-0.641811163,-0.318158484,0.786809783,0.780784906,0.903491417,3.999695458,-8.220998424,-3.154087184,0.566417811,0.973538554
8.270000000,0.600000000,0.600000000,-0.600000000,-0.350000000,0.800000000,0.800000000,0.606964184,0.585342612,-0.641811425,-0.318158662,0.786811228,0.780786955,0.903748495,3.996570416,-8.221588966,-3.154352799,0.566317640,0.973413383
8.275000000,0.600000000,0.600000000,-0.600000000,-0.350000000,0.800000000,0.800000000,0.606967237,0.585343088,-0.641811621,-0.318158794,0.786812349,0.780788586,0.903102882,3.998907412,-8.220836322,-3.154137807,0.566285681,0.973340203
8.280200000,0.600000000,0.600000000,-0.600000000,-0.350000000,0.800000000,0.800000000,0.606971754,0.585343821,-0.641811951,-0.318159037,0.786814068,0.780791039,0.903321783,3.995975596,-8.220197979,-3.154019246,0.566175085,0.973201674
8.285000000,0.600000000,0.600000000,-0.600000000,-0.350000000,0.800000000,0.800000000,0.606975545,0.585344472,-0.641812213,-0.318159161,0.786815487,0.780793086,0.903205038,3.995801306,-8.218920310,-3.153885600,0.566113940,0.973084919
8.290000000,0.600000000,0.600000000,-0.600000000,-0.350000000,0.800000000,0.800000000,0.606979303,0.585345027,-0.641812437,-0.318159299,0.786816928,0.780795141,0.902828849,3.997170950,-8.220816844,-3.154328850,0.565964044,0.972971856
8.295000000,0.600000000,0.600000000,-0.600000000,-0.350000000,0.800000000,0.800000000,0.606982344,0.585345383,-0.641812667,-0.318159405,0.786818049,0.780796772,0.902761304,3.996763712,-8.218450641,-3.153838665,0.565933195,0.972886593
8.300000000,0.600000000,0.600000000,-0.600000000,-0.350000000,0.800000000,0.800000000,0.606986866,0.585345900,-0.641812957,-0.318159637,0.786819768,0.780799222,0.902362743,3.997143773,-8.220204322,-3.154238321,0.565789447,0.972757665
8.305000000,0.600000000,0.600000000,-0.600000000,-0.350000000,0.800000000,0.800000000,0.606990650,0.585346266,-0.641813218,-0.318159767,0.786821185,0.780801271,0.902115983,3.998747380,-8.218566606,-3.153766673,0.565677884,0.972653064
8.310000000,0.600000000,0.600000000,-0.600000000,-0.350000000,0.800000000,0.800000000,0.606993667,0.585346578,-0.641813412,-0.318159915,0.786822331,0.780802905,0.901945084,3.997212366,-8.219814586,-3.154213626,0.565634868,0.972559494
8.315000000,0.600000000,0.600000000,-0.600000000,-0.350000000,0.800000000,0.800000000,0.606998195,0.585347109,-0.641813703,-0.318160074,0.786824048,0.780805364,0.901661138,3.997507568,-8.220047751,-3.154357439,0.565522654,0.972421087
8.320000000,0.600000000,0.600000000,-0.600000000,-0.350000000,0.800000000,0.800000000,0.607001976,0.585347551,-0.641813963,-0.318160267,0.786825469,0.780807401,0.901434534,3.997222996,-8.219809435,-3.154333411,0.565442132,0.972316031
8.325000000,0.600000000,0.600000000,-0.600000000,-0.350000000,0.800000000,0.800000000,0.607005757,0.585347984,-0.641814225,-0.318160447,0.786826888,0.780809443,0.901217925,3.997401472,-8.218617502,-3.154008930,0.565365537,0.972209755
8.330000000,0.600000000,0.600000000,-0.600000000,-0.350000000,0.800000000,0.800000000,0.607009543,0.585348407,-0.641814484,-0.318160566,0.786828306,0.780811489,0.901099820,3.997185118,-8.217348126,-3.153876112,0.565305201,0.972093463
8.335000000,0.600000000,0.600000000,-0.600000000,-0.350000000,0.800000000,0.800000000,0.607013298,0.585348832,-0.641814707,-0.318160715,0.786829748,0.780813540,0.900741073,3.997990399,-8.219307354,-3.154342956,0.565171457,0.971980207
8.340000000,0.600000000,0.600000000,-0.600000000,-0.350000000,0.800000000,0.800000000,0.607017076,0.585349244,-0.641814965,-0.318160891,0.786831169,0.780815576,0.900504115,3.997663573,-8.219278354,-3.154385570,0.565087311,0.971872591
8.345000000,0.600000000,0.600000000,-0.600000000,-0.350000000,0.800000000,0.800000000,0.607020855,0.585349686,-0.641815226,-0.318161093,0.786832589,0.780817614,0.900292512,3.997237036,-8.218492997,-3.154190746,0.565021258,0.971767331
8.350000000,0.600000000,0.600000000,-0.600000000,-0.350000000,0.800000000,0.800000000,0.607024636,0.585350128,-0.641815485,-0.318161243,0.786834007,0.780819657,0.900058900,3.998672190,-8.217215390,-3.153834239,0.564910375,0.971661943
8.355000000,0.600000000,0.600000000,-0.600000000,-0.350000000,0.800000000,0.800000000,0.607027648,0.585350501,-0.641815677,-0.318161384,0.786835153,0.780821290,0.899888525,3.997095105,-8.218411432,-3.154264690,0.564869291,0.971568620
8.360000000,0.600000000,0.600000000,-0.600000000,-0.350000000,0.800000000,0.800000000,0.607031427,0.585351006,-0.641815935,-0.318161508,0.786836570,0.780823335,0.899661274,3.998251386,-8.217043907,-3.153880584,0.564767842,0.971463503
8.365000000,0.600000000,0.600000000,-0.600000000,-0.350000000,0.800000000,0.800000000,0.607035946,0.585351639,-0.641816224,-0.318161702,0.786838289,0.780825784,0.899389650,3.996881661,-8.218650100,-3.154462711,0.564680415,0.971324548
8.370000000,0.600000000,0.600000000,-0.600000000,-0.350000000,0.800000000,0.800000000,0.607039722,0.585352173,-0.641816482,-0.318161869,0.786839706,0.780827827,0.899169947,3.997051755,-8.217260175,-3.154075082,0.564606549,0.971218936
8.375000000,0.600000000,0.600000000,-0.600000000,-0.350000000,0.800000000,0.800000000,0.607042735,0.585352585,-0.641816674,-0.318161999,0.786840852,0.780829458,0.898970549,3.997143905,-8.218321500,-3.154456395,0.564519479,0.971126629
8.380200000,0.600000000,0.600000000,-0.600000000,-0.350000000,0.800000000,0.800000000,0.607047254,0.585353155,-0.641816963,-0.318162158,0.786842567,0.780831917,0.898685745,3.997787684,-8.217963219,-3.154411653,0.564406895,0.970989811
8.385000000,0.600000000,0.600000000,-0.600000000,-0.350000000,0.800000000,0.800000000,0.607051029,0.585353624,-0.641817221,-0.318162362,0.786843989,0.780833949,0.898451635,3.997477270,-8.217893178,-3.154442007,0.564323884,0.970882265
8.390000000,0.600000000,0.600000000,-0.600000000,-0.350000000,0.800000000,0.800000000,0.607054803,0.585354107,-0.641817480,-0.318162563,0.786845408,0.780835985,0.898238041,3.997124217,-8.217098663,-3.154243768,0.564255751,0.970777226
8.395000000,0.600000000,0.600000000,-0.600000000,-0.350000000,0.800000000,0.800000000,0.607058579,0.585354577,-0.641817737,-0.318162714,0.786846826,0.780838025,0.898003121,3.998608782,-8.215811682,-3.153883970,0.564143545,0.970671976
8.400000000,0.600000000,0.600000000,-0.600000000,-0.350000000,0.800000000,0.800000000,0.607062364,0.585355058,-0.641817958,-0.318162845,0.786848244,0.780840067,0.897314289,3.999640162,-8.216791683,-3.154240086,0.564112363,0.970565464
8.405000000,0.600000000,0.600000000,-0.600000000,-0.350000000,0.800000000,0.800000000,0.607066106,0.585355671,-0.641818215,-0.318163023,0.786849688,0.780842110,0.897572647,3.996493513,-8.217388897,-3.154507440,0.564012771,0.970440706
8.410200000,0.600000000,0.600000000,-0.600000000,-0.350000000,0.800000000,0.800000000,0.607069877,0.585356366,-0.641818473,-0.318163225,0.786851108,0.780844142,0.897354737,3.996094166,-8.217195428,-3.154498427,0.563935890,0.970335628
8.415000000,0.600000000,0.600000000,-0.600000000,-0.350000000,0.800000000,0.800000000,0.607073648,0.585356980,-0.641818730,-0.318163399,0.786852526,0.780846181,0.897126100,3.996672648,-8.215926182,-3.154147584,0.563848446,0.970229666
8.420000000,0.600000000,0.600000000,-0.600000000,-0.350000000,0.800000000,0.800000000,0.607077423,0.585357509,-0.641818985,-0.318163517,0.786853943,0.780848222,0.896999726,3.996697175,-8.214693402,-3.154017179,0.563780161,0.970114330
8.425000000,0.600000000,0.600000000,-0.600000000,-0.350000000,0.800000000,0.800000000,0.607081169,0.585357988,-0.641819207,-0.318163666,0.786855385,0.780850269,0.896632886,3.997776150,-8.216514412,-3.154446916,0.563640297,0.970000642
8.430000000,0.600000000,0.600000000,-0.600000000,-0.350000000,0.800000000,0.800000000,0.607084938,0.585358431,-0.641819461,-0.318163843,0.786856805,0.780852301,0.896394734,3.997502007,-8.216477911,-3.154486662,0.563554772,0.969893357
8.435000000,0.600000000,0.600000000,-0.600000000,-0.350000000,0.800000000,0.800000000,0.607088707,0.585358889,-0.641819717,-0.318164046,0.786858224,0.780854335,0.896180940,3.997158599,-8.215671175,-3.154284549,0.563486619,0.969788301
8.440000000,0.600000000,0.600000000,-0.600000000,-0.350000000,0.800000000,0.800000000,0.607092478,0.585359338,-0.641819973,-0.318164195,0.786859641,0.780856373,0.895946255,3.998647291,-8.214387233,-3.153925597,0.563374305,0.969683157
8.445000000,0.600000000,0.600000000,-0.600000000,-0.350000000,0.800000000,0.800000000,0.607096259,0.585359797,-0.641820193,-0.318164335,0.786861060,0.780858413,0.895256417,3.999706151,-8.215363689,-3.154280364,0.563342344,0.969576764
8.450000000,0.600000000,0.600000000,-0.600000000,-0.350000000,0.800000000,0.800000000,0.607099996,0.585360392,-0.641820448,-0.318164515,0.786862503,0.780860454,0.895516789,3.996502489,-8.215970114,-3.154550714,0.563244344,0.969452160
8.455000000,0.600000000,0.600000000,-0.600000000,-0.350000000,0.800000000,0.800000000,0.607103762,0.585361062,-0.641820703,-0.318164715,0.786863923,0.780862483,0.895295936,3.996204580,-8.215751472,-3.154533251,0.563164844,0.969347199
8.460000000,0.600000000,0.600000000,-0.600000000,-0.350000000,0.800000000,0.800000000,0.607107528,0.585361650,-0.641820959,-0.318164890,0.786865340,0.780864519,0.895068247,3.996760087,-8.214486973,-3.154183875,0.563078075,0.969241366
8.465000000,0.600000000,0.600000000,-0.600000000,-0.350000000,0.800000000,0.800000000,0.607111299,0.585362159,-0.641821212,-0.318165009,0.786866757,0.780866559,0.894943876,3.996724205,-8.213318557,-3.154070209,0.563010642,0.969126515
8.470000000,0.600000000,0.600000000,-0.600000000,-0.350000000,0.800000000,0.800000000,0.607114297,0.585362531,-0.641821400,-0.318165158,0.786867901,0.780868187,0.894642386,3.997358793,-8.214300417,-3.154221147,0.562905477,0.969043139
8.475000000,0.600000000,0.600000000,-0.600000000,-0.350000000,0.800000000,0.800000000,0.607118067,0.585362953,-0.641821653,-0.318165260,0.786869317,0.780870227,0.894519762,3.997148442,-8.212992271,-3.154064573,0.562844809,0.968928943
8.480000000,0.600000000,0.600000000,-0.600000000,-0.350000000,0.800000000,0.800000000,0.607122566,0.585363457,-0.641821935,-0.318165479,0.786871034,0.780872670,0.894123245,3.997459709,-8.214474216,-3.154396760,0.562707185,0.968799361
8.485000000,0.600000000,0.600000000,-0.600000000,-0.350000000,0.800000000,0.800000000,0.607126333,0.585363854,-0.641822188,-0.318165620,0.786872451,0.780874707,0.893883520,3.998910667,-8.212905584,-3.153947137,0.562599508,0.968695233
8.490000000,0.600000000,0.600000000,-0.600000000,-0.350000000,0.800000000,0.800000000,0.607128576,0.585364116,-0.641822314,-0.318165706,0.786873321,0.780875936,0.893749985,3.997931913,-8.214550239,-3.154512849,0.562559979,0.968617271
8.495000000,0.600000000,0.600000000,-0.600000000,-0.350000000,0.800000000,0.800000000,0.607133842,0.585364830,-0.641822660,-0.318165944,0.786875312,0.780878782,0.893443218,3.997181912,-8.214491795,-3.154571615,0.562457192,0.968464336
8.500000000,0.600000000,0.600000000,-0.600000000,-0.350000000,0.800000000,0.800000000,0.607136877,0.585365255,-0.641822849,-0.318166082,0.786876432,0.780880404,0.892796129,3.999555411,-8.213733534,-3.154354235,0.562424355,0.968391522
8.505000000,0.600000000,0.600000000,-0.600000000,-0.350000000,0.800000000,0.800000000,0.607141368,0.585365973,-0.641823167,-0.318166345,0.786878150,0.780882840,0.893028318,3.996232488,-8.213082890,-3.154232467,0.562325971,0.968254136
8.510000000,0.600000000,0.600000000,-0.600000000,-0.350000000,0.800000000,0.800000000,0.607145135,0.585366661,-0.641823419,-0.318166476,0.786879567,0.780884876,0.892923571,3.995712090,-8.212149545,-3.154190062,0.562270115,0.968139586
8.515000000,0.600000000,0.600000000,-0.600000000,-0.350000000,0.800000000,0.800000000,0.607148870,0.585367266,-0.641823637,-0.318166619,0.786881007,0.780886919,0.892545743,3.997176545,-8.213807552,-3.154575334,0.562121201,0.968025319
8.520000000,0.600000000,0.600000000,-0.600000000,-0.350000000,0.800000000,0.800000000,0.607151894,0.585367667,-0.641823857,-0.318166729,0.786882127,0.780888539,0.892485987,3.996550749,-8.211704026,-3.154149745,0.562093089,0.967942695
8.525000000,0.600000000,0.600000000,-0.600000000,-0.350000000,0.800000000,0.800000000,0.607156388,0.585368254,-0.641824138,-0.318166971,0.786883844,0.780890976,0.892083694,3.997096301,-8.213148013,-3.154468938,0.561949471,0.967812638
8.530000000,0.600000000,0.600000000,-0.600000000,-0.350000000,0.800000000,0.800000000,0.607160148,0.585368675,-0.641824389,-0.318167108,0.786885260,0.780893011,0.891837726,3.998739123,-8.211530262,-3.154002840,0.561836714,0.967708714
8.535000000,0.600000000,0.600000000,-0.600000000,-0.350000000,0.800000000,0.800000000,0.607163920,0.585369115,-0.641824606,-0.318167253,0.786886677,0.780895047,0.891152564,3.999691132,-8.212594206,-3.154385694,0.561806902,0.967602250
8.540000000,0.600000000,0.600000000,-0.600000000,-0.350000000,0.800000000,0.800000000,0.607166908,0.585369561,-0.641824827,-0.318167398,0.786887821,0.780896672,0.891458754,3.997664715,-8.211338624,-3.154044290,0.561714166,0.967511533
8.545000000,0.600000000,0.600000000,-0.600000000,-0.350000000,0.800000000,0.800000000,0.607171406,0.585370394,-0.641825108,-0.318167617,0.786889539,0.780899108,0.891210651,3.995716435,-8.213209408,-3.154712232,0.561640925,0.967372667
8.550000000,0.600000000,0.600000000,-0.600000000,-0.350000000,0.800000000,0.800000000,0.607175161,0.585371064,-0.641825358,-0.318167778,0.786890954,0.780901142,0.890983869,3.996178116,-8.211790597,-3.154313758,0.561559001,0.967267538
8.555000000,0.600000000,0.600000000,-0.600000000,-0.350000000,0.800000000,0.800000000,0.607178923,0.585371629,-0.641825607,-0.318167903,0.786892371,0.780903174,0.890856731,3.996264230,-8.210744990,-3.154229744,0.561486151,0.967153909
8.560000000,0.600000000,0.600000000,-0.600000000,-0.350000000,0.800000000,0.800000000,0.607182654,0.585372110,-0.641825824,-0.318168052,0.786893811,0.780905215,0.890481734,3.997616271,-8.212378652,-3.154610911,0.561340938,0.967039218
8.565200000,0.600000000,0.600000000,-0.600000000,-0.350000000,0.800000000,0.800000000,0.607186409,0.585372530,-0.641826071,-0.318168231,0.786895230,0.780907239,0.890240753,3.997460299,-8.212324198,-3.154644009,0.561252295,0.966932588
8.570000000,0.600000000,0.600000000,-0.600000000,-0.350000000,0.800000000,0.800000000,0.607190164,0.585372961,-0.641826322,-0.318168440,0.786896649,0.780909264,0.890026655,3.997127707,-8.211476796,-3.154428666,0.561184532,0.966827933
8.575000000,0.600000000,0.600000000,-0.600000000,-0.350000000,0.800000000,0.800000000,0.607193162,0.585373312,-0.641826509,-0.318168568,0.786897793,0.780910888,0.889830171,3.997509742,-8.211998134,-3.154639183,0.561098396,0.966735082
8.580000000,0.600000000,0.600000000,-0.600000000,-0.350000000,0.800000000,0.800000000,0.607197689,0.585373803,-0.641826788,-0.318168756,0.786899484,0.780913323,0.889088274,4.000100400,-8.211133313,-3.154410145,0.561027726,0.966617383
8.585000000,0.600000000,0.600000000,-0.600000000,-0.350000000,0.800000000,0.800000000,0.607201413,0.585374318,-0.641827038,-0.318168969,0.786900928,0.780915352,0.889352640,3.996810839,-8.211724569,-3.154675843,0.560932830,0.966493549
8.590000000,0.600000000,0.600000000,-0.600000000,-0.350000000,0.800000000,0.800000000,0.607204442,0.585374814,-0.641827224,-0.318169116,0.786902048,0.780916969,0.888718574,3.998824825,-8.211015858,-3.154475566,0.560910431,0.966420877
8.595000000,0.600000000,0.600000000,-0.600000000,-0.350000000,0.800000000,0.800000000,0.607208922,0.585375622,-0.641827537,-0.318169375,0.786903764,0.780919399,0.888945106,3.995734898,-8.210342272,-3.154345272,0.560805547,0.966283880
8.600000000,0.600000000,0.600000000,-0.600000000,-0.350000000,0.800000000,0.800000000,0.607212679,0.585376324,-0.641827784,-0.318169500,0.786905181,0.780921429,0.888834066,3.995414498,-8.209475686,-3.154314254,0.560742546,0.966170737
8.605000000,0.600000000,0.600000000,-0.600000000,-0.350000000,0.800000000,0.800000000,0.607216404,0.585376911,-0.641827999,-0.318169645,0.786906620,0.780923468,0.888449577,3.997092330,-8.210997418,-3.154663950,0.560589334,0.966055625
8.610000000,0.600000000,0.600000000,-0.600000000,-0.350000000,0.800000000,0.800000000,0.607220153,0.585377377,-0.641828245,-0.318169822,0.786908039,0.780925489,0.888200345,3.997195975,-8.210903055,-3.154683260,0.560493422,0.965949099
8.615000000,0.600000000,0.600000000,-0.600000000,-0.350000000,0.800000000,0.800000000,0.607223148,0.585377734,-0.641828431,-0.318169957,0.786909181,0.780927116,0.888020978,3.997540283,-8.210658508,-3.154651402,0.560422050,0.965859268
8.620000000,0.600000000,0.600000000,-0.600000000,-0.350000000,0.800000000,0.800000000,0.607227657,0.585378254,-0.641828742,-0.318170198,0.786910874,0.780929536,0.887747314,3.998439445,-8.208638623,-3.154065428,0.560312517,0.965740672
8.625000000,0.600000000,0.600000000,-0.600000000,-0.350000000,0.800000000,0.800000000,0.607231420,0.585378727,-0.641828956,-0.318170345,0.786912291,0.780931566,0.887066010,3.999349208,-8.209782038,-3.154473569,0.560283163,0.965634221
8.630000000,0.600000000,0.600000000,-0.600000000,-0.350000000,0.800000000,0.800000000,0.607235138,0.585379331,-0.641829202,-0.318170528,0.786913733,0.780933596,0.887325205,3.996193774,-8.210385918,-3.154742104,0.560183719,0.965510371
8.635000000,0.600000000,0.600000000,-0.600000000,-0.350000000,0.800000000,0.800000000,0.607238886,0.585380005,-0.641829449,-0.318170735,0.786915152,0.780935614,0.887105189,3.995896328,-8.210139971,-3.154715494,0.560104854,0.965406090
8.640000000,0.600000000,0.600000000,-0.600000000,-0.350000000,0.800000000,0.800000000,0.607241878,0.585380485,-0.641829634,-0.318170858,0.786916295,0.780937239,0.886904598,3.996660417,-8.210001611,-3.154716426,0.560018369,0.965313951
8.645000000,0.600000000,0.600000000,-0.600000000,-0.350000000,0.800000000,0.800000000,0.607245623,0.585380988,-0.641829880,-0.318171053,0.786917712,0.780939258,0.886664458,3.996876516,-8.209672174,-3.154660802,0.559924555,0.965209912
8.650000000,0.600000000,0.600000000,-0.600000000,-0.350000000,0.800000000,0.800000000,0.607250110,0.585381517,-0.641830157,-0.318171246,0.786919426,0.780941695,0.886381177,3.997622362,-8.209466288,-3.154663226,0.559807264,0.965073717
8.655000000,0.600000000,0.600000000,-0.600000000,-0.350000000,0.800000000,0.800000000,0.607253857,0.585381943,-0.641830403,-0.318171452,0.786920846,0.780943710,0.886147706,3.997337960,-8.209398363,-3.154693027,0.559723652,0.964967436
8.660000000,0.600000000,0.600000000,-0.600000000,-0.350000000,0.800000000,0.800000000,0.607256848,0.585382294,-0.641830587,-0.318171587,0.786921988,0.780945335,0.885972167,3.997576846,-8.209170753,-3.154666877,0.559655276,0.964877675
8.665000000,0.600000000,0.600000000,-0.600000000,-0.350000000,0.800000000,0.800000000,0.607261352,0.585382824,-0.641830894,-0.318171828,0.786923681,0.780947751,0.885700394,3.998430726,-8.207156982,-3.154082807,0.559547102,0.964759324
8.670000000,0.600000000,0.600000000,-0.600000000,-0.350000000,0.800000000,0.800000000,0.607264339,0.585383213,-0.641831077,-0.318171992,0.786924825,0.780949369,0.885536420,3.996752514,-8.208486323,-3.154555377,0.559507592,0.964666400
8.675000000,0.600000000,0.600000000,-0.600000000,-0.350000000,0.800000000,0.800000000,0.607268821,0.585383832,-0.641831352,-0.318172147,0.786926538,0.780951806,0.885251536,3.997154512,-8.208747866,-3.154706604,0.559392051,0.964529029
8.680000000,0.600000000,0.600000000,-0.600000000,-0.350000000,0.800000000,0.800000000,0.607271841,0.585384207,-0.641831534,-0.318172277,0.786927657,0.780953421,0.884598030,3.999678068,-8.207982222,-3.154485432,0.559354470,0.964456788
8.685000000,0.600000000,0.600000000,-0.600000000,-0.350000000,0.800000000,0.800000000,0.607276309,0.585384840,-0.641831841,-0.318172540,0.786929373,0.780955842,0.884829197,3.996418425,-8.207294576,-3.154350904,0.559254889,0.964320359
8.690000000,0.600000000,0.600000000,-0.600000000,-0.350000000,0.800000000,0.800000000,0.607280058,0.585385455,-0.641832084,-0.318172669,0.786930789,0.780957866,0.884730524,3.995742171,-8.206628979,-3.154375988,0.559199539,0.964208973
8.695000000,0.600000000,0.600000000,-0.600000000,-0.350000000,0.800000000,0.800000000,0.607283774,0.585386002,-0.641832297,-0.318172818,0.786932228,0.780959900,0.884349905,3.997297757,-8.208066793,-3.154707991,0.559051559,0.964092576
8.700000000,0.600000000,0.600000000,-0.600000000,-0.350000000,0.800000000,0.800000000,0.607287515,0.585386465,-0.641832538,-0.318173002,0.786933647,0.780961914,0.884106957,3.997225291,-8.207997209,-3.154735479,0.558960766,0.963986559
8.705000000,0.600000000,0.600000000,-0.600000000,-0.350000000,0.800000000,0.800000000,0.607290502,0.585386831,-0.641832722,-0.318173137,0.786934789,0.780963535,0.883929711,3.997518989,-8.207760310,-3.154706109,0.558890901,0.963896863
8.710000000,0.600000000,0.600000000,-0.600000000,-0.350000000,0.800000000,0.800000000,0.607295000,0.585387371,-0.641833026,-0.318173379,0.786936481,0.780965947,0.883655884,3.998447786,-8.205726145,-3.154115065,0.558780829,0.963778813
8.715000000,0.600000000,0.600000000,-0.600000000,-0.350000000,0.800000000,0.800000000,0.607298753,0.585387856,-0.641833237,-0.318173537,0.786937897,0.780967971,0.882974744,3.999359696,-8.206874500,-3.154524524,0.558751422,0.963672630
8.720000000,0.600000000,0.600000000,-0.600000000,-0.350000000,0.800000000,0.800000000,0.607302462,0.585388467,-0.641833479,-0.318173719,0.786939339,0.780969994,0.883234694,3.996197647,-8.207481794,-3.154793817,0.558652181,0.963549166
8.725000000,0.600000000,0.600000000,-0.600000000,-0.350000000,0.800000000,0.800000000,0.607306200,0.585389129,-0.641833722,-0.318173925,0.786940757,0.780972005,0.883010322,3.996054955,-8.207205959,-3.154756816,0.558569201,0.963445285
8.730000000,0.600000000,0.600000000,-0.600000000,-0.350000000,0.800000000,0.800000000,0.607309938,0.585389698,-0.641833964,-0.318174104,0.786942173,0.780974022,0.882783095,3.996653079,-8.205934199,-3.154404041,0.558481556,0.963340490
8.735000000,0.600000000,0.600000000,-0.600000000,-0.350000000,0.800000000,0.800000000,0.607313681,0.585390189,-0.641834204,-0.318174230,0.786943588,0.780976043,0.882669054,3.996342013,-8.205157211,-3.154388331,0.558416234,0.963230633
8.740000000,0.600000000,0.600000000,-0.600000000,-0.350000000,0.800000000,0.800000000,0.607316656,0.585390543,-0.641834384,-0.318174384,0.786944731,0.780977657,0.882357161,3.997318984,-8.205712562,-3.154428346,0.558307841,0.963144100
8.745000000,0.600000000,0.600000000,-0.600000000,-0.350000000,0.800000000,0.800000000,0.607321129,0.585391016,-0.641834653,-0.318174551,0.786946445,0.780980085,0.882052378,3.997666912,-8.206500643,-3.154745127,0.558183505,0.963006364
8.750400000,0.600000000,0.600000000,-0.600000000,-0.350000000,0.800000000,0.800000000,0.607324865,0.585391410,-0.641834894,-0.318174748,0.786947861,0.780982098,0.881838662,3.997288447,-8.205648898,-3.154526908,0.558116816,0.962903399
8.755000000,0.600000000,0.600000000,-0.600000000,-0.350000000,0.800000000,0.800000000,0.607327848,0.585391750,-0.641835075,-0.318174884,0.786949005,0.780983712,0.881646862,3.997549497,-8.206226461,-3.154755043,0.558033600,0.962811252
8.760000000,0.600000000,0.600000000,-0.600000000,-0.350000000,0.800000000,0.800000000,0.607332353,0.585392248,-0.641835345,-0.318175077,0.786950694,0.780986132,0.880909305,4.000047385,-8.205373952,-3.154529816,0.557965903,0.962694089
8.765000000,0.600000000,0.600000000,-0.600000000,-0.350000000,0.800000000,0.800000000,0.607336058,0.585392780,-0.641835586,-0.318175295,0.786952137,0.780988145,0.881176428,3.996699740,-8.205975907,-3.154798329,0.557872710,0.962571169
8.770000000,0.600000000,0.600000000,-0.600000000,-0.350000000,0.800000000,0.800000000,0.607339793,0.585393448,-0.641835826,-0.318175510,0.786953555,0.780990152,0.880970881,3.995961596,-8.205762617,-3.154783379,0.557806905,0.962467485
8.775000000,0.600000000,0.600000000,-0.600000000,-0.350000000,0.800000000,0.800000000,0.607343526,0.585394068,-0.641836066,-0.318175691,0.786954971,0.780992165,0.880747411,3.996484679,-8.204531411,-3.154443598,0.557721086,0.962362833
8.780000000,0.600000000,0.600000000,-0.600000000,-0.350000000,0.800000000,0.800000000,0.607347265,0.585394600,-0.641836305,-0.318175813,0.786956386,0.780994182,0.880633813,3.996184272,-8.203814074,-3.154441382,0.557654583,0.962254256
8.785000000,0.600000000,0.600000000,-0.600000000,-0.350000000,0.800000000,0.800000000,0.607350236,0.585394979,-0.641836482,-0.318175968,0.786957528,0.780995794,0.880318596,3.997253442,-8.204283909,-3.154458977,0.557544722,0.962166840
8.790200000,0.600000000,0.600000000,-0.600000000,-0.350000000,0.800000000,0.800000000,0.607354703,0.585395469,-0.641836750,-0.318176133,0.786959241,0.780998217,0.880010785,3.997713335,-8.205065851,-3.154773246,0.557417172,0.962029260
8.795000000,0.600000000,0.600000000,-0.600000000,-0.350000000,0.800000000,0.800000000,0.607358434,0.585395870,-0.641836988,-0.318176330,0.786960657,0.781000227,0.879797818,3.997309894,-8.204208349,-3.154553073,0.557351361,0.961926567
8.800000000,0.600000000,0.600000000,-0.600000000,-0.350000000,0.800000000,0.800000000,0.607362168,0.585396291,-0.641837226,-0.318176497,0.786962072,0.781002236,0.879565938,3.998797838,-8.202937457,-3.154196966,0.557239336,0.961823012
8.805000000,0.600000000,0.600000000,-0.600000000,-0.350000000,0.800000000,0.800000000,0.607365144,0.585396662,-0.641837404,-0.318176647,0.786963215,0.781003846,0.879405619,3.996947028,-8.204196448,-3.154647352,0.557205979,0.961730772
8.810200000,0.600000000,0.600000000,-0.600000000,-0.350000000,0.800000000,0.800000000,0.607369610,0.585397305,-0.641837671,-0.318176816,0.786964928,0.781006270,0.879129280,3.997098238,-8.204518131,-3.154817907,0.557097227,0.961594138
8.815000000,0.600000000,0.600000000,-0.600000000,-0.350000000,0.800000000,0.800000000,0.607373339,0.585397834,-0.641837908,-0.318177021,0.786966344,0.781008273,0.878902756,3.996885997,-8.204193480,-3.154764662,0.557016478,0.961491153
8.820000000,0.600000000,0.600000000,-0.600000000,-0.350000000,0.800000000,0.800000000,0.607377068,0.585398339,-0.641838145,-0.318177211,0.786967759,0.781010279,0.878688269,3.997117878,-8.203005819,-3.154439585,0.556938874,0.961386833
8.825000000,0.600000000,0.600000000,-0.600000000,-0.350000000,0.800000000,0.800000000,0.607380803,0.585398826,-0.641838381,-0.318177338,0.786969173,0.781012289,0.878590649,3.996405594,-8.202453578,-3.154486242,0.556883697,0.961280001
8.830200000,0.600000000,0.600000000,-0.600000000,-0.350000000,0.800000000,0.800000000,0.607384506,0.585399297,-0.641838588,-0.318177502,0.786970611,0.781014312,0.878212060,3.997809874,-8.203748485,-3.154786704,0.556741459,0.961160491
8.835000000,0.600000000,0.600000000,-0.600000000,-0.350000000,0.800000000,0.800000000,0.607387504,0.585399632,-0.641838793,-0.318177619,0.786971728,0.781015908,0.878175841,3.996683025,-8.202111255,-3.154476666,0.556724424,0.961086532
8.840000000,0.600000000,0.600000000,-0.600000000,-0.350000000,0.800000000,0.800000000,0.607391960,0.585400178,-0.641839058,-0.318177886,0.786973441,0.781018314,0.877765200,3.997353963,-8.203037580,-3.154663242,0.556582916,0.960951112
8.845000000,0.600000000,0.600000000,-0.600000000,-0.350000000,0.800000000,0.800000000,0.607395688,0.585400595,-0.641839293,-0.318178031,0.786974855,0.781020322,0.877523290,3.998958309,-8.201462833,-3.154209787,0.556471201,0.960848557
8.850400000,0.600000000,0.600000000,-0.600000000,-0.350000000,0.800000000,0.800000000,0.607399428,0.585401057,-0.641839499,-0.318178195,0.786976269,0.781022335,0.876847375,3.999670512,-8.202615163,-3.154620655,0.556447785,0.960743004
8.855000000,0.600000000,0.600000000,-0.600000000,-0.350000000,0.800000000,0.800000000,0.607403123,0.585401680,-0.641839734,-0.318178377,0.786977708,0.781024344,0.877114584,3.996323916,-8.203253836,-3.154900014,0.556353894,0.960620349
8.860000000,0.600000000,0.600000000,-0.600000000,-0.350000000,0.800000000,0.800000000,0.607406847,0.585402399,-0.641839969,-0.318178593,0.786979124,0.781026338,0.876899530,3.995900471,-8.202982719,-3.154864962,0.556279632,0.960517428
8.865000000,0.600000000,0.600000000,-0.600000000,-0.350000000,0.800000000,0.800000000,0.607410571,0.585403038,-0.641840203,-0.318178777,0.786980538,0.781028340,0.876673809,3.996496272,-8.201720488,-3.154514573,0.556192220,0.960413461
8.870000000,0.600000000,0.600000000,-0.600000000,-0.350000000,0.800000000,0.800000000,0.607414300,0.585403590,-0.641840436,-0.318178903,0.786981951,0.781030344,0.876571387,3.996008067,-8.201182529,-3.154558829,0.556131852,0.960308626
8.875000000,0.600000000,0.600000000,-0.600000000,-0.350000000,0.800000000,0.800000000,0.607417998,0.585404083,-0.641840642,-0.318179067,0.786983388,0.781032362,0.876182869,3.997656506,-8.202373571,-3.154830985,0.555982039,0.960187818
8.880000000,0.600000000,0.600000000,-0.600000000,-0.350000000,0.800000000,0.800000000,0.607420992,0.585404426,-0.641840844,-0.318179186,0.786984505,0.781033950,0.876150282,3.996458354,-8.200823950,-3.154542423,0.555964710,0.960117114
8.885000000,0.600000000,0.600000000,-0.600000000,-0.350000000,0.800000000,0.800000000,0.607425441,0.585404968,-0.641841106,-0.318179455,0.786986219,0.781036348,0.875732018,3.997336932,-8.201625709,-3.154694688,0.555819994,0.959979355
8.890200000,0.600000000,0.600000000,-0.600000000,-0.350000000,0.800000000,0.800000000,0.607428412,0.585405290,-0.641841281,-0.318179567,0.786987360,0.781037955,0.875529372,3.997812479,-8.201977723,-3.154849707,0.555733208,0.959888324
8.895200000,0.600000000,0.600000000,-0.600000000,-0.350000000,0.800000000,0.800000000,0.607432900,0.585405766,-0.641841543,-0.318179775,0.786989048,0.781040353,0.874794671,4.000224182,-8.201131296,-3.154625987,0.555668261,0.959772206
8.900000000,0.600000000,0.600000000,-0.600000000,-0.350000000,0.800000000,0.800000000,0.607436592,0.585406308,-0.641841777,-0.318180006,0.786990491,0.781042343,0.875068039,3.996701298,-8.201758317,-3.154902091,0.555580062,0.959650728
8.905000000,0.600000000,0.600000000,-0.600000000,-0.350000000,0.800000000,0.800000000,0.607440312,0.585406982,-0.641842009,-0.318180230,0.786991908,0.781044326,0.874859196,3.996098561,-8.201483363,-3.154866364,0.555511387,0.959548316
8.910000000,0.600000000,0.600000000,-0.600000000,-0.350000000,0.800000000,0.800000000,0.607443281,0.585407497,-0.641842184,-0.318180362,0.786993050,0.781045928,0.874668290,3.996622832,-8.201450411,-3.154900610,0.555430837,0.959457278
8.915000000,0.600000000,0.600000000,-0.600000000,-0.350000000,0.800000000,0.800000000,0.607446999,0.585408074,-0.641842415,-0.318180568,0.786994466,0.781047915,0.874434516,3.996682298,-8.201087247,-3.154833678,0.555342711,0.959355094
8.920000000,0.600000000,0.600000000,-0.600000000,-0.350000000,0.800000000,0.800000000,0.607451451,0.585408701,-0.641842677,-0.318180769,0.786996179,0.781050316,0.874155622,3.997380484,-8.200944326,-3.154854823,0.555226356,0.959220633
8.925000000,0.600000000,0.600000000,-0.600000000,-0.350000000,0.800000000,0.800000000,0.607455169,0.585409194,-0.641842908,-0.318180982,0.786997597,0.781052297,0.873921799,3.997173818,-8.200867195,-3.154879766,0.555141022,0.959116574
8.930000000,0.600000000,0.600000000,-0.600000000,-0.350000000,0.800000000,0.800000000,0.607458137,0.585409592,-0.641843082,-0.318181123,0.786998738,0.781053897,0.873747397,3.997402549,-8.200640126,-3.154853039,0.555073019,0.959027772
8.935000000,0.600000000,0.600000000,-0.600000000,-0.350000000,0.800000000,0.800000000,0.607462607,0.585410185,-0.641843369,-0.318181373,0.787000430,0.781056269,0.873471974,3.998420801,-8.198516822,-3.154231789,0.554961938,0.958912178
8.940000000,0.600000000,0.600000000,-0.600000000,-0.350000000,0.800000000,0.800000000,0.607465571,0.585410615,-0.641843542,-0.318181547,0.787001573,0.781057862,0.873315365,3.996560075,-8.199905029,-3.154722773,0.554927420,0.958820410
8.945000000,0.600000000,0.600000000,-0.600000000,-0.350000000,0.800000000,0.800000000,0.607469288,0.585411179,-0.641843770,-0.318181680,0.787002987,0.781059856,0.873081753,3.998031053,-8.198436260,-3.154302999,0.554818519,0.958718375
8.950000000,0.600000000,0.600000000,-0.600000000,-0.350000000,0.800000000,0.800000000,0.607473733,0.585411866,-0.641844028,-0.318181892,0.787004701,0.781062249,0.872823188,3.996385713,-8.200187500,-3.154929788,0.554738218,0.958582028
8.955000000,0.600000000,0.600000000,-0.600000000,-0.350000000,0.800000000,0.800000000,0.607477447,0.585412447,-0.641844257,-0.318182061,0.787006115,0.781064240,0.872604796,3.996618740,-8.198730191,-3.154518123,0.554664041,0.958479450
8.960000000,0.600000000,0.600000000,-0.600000000,-0.350000000,0.800000000,0.800000000,0.607481167,0.585412980,-0.641844484,-0.318182198,0.787007530,0.781066230,0.872514920,3.995874085,-8.198489064,-3.154643420,0.554604199,0.958380428
8.965000000,0.600000000,0.600000000,-0.600000000,-0.350000000,0.800000000,0.800000000,0.607484855,0.585413456,-0.641844686,-0.318182363,0.787008968,0.781068238,0.872118688,3.997708079,-8.199479057,-3.154864316,0.554454855,0.958254812
8.970600000,0.600000000,0.600000000,-0.600000000,-0.350000000,0.800000000,0.800000000,0.607488567,0.585413865,-0.641844912,-0.318182561,0.787010385,0.781070218,0.871880556,3.997570415,-8.199416448,-3.154892553,0.554366928,0.958151282
8.975000000,0.600000000,0.600000000,-0.600000000,-0.350000000,0.800000000,0.800000000,0.607492280,0.585414303,-0.641845138,-0.318182786,0.787011801,0.781072201,0.871670440,3.997131701,-8.198485475,-3.154649731,0.554303635,0.958048512
8.980000000,0.600000000,0.600000000,-0.600000000,-0.350000000,0.800000000,0.800000000,0.607495995,0.585414755,-0.641845364,-0.318182952,0.787013216,0.781074188,0.871436526,3.998720223,-8.197190499,-3.154284618,0.554189131,0.957946209
8.985000000,0.600000000,0.600000000,-0.600000000,-0.350000000,0.800000000,0.800000000,0.607499719,0.585415243,-0.641845563,-0.318183107,0.787014630,0.781076190,0.870763111,3.999382301,-8.198351532,-3.154697953,0.554167303,0.957841177
8.990000000,0.600000000,0.600000000,-0.600000000,-0.350000000,0.800000000,0.800000000,0.607503399,0.585415882,-0.641845788,-0.318183295,0.787016070,0.781078181,0.871028556,3.996101853,-8.198981888,-3.154973449,0.554071494,0.957719606
8.995000000,0.600000000,0.600000000,-0.600000000,-0.350000000,0.800000000,0.800000000,0.607507109,0.585416629,-0.641846013,-0.318183529,0.787017487,0.781080160,0.870817625,3.995537216,-8.198671672,-3.154925805,0.554002133,0.957617639
9.000000000,0.600000000,0.600000000,-0.600000000,-0.350000000,0.800000000,0.800000000,0.607510818,0.585417292,-0.641846237,-0.318183714,0.787018901,0.781082146,0.870589899,3.996251735,-8.197415896,-3.154576290,0.553911212,0.957514446
9.005000000,0.600000000,0.600000000,-0.600000000,-0.350000000,0.800000000,0.800000000,0.607513777,0.585417752,-0.641846406,-0.318183848,0.787020043,0.781083740,0.870386002,3.996519857,-8.198425757,-3.154938837,0.553819924,0.957424219
9.010000000,0.600000000,0.600000000,-0.600000000,-0.350000000,0.800000000,0.800000000,0.607518216,0.585418348,-0.641846660,-0.318184029,0.787021753,0.781086141,0.870099785,3.997329314,-8.198117162,-3.154906338,0.553702121,0.957290316
9.015000000,0.600000000,0.600000000,-0.600000000,-0.350000000,0.800000000,0.800000000,0.607521924,0.585418816,-0.641846883,-0.318184258,0.787023170,0.781088118,0.869866930,3.997120836,-8.198030518,-3.154927833,0.553617425,0.957186729
9.020000000,0.600000000,0.600000000,-0.600000000,-0.350000000,0.800000000,0.800000000,0.607525631,0.585419288,-0.641847105,-0.318184486,0.787024585,0.781090101,0.869651672,3.996865227,-8.197081499,-3.154678289,0.553549025,0.957084123
9.025000000,0.600000000,0.600000000,-0.600000000,-0.350000000,0.800000000,0.800000000,0.607528591,0.585419664,-0.641847273,-0.318184629,0.787025727,0.781091695,0.869458520,3.997235902,-8.197687976,-3.154914213,0.553462405,0.956992958
9.030000000,0.600000000,0.600000000,-0.600000000,-0.350000000,0.800000000,0.800000000,0.607533061,0.585420189,-0.641847524,-0.318184837,0.787027414,0.781094084,0.868718076,3.999876484,-8.196808992,-3.154678702,0.553391243,0.956877328
9.035000000,0.600000000,0.600000000,-0.600000000,-0.350000000,0.800000000,0.800000000,0.607536007,0.585420590,-0.641847715,-0.318185035,0.787028556,0.781095663,0.869015188,3.998157540,-8.195282329,-3.154248181,0.553293584,0.956789988
9.040000000,0.600000000,0.600000000,-0.600000000,-0.350000000,0.800000000,0.800000000,0.607540442,0.585421363,-0.641847964,-0.318185288,0.787030269,0.781098051,0.868787715,3.995748652,-8.197399890,-3.154993998,0.553231748,0.956653059
9.045000000,0.600000000,0.600000000,-0.600000000,-0.350000000,0.800000000,0.800000000,0.607544145,0.585422020,-0.641848184,-0.318185465,0.787031682,0.781100040,0.868563621,3.996172464,-8.195886389,-3.154563367,0.553152721,0.956550736
9.050000000,0.600000000,0.600000000,-0.600000000,-0.350000000,0.800000000,0.800000000,0.607547100,0.585422490,-0.641848348,-0.318185613,0.787032823,0.781101633,0.868361896,3.996425714,-8.196961868,-3.154946669,0.553061167,0.956460366
9.055000000,0.600000000,0.600000000,-0.600000000,-0.350000000,0.800000000,0.800000000,0.607551534,0.585423096,-0.641848599,-0.318185798,0.787034532,0.781104033,0.868075143,3.997252133,-8.196636786,-3.154908728,0.552943113,0.956326539
9.060000000,0.600000000,0.600000000,-0.600000000,-0.350000000,0.800000000,0.800000000,0.607555237,0.585423567,-0.641848816,-0.318186040,0.787035949,0.781106010,0.867840938,3.997088265,-8.196536912,-3.154925663,0.552857287,0.956223014
9.065000000,0.600000000,0.600000000,-0.600000000,-0.350000000,0.800000000,0.800000000,0.607558939,0.585424038,-0.641849034,-0.318186280,0.787037363,0.781107992,0.867625496,3.996841214,-8.195583218,-3.154674409,0.552788737,0.956120463
9.070000000,0.600000000,0.600000000,-0.600000000,-0.350000000,0.800000000,0.800000000,0.607562644,0.585424493,-0.641849251,-0.318186466,0.787038776,0.781109977,0.867385585,3.998600116,-8.194225499,-3.154288344,0.552669980,0.956018375
9.075600000,0.600000000,0.600000000,-0.600000000,-0.350000000,0.800000000,0.800000000,0.607566358,0.585424963,-0.641849445,-0.318186630,0.787040189,0.781111978,0.866711115,3.999319553,-8.195384839,-3.154700750,0.552646609,0.955913367
9.080000000,0.600000000,0.600000000,-0.600000000,-0.350000000,0.800000000,0.800000000,0.607570028,0.585425581,-0.641849660,-0.318186836,0.787041628,0.781113968,0.866976206,3.996054593,-8.196004861,-3.154972540,0.552550530,0.955791880
9.085000000,0.600000000,0.600000000,-0.600000000,-0.350000000,0.800000000,0.800000000,0.607573727,0.585426264,-0.641849875,-0.318187083,0.787043042,0.781115948,0.866754196,3.995862896,-8.195647721,-3.154908250,0.552470684,0.955689939
9.090000000,0.600000000,0.600000000,-0.600000000,-0.350000000,0.800000000,0.800000000,0.607577426,0.585426858,-0.641850091,-0.318187295,0.787044455,0.781117933,0.866528145,3.996489098,-8.194357694,-3.154547794,0.552382904,0.955586950
9.095000000,0.600000000,0.600000000,-0.600000000,-0.350000000,0.800000000,0.800000000,0.607580402,0.585427285,-0.641850254,-0.318187446,0.787045602,0.781119533,0.866307992,3.996631000,-8.195406653,-3.154923524,0.552292526,0.955495854
9.100000000,0.600000000,0.600000000,-0.600000000,-0.350000000,0.800000000,0.800000000,0.607584866,0.585427857,-0.641850500,-0.318187649,0.787047318,0.781121943,0.866023372,3.997328553,-8.195092176,-3.154889431,0.552177862,0.955361535
9.105000000,0.600000000,0.600000000,-0.600000000,-0.350000000,0.800000000,0.800000000,0.607588595,0.585428319,-0.641850714,-0.318187901,0.787048741,0.781123928,0.865790510,3.997085873,-8.194998743,-3.154908837,0.552093958,0.955257526
9.110000000,0.600000000,0.600000000,-0.600000000,-0.350000000,0.800000000,0.800000000,0.607591572,0.585428696,-0.641850877,-0.318188064,0.787049886,0.781125532,0.865615028,3.997317137,-8.194759630,-3.154878113,0.552025671,0.955168309
9.115800000,0.600000000,0.600000000,-0.600000000,-0.350000000,0.800000000,0.800000000,0.607596054,0.585429258,-0.641851141,-0.318188360,0.787051582,0.781127911,0.865335151,3.998421196,-8.192578108,-3.154237380,0.551912488,0.955052570
9.120000000,0.600000000,0.600000000,-0.600000000,-0.350000000,0.800000000,0.800000000,0.607599026,0.585429666,-0.641851302,-0.318188555,0.787052728,0.781129509,0.865178871,3.996538539,-8.193973986,-3.154730569,0.551878373,0.954960536
9.125000000,0.600000000,0.600000000,-0.600000000,-0.350000000,0.800000000,0.800000000,0.607602755,0.585430208,-0.641851514,-0.318188718,0.787054146,0.781131508,0.864943531,3.998015088,-8.192471162,-3.154299465,0.551769456,0.954858354
9.130000000,0.600000000,0.600000000,-0.600000000,-0.350000000,0.800000000,0.800000000,0.607607212,0.585430876,-0.641851756,-0.318188957,0.787055865,0.781133910,0.864686695,3.996307792,-8.194248581,-3.154934379,0.551690446,0.954721507
9.135000000,0.600000000,0.600000000,-0.600000000,-0.350000000,0.800000000,0.800000000,0.607610185,0.585431336,-0.641851917,-0.318189087,0.787057009,0.781135517,0.864496696,3.996669685,-8.194048589,-3.154915644,0.551616490,0.954630780
9.140000000,0.600000000,0.600000000,-0.600000000,-0.350000000,0.800000000,0.800000000,0.607614667,0.585431965,-0.641852177,-0.318189346,0.787058703,0.781137902,0.864379667,3.995582404,-8.192325856,-3.154545196,0.551566809,0.954519952
9.145000000,0.600000000,0.600000000,-0.600000000,-0.350000000,0.800000000,0.800000000,0.607618367,0.585432434,-0.641852368,-0.318189562,0.787060145,0.781139914,0.863977891,3.997688135,-8.193455257,-3.154840693,0.551405965,0.954393605
9.150000000,0.600000000,0.600000000,-0.600000000,-0.350000000,0.800000000,0.800000000,0.607622089,0.585432825,-0.641852577,-0.318189781,0.787061566,0.781141903,0.863738201,3.997539570,-8.193391616,-3.154868070,0.551317785,0.954289632
9.155000000,0.600000000,0.600000000,-0.600000000,-0.350000000,0.800000000,0.800000000,0.607625812,0.585433254,-0.641852786,-0.318190049,0.787062986,0.781143894,0.863527263,3.997099777,-8.192457500,-3.154623648,0.551254375,0.954186634
9.160000000,0.600000000,0.600000000,-0.600000000,-0.350000000,0.800000000,0.800000000,0.607629538,0.585433703,-0.641852994,-0.318190261,0.787064404,0.781145888,0.863291269,3.998705274,-8.191129884,-3.154247621,0.551139499,0.954084050
9.165000000,0.600000000,0.600000000,-0.600000000,-0.350000000,0.800000000,0.800000000,0.607633273,0.585434191,-0.641853181,-0.318190442,0.787065822,0.781147898,0.862614041,3.999430756,-8.192254660,-3.154649045,0.551116380,0.953978621
9.170000000,0.600000000,0.600000000,-0.600000000,-0.350000000,0.800000000,0.800000000,0.607636963,0.585434848,-0.641853388,-0.318190682,0.787067267,0.781149896,0.862886613,3.995908641,-8.192899167,-3.154929340,0.551027016,0.953856748
9.175000000,0.600000000,0.600000000,-0.600000000,-0.350000000,0.800000000,0.800000000,0.607640683,0.585435575,-0.641853594,-0.318190946,0.787068687,0.781151885,0.862664325,3.995723479,-8.192572733,-3.154874688,0.550946273,0.953754230
9.180000000,0.600000000,0.600000000,-0.600000000,-0.350000000,0.800000000,0.800000000,0.607644402,0.585436204,-0.641853800,-0.318191176,0.787070105,0.781153880,0.862435801,3.996382669,-8.191263909,-3.154508027,0.550857414,0.953650769
9.185000000,0.600000000,0.600000000,-0.600000000,-0.350000000,0.800000000,0.800000000,0.607648126,0.585436745,-0.641854004,-0.318191347,0.787071522,0.781155881,0.862344790,3.995493319,-8.190790753,-3.154514973,0.550806608,0.953551137
9.190000000,0.600000000,0.600000000,-0.600000000,-0.350000000,0.800000000,0.800000000,0.607651819,0.585437219,-0.641854190,-0.318191536,0.787072964,0.781157898,0.861942737,3.997628381,-8.191883172,-3.154811782,0.550645020,0.953425304
9.195000000,0.600000000,0.600000000,-0.600000000,-0.350000000,0.800000000,0.800000000,0.607655536,0.585437612,-0.641854394,-0.318191763,0.787074384,0.781159889,0.861700962,3.997542476,-8.191804945,-3.154834292,0.550555019,0.953321056
9.200000000,0.600000000,0.600000000,-0.600000000,-0.350000000,0.800000000,0.800000000,0.607659254,0.585438039,-0.641854597,-0.318192039,0.787075803,0.781161880,0.861490526,3.997099801,-8.190886725,-3.154594591,0.550491660,0.953218178
9.205000000,0.600000000,0.600000000,-0.600000000,-0.350000000,0.800000000,0.800000000,0.607662974,0.585438484,-0.641854800,-0.318192257,0.787077221,0.781163877,0.861253900,3.998732192,-8.189558836,-3.154218265,0.550375985,0.953115454
9.210000000,0.600000000,0.600000000,-0.600000000,-0.350000000,0.800000000,0.800000000,0.607666704,0.585438966,-0.641854984,-0.318192438,0.787078639,0.781165889,0.860576483,3.999455995,-8.190660835,-3.154612426,0.550353230,0.953009998
9.215000000,0.600000000,0.600000000,-0.600000000,-0.350000000,0.800000000,0.800000000,0.607670389,0.585439620,-0.641855186,-0.318192688,0.787080084,0.781167890,0.860849676,3.995915373,-8.191303744,-3.154892194,0.550264423,0.952887944
9.220000000,0.600000000,0.600000000,-0.600000000,-0.350000000,0.800000000,0.800000000,0.607673387,0.585440205,-0.641855340,-0.318192875,0.787081204,0.781169487,0.860203201,3.998359706,-8.190503736,-3.154659999,0.550231191,0.952816308
9.225000000,0.600000000,0.600000000,-0.600000000,-0.350000000,0.800000000,0.800000000,0.607677819,0.585441092,-0.641855588,-0.318193215,0.787082924,0.781171879,0.860429598,3.995326032,-8.189765023,-3.154505123,0.550125200,0.952681832
9.230000000,0.600000000,0.600000000,-0.600000000,-0.350000000,0.800000000,0.800000000,0.607681538,0.585441841,-0.641855787,-0.318193401,0.787084343,0.781173883,0.860339640,3.994300114,-8.189289769,-3.154501214,0.550073960,0.952580208
9.235400000,0.600000000,0.600000000,-0.600000000,-0.350000000,0.800000000,0.800000000,0.607685224,0.585442438,-0.641855971,-0.318193581,0.787085784,0.781175903,0.859928758,3.996965453,-8.190372207,-3.154803724,0.549901510,0.952455915
9.240000000,0.600000000,0.600000000,-0.600000000,-0.350000000,0.800000000,0.800000000,0.607688935,0.585442869,-0.641856167,-0.318193815,0.787087206,0.781177900,0.859674083,3.997245253,-8.190235389,-3.154806158,0.549800756,0.952351113
9.245000000,0.600000000,0.600000000,-0.600000000,-0.350000000,0.800000000,0.800000000,0.607692647,0.585443290,-0.641856366,-0.318194098,0.787088627,0.781179897,0.859459040,3.996965940,-8.189327167,-3.154568668,0.549732350,0.952248208
9.250000000,0.600000000,0.600000000,-0.600000000,-0.350000000,0.800000000,0.800000000,0.607695611,0.585443637,-0.641856517,-0.318194273,0.787089773,0.781181502,0.859266043,3.997274670,-8.189866247,-3.154783352,0.549648280,0.952156402
9.255000000,0.600000000,0.600000000,-0.600000000,-0.350000000,0.800000000,0.800000000,0.607700086,0.585444137,-0.641856745,-0.318194528,0.787091466,0.781183908,0.858521382,3.999983508,-8.188952875,-3.154536156,0.549575405,0.952040177
9.260000000,0.600000000,0.600000000,-0.600000000,-0.350000000,0.800000000,0.800000000,0.607703768,0.585444664,-0.641856942,-0.318194822,0.787092913,0.781185911,0.858792942,3.996512053,-8.189546962,-3.154800462,0.549485435,0.951918105
9.265000000,0.600000000,0.600000000,-0.600000000,-0.350000000,0.800000000,0.800000000,0.607706762,0.585445168,-0.641857092,-0.318195021,0.787094035,0.781187510,0.858152026,3.998768248,-8.188771478,-3.154576677,0.549457392,0.951846320
9.270000000,0.600000000,0.600000000,-0.600000000,-0.350000000,0.800000000,0.800000000,0.607711189,0.585445984,-0.641857332,-0.318195378,0.787095756,0.781189910,0.858384956,3.995544010,-8.188073909,-3.154435527,0.549356497,0.951711436
9.275000000,0.600000000,0.600000000,-0.600000000,-0.350000000,0.800000000,0.800000000,0.607714148,0.585446570,-0.641857481,-0.318195559,0.787096902,0.781191516,0.858194188,3.995493603,-8.189201482,-3.154836357,0.549273106,0.951620376
9.280200000,0.600000000,0.600000000,-0.600000000,-0.350000000,0.800000000,0.800000000,0.607718586,0.585447310,-0.641857707,-0.318195784,0.787098615,0.781193938,0.857896551,3.996641732,-8.188743304,-3.154754869,0.549147228,0.951485499
9.285000000,0.600000000,0.600000000,-0.600000000,-0.350000000,0.800000000,0.800000000,0.607722293,0.585447828,-0.641857899,-0.318196063,0.787100035,0.781195938,0.857652157,3.996731538,-8.188585602,-3.154752582,0.549053775,0.951380025
9.290000000,0.600000000,0.600000000,-0.600000000,-0.350000000,0.800000000,0.800000000,0.607725253,0.585448217,-0.641858048,-0.318196247,0.787101177,0.781197552,0.857473322,3.997097484,-8.188320310,-3.154712270,0.548982187,0.951291113
9.295000000,0.600000000,0.600000000,-0.600000000,-0.350000000,0.800000000,0.800000000,0.607729710,0.585448778,-0.641858283,-0.318196594,0.787102869,0.781199953,0.857189842,3.998340830,-8.186220034,-3.154096042,0.548863501,0.951174086
9.300000000,0.600000000,0.600000000,-0.600000000,-0.350000000,0.800000000,0.800000000,0.607733430,0.585449262,-0.641858460,-0.318196802,0.787104284,0.781201971,0.856508141,3.999273007,-8.187314356,-3.154487137,0.548835013,0.951068164
9.305000000,0.600000000,0.600000000,-0.600000000,-0.350000000,0.800000000,0.800000000,0.607737105,0.585449885,-0.641858649,-0.318197061,0.787105722,0.781203989,0.856778372,3.995834117,-8.187938572,-3.154760703,0.548743684,0.950945069
9.310000000,0.600000000,0.600000000,-0.600000000,-0.350000000,0.800000000,0.800000000,0.607740808,0.585450582,-0.641858837,-0.318197347,0.787107137,0.781205996,0.856558390,3.995604717,-8.187713856,-3.154738001,0.548662763,0.950841563
9.315000000,0.600000000,0.600000000,-0.600000000,-0.350000000,0.800000000,0.800000000,0.607744512,0.585451184,-0.641859026,-0.318197608,0.787108549,0.781208011,0.856328204,3.996299423,-8.186377148,-3.154362207,0.548573328,0.950737139
9.320000000,0.600000000,0.600000000,-0.600000000,-0.350000000,0.800000000,0.800000000,0.607747467,0.585451604,-0.641859171,-0.318197790,0.787109690,0.781209625,0.856124070,3.996543398,-8.187338141,-3.154708916,0.548483308,0.950646066
9.325000000,0.600000000,0.600000000,-0.600000000,-0.350000000,0.800000000,0.800000000,0.607751901,0.585452161,-0.641859388,-0.318198048,0.787111397,0.781212057,0.855839126,3.997258156,-8.186927438,-3.154644081,0.548369890,0.950510683
9.330000000,0.600000000,0.600000000,-0.600000000,-0.350000000,0.800000000,0.800000000,0.607755604,0.585452608,-0.641859574,-0.318198345,0.787112811,0.781214066,0.855605011,3.997039300,-8.186807060,-3.154655015,0.548285594,0.950404594
9.335000000,0.600000000,0.600000000,-0.600000000,-0.350000000,0.800000000,0.800000000,0.607759306,0.585453067,-0.641859759,-0.318198640,0.787114223,0.781216081,0.855392355,3.996752703,-8.186004926,-3.154450782,0.548216196,0.950301036
9.340000000,0.600000000,0.600000000,-0.600000000,-0.350000000,0.800000000,0.800000000,0.607763011,0.585453518,-0.641859945,-0.318198889,0.787115634,0.781218098,0.855149970,3.998541406,-8.184631142,-3.154059198,0.548096549,0.950197299
9.345200000,0.600000000,0.600000000,-0.600000000,-0.350000000,0.800000000,0.800000000,0.607765962,0.585453903,-0.641860089,-0.318199094,0.787116775,0.781219713,0.854994761,3.996541800,-8.185876572,-3.154504631,0.548068017,0.950104952
9.350000000,0.600000000,0.600000000,-0.600000000,-0.350000000,0.800000000,0.800000000,0.607769666,0.585454447,-0.641860273,-0.318199325,0.787118186,0.781221734,0.854762021,3.997936462,-8.184392353,-3.154079331,0.547961447,0.950001612
9.355000000,0.600000000,0.600000000,-0.600000000,-0.350000000,0.800000000,0.800000000,0.607773379,0.585454997,-0.641860446,-0.318199528,0.787119599,0.781223756,0.854072615,3.999022986,-8.185297699,-3.154409679,0.547930861,0.949896060
9.360000000,0.600000000,0.600000000,-0.600000000,-0.350000000,0.800000000,0.800000000,0.607777793,0.585455779,-0.641860672,-0.318199877,0.787121309,0.781226176,0.854313585,3.995531644,-8.184754144,-3.154317936,0.547835767,0.949759797
9.365000000,0.600000000,0.600000000,-0.600000000,-0.350000000,0.800000000,0.800000000,0.607780745,0.585456372,-0.641860815,-0.318200071,0.787122450,0.781227790,0.854124570,3.995388378,-8.185793259,-3.154691412,0.547757033,0.949668009
9.370000000,0.600000000,0.600000000,-0.600000000,-0.350000000,0.800000000,0.800000000,0.607785171,0.585457130,-0.641861031,-0.318200325,0.787124158,0.781230224,0.853827903,3.996531744,-8.185327567,-3.154607167,0.547631293,0.949533177
9.375000000,0.600000000,0.600000000,-0.600000000,-0.350000000,0.800000000,0.800000000,0.607788868,0.585457657,-0.641861213,-0.318200617,0.787125573,0.781232233,0.853582801,3.996648756,-8.185157245,-3.154601030,0.547537394,0.949426728
9.380000000,0.600000000,0.600000000,-0.600000000,-0.350000000,0.800000000,0.800000000,0.607791819,0.585458050,-0.641861356,-0.318200810,0.787126712,0.781233854,0.853403669,3.997035318,-8.184886860,-3.154558666,0.547465374,0.949337990
9.385000000,0.600000000,0.600000000,-0.600000000,-0.350000000,0.800000000,0.800000000,0.607796264,0.585458612,-0.641861579,-0.318201182,0.787128400,0.781236264,0.853120500,3.998332368,-8.182916621,-3.153983237,0.547343293,0.949220070
9.390000000,0.600000000,0.600000000,-0.600000000,-0.350000000,0.800000000,0.800000000,0.607799974,0.585459108,-0.641861748,-0.318201402,0.787129813,0.781238285,0.852441373,3.999101069,-8.183885707,-3.154334929,0.547321412,0.949114456
9.395000000,0.600000000,0.600000000,-0.600000000,-0.350000000,0.800000000,0.800000000,0.607803639,0.585459753,-0.641861917,-0.318201698,0.787131252,0.781240306,0.852712072,3.995679103,-8.184484569,-3.154600027,0.547230220,0.948991093
9.400000000,0.600000000,0.600000000,-0.600000000,-0.350000000,0.800000000,0.800000000,0.607806620,0.585460307,-0.641862057,-0.318201896,0.787132367,0.781241916,0.852059391,3.998316646,-8.183656295,-3.154357642,0.547191406,0.948919130
9.405000000,0.600000000,0.600000000,-0.600000000,-0.350000000,0.800000000,0.800000000,0.607811027,0.585461125,-0.641862266,-0.318202289,0.787134079,0.781244334,0.852284624,3.995364313,-8.183055432,-3.154245130,0.547081078,0.948783006
9.410000000,0.600000000,0.600000000,-0.600000000,-0.350000000,0.800000000,0.800000000,0.607814727,0.585461820,-0.641862430,-0.318202530,0.787135491,0.781246354,0.852158882,3.994774291,-8.181912575,-3.153952409,0.547031751,0.948678036
9.415000000,0.600000000,0.600000000,-0.600000000,-0.350000000,0.800000000,0.800000000,0.607818393,0.585462391,-0.641862585,-0.318202747,0.787136925,0.781248386,0.851790897,3.996751873,-8.183491867,-3.154489400,0.546868374,0.948556088
9.420000000,0.600000000,0.600000000,-0.600000000,-0.350000000,0.800000000,0.800000000,0.607822084,0.585462827,-0.641862739,-0.318203031,0.787138338,0.781250399,0.851537710,3.996957782,-8.183351407,-3.154490184,0.546769952,0.948449635
9.425000000,0.600000000,0.600000000,-0.600000000,-0.350000000,0.800000000,0.800000000,0.607825776,0.585463245,-0.641862898,-0.318203358,0.787139751,0.781252413,0.851322656,3.996754311,-8.182581100,-3.154294290,0.546697368,0.948346516
9.430000000,0.600000000,0.600000000,-0.600000000,-0.350000000,0.800000000,0.800000000,0.607829471,0.585463652,-0.641863053,-0.318203644,0.787141163,0.781254430,0.851079670,3.998519673,-8.181106867,-3.153869654,0.546579690,0.948243205
9.435000000,0.600000000,0.600000000,-0.600000000,-0.350000000,0.800000000,0.800000000,0.607833176,0.585464094,-0.641863204,-0.318203872,0.787142576,0.781256451,0.850399722,3.999314131,-8.182082869,-3.154222964,0.546557129,0.948137505
9.440200000,0.600000000,0.600000000,-0.600000000,-0.350000000,0.800000000,0.800000000,0.607836836,0.585464696,-0.641863355,-0.318204177,0.787144013,0.781258472,0.850672199,3.995831791,-8.182694477,-3.154491645,0.546467588,0.948014133
9.445000000,0.600000000,0.600000000,-0.600000000,-0.350000000,0.800000000,0.800000000,0.607840525,0.585465379,-0.641863504,-0.318204507,0.787145427,0.781260481,0.850454272,3.995556294,-8.182568292,-3.154498575,0.546386423,0.947910569
9.450000000,0.600000000,0.600000000,-0.600000000,-0.350000000,0.800000000,0.800000000,0.607844214,0.585465971,-0.641863655,-0.318204812,0.787146838,0.781262498,0.850223798,3.996246034,-8.181171208,-3.154102237,0.546297965,0.947806323
9.455000000,0.600000000,0.600000000,-0.600000000,-0.350000000,0.800000000,0.800000000,0.607847908,0.585466475,-0.641863806,-0.318205055,0.787148249,0.781264518,0.850082539,3.996043098,-8.180041627,-3.153793623,0.546237189,0.947701689
9.460000000,0.600000000,0.600000000,-0.600000000,-0.350000000,0.800000000,0.800000000,0.607851571,0.585466926,-0.641863959,-0.318205277,0.787149682,0.781266550,0.849735428,3.997371811,-8.181618890,-3.154350519,0.546092911,0.947579453
9.465000000,0.600000000,0.600000000,-0.600000000,-0.350000000,0.800000000,0.800000000,0.607855258,0.585467331,-0.641864109,-0.318205569,0.787151096,0.781268562,0.849495073,3.997183526,-8.181536990,-3.154371253,0.546005635,0.947473034
9.470000000,0.600000000,0.600000000,-0.600000000,-0.350000000,0.800000000,0.800000000,0.607858202,0.585467676,-0.641864230,-0.318205786,0.787152234,0.781270181,0.849324046,3.997345882,-8.181291193,-3.154336921,0.545940353,0.947384359
9.475000000,0.600000000,0.600000000,-0.600000000,-0.350000000,0.800000000,0.800000000,0.607862636,0.585468215,-0.641864409,-0.318206193,0.787153920,0.781272591,0.849049464,3.998326344,-8.179302217,-3.153754793,0.545827866,0.947266843
9.480200000,0.600000000,0.600000000,-0.600000000,-0.350000000,0.800000000,0.800000000,0.607866336,0.585468717,-0.641864560,-0.318206422,0.787155331,0.781274612,0.848370391,3.999178930,-8.180320524,-3.154121542,0.545803299,0.947160973
9.485000000,0.600000000,0.600000000,-0.600000000,-0.350000000,0.800000000,0.800000000,0.607869991,0.585469364,-0.641864711,-0.318206715,0.787156767,0.781276633,0.848642143,3.995727599,-8.180935268,-3.154391142,0.545712905,0.947037491
9.490200000,0.600000000,0.600000000,-0.600000000,-0.350000000,0.800000000,0.800000000,0.607873675,0.585470089,-0.641864861,-0.318207030,0.787158180,0.781278642,0.848425428,3.995418281,-8.180840027,-3.154407885,0.545632199,0.946933968
9.495000000,0.600000000,0.600000000,-0.600000000,-0.350000000,0.800000000,0.800000000,0.607877358,0.585470722,-0.641865012,-0.318207324,0.787159590,0.781280658,0.848196047,3.996104704,-8.179481101,-3.154023673,0.545543454,0.946829613
9.500000000,0.600000000,0.600000000,-0.600000000,-0.350000000,0.800000000,0.800000000,0.607881047,0.585471258,-0.641865163,-0.318207561,0.787161000,0.781282679,0.848053484,3.995943468,-8.178343138,-3.153712248,0.545481574,0.946724989
9.505000000,0.599999996,0.599999996,-0.599999996,-0.349999997,0.799999994,0.799999994,0.607884705,0.585471732,-0.641865317,-0.318207777,0.787162432,0.781284710,0.847620129,3.997078392,-8.179714919,-3.154220483,0.545335857,0.946601288
9.510000000,0.599999964,0.599999965,-0.599999965,-0.349999980,0.799999953,0.799999951,0.607887666,0.585472059,-0.641865437,-0.318207999,0.787163546,0.781286318,0.847432364,3.995963929,-8.177356444,-3.153530401,0.545307906,0.946522867
9.515000000,0.599999879,0.599999883,-0.599999883,-0.349999932,0.799999840,0.799999834,0.607892065,0.585472552,-0.641865619,-0.318208318,0.787165254,0.781288739,0.846924385,3.996195298,-8.178713652,-3.154058351,0.545142366,0.946373619
9.520400000,0.599999697,0.599999706,-0.599999706,-0.349999830,0.799999599,0.799999583,0.607895746,0.585472886,-0.641865771,-0.318208551,0.787166661,0.781290764,0.846482747,3.997702851,-8.176301940,-3.153387072,0.544995430,0.946250432
9.525000000,0.599999443,0.599999459,-0.599999459,-0.349999688,0.799999264,0.799999234,0.607899437,0.585473201,-0.641865924,-0.318208746,0.787168069,0.781292789,0.845606700,3.998344123,-8.176533878,-3.153560697,0.544931773,0.946118343
9.530000000,0.599999038,0.599999066,-0.599999066,-0.349999462,0.799998729,0.799998678,0.607903083,0.585473615,-0.641866076,-0.318208987,0.787169502,0.781294816,0.845632549,3.994576710,-8.176292617,-3.153635432,0.544785404,0.945954397
9.535000000,0.599998475,0.599998520,-0.599998520,-0.349999147,0.799997985,0.799997904,0.607906756,0.585474046,-0.641866228,-0.318209225,0.787170910,0.781296834,0.845122210,3.993967219,-8.175152014,-3.153415077,0.544630456,0.945794425
9.540200000,0.599997692,0.599997760,-0.599997760,-0.349998710,0.799996951,0.799996829,0.607910426,0.585474298,-0.641866382,-0.318209432,0.787172315,0.781298859,0.844549166,3.994330133,-8.172972675,-3.152884678,0.544438035,0.945619802
9.545000000,0.599996767,0.599996862,-0.599996862,-0.349998192,0.799995729,0.799995558,0.607914099,0.585474349,-0.641866537,-0.318209580,0.787173717,0.781300891,0.844028020,3.994033171,-8.170417136,-3.152249991,0.544262584,0.945431868
9.550000000,0.599995572,0.599995702,-0.599995702,-0.349997524,0.799994149,0.799993915,0.607917739,0.585474214,-0.641866694,-0.318209697,0.787175142,0.781302935,0.843234415,3.995318770,-8.169702477,-3.152233836,0.543985527,0.945205770
9.555000000,0.599994114,0.599994287,-0.599994287,-0.349996709,0.799992223,0.799991912,0.607921400,0.585473884,-0.641866850,-0.318209832,0.787176544,0.781304965,0.842498694,3.995081249,-8.167601294,-3.151792687,0.543734862,0.944970879
9.560000000,0.599992369,0.599992593,-0.599992593,-0.349995733,0.799989917,0.799989514,0.607925059,0.585473433,-0.641867007,-0.318209963,0.787177944,0.781306997,0.841740491,3.994431575,-8.165287486,-3.151309772,0.543472122,0.944715143
9.565200000,0.599990222,0.599990509,-0.599990509,-0.349994532,0.799987080,0.799986563,0.607927977,0.585472994,-0.641867134,-0.318210029,0.787179071,0.781308636,0.840911931,3.994303376,-8.162355381,-3.150663718,0.543187141,0.944444660
9.570000000,0.599987915,0.599988270,-0.599988270,-0.349993242,0.799984032,0.799983394,0.607932378,0.585472124,-0.641867326,-0.318210116,0.787180732,0.781311087,0.839508637,3.996988524,-8.158691501,-3.149788782,0.542875311,0.944136243
9.575000000,0.599985157,0.599985592,-0.599985592,-0.349991700,0.799980387,0.799979603,0.607935993,0.585471309,-0.641867488,-0.318210176,0.787182148,0.781313142,0.839027756,3.993731353,-8.156020544,-3.149305413,0.542507157,0.943782716
9.580200000,0.599981877,0.599982408,-0.599982408,-0.349989865,0.799976053,0.799975096,0.607939633,0.585470438,-0.641867650,-0.318210221,0.787183538,0.781315190,0.837966934,3.992965137,-8.152283290,-3.148504258,0.542118401,0.943403985
9.585000000,0.599978452,0.599979084,-0.599979084,-0.349987950,0.799971529,0.799970390,0.607943267,0.585469357,-0.641867815,-0.318210250,0.787184923,0.781317242,0.836892706,3.993328685,-8.148337692,-3.147637610,0.541691947,0.943016865
9.590000000,0.599974457,0.599975206,-0.599975206,-0.349985716,0.799966249,0.799964900,0.607946162,0.585468337,-0.641867953,-0.318210261,0.787186037,0.781318897,0.835728955,3.992941216,-8.143795352,-3.146632637,0.541264975,0.942603308
9.595000000,0.599970000,0.599970880,-0.599970880,-0.349983224,0.799960361,0.799958776,0.607950498,0.585466564,-0.641868175,-0.318210277,0.787187702,0.781321383,0.834392277,3.993651798,-8.138635320,-3.145486584,0.540739896,0.942111625
9.600000000,0.599965058,0.599966083,-0.599966083,-0.349980460,0.799953831,0.799951985,0.607954112,0.585464890,-0.641868370,-0.318210287,0.787189079,0.781323448,0.833040953,3.993158141,-8.133392693,-3.144339860,0.540215689,0.941604815
9.605000000,0.599959606,0.599960791,-0.599960791,-0.349977411,0.799946627,0.799944493,0.607956990,0.585463469,-0.641868534,-0.318210296,0.787190184,0.781325109,0.831676453,3.992286686,-8.127701291,-3.143083778,0.539688472,0.941081576
9.610000000,0.599953621,0.599954981,-0.599954981,-0.349974064,0.799938718,0.799936268,0.607961317,0.585461204,-0.641868782,-0.318210313,0.787191821,0.781327589,0.830132339,3.992655395,-8.121539827,-3.141728758,0.539035818,0.940475974
9.615000000,0.599947078,0.599948630,-0.599948630,-0.349970405,0.799930073,0.799927277,0.607964914,0.585459196,-0.641869001,-0.318210338,0.787193183,0.781329671,0.828140751,3.990225688,-8.114913439,-3.140264318,0.538552898,0.939858876
9.620000000,0.599939954,0.599941714,-0.599941714,-0.349966421,0.799920659,0.799917487,0.607967758,0.585457519,-0.641869177,-0.318210354,0.787194285,0.781331335,0.826901567,3.990784478,-8.107881521,-3.138716445,0.537750300,0.939196117
9.625200000,0.599931903,0.599933900,-0.599933900,-0.349961919,0.799910021,0.799906424,0.607972021,0.585454825,-0.641869455,-0.318210389,0.787195930,0.781333837,0.824962210,3.989682151,-8.099885384,-3.136958123,0.536996714,0.938426570
9.630000000,0.599923868,0.599926100,-0.599926100,-0.349957426,0.799899404,0.799895382,0.607975576,0.585452473,-0.641869692,-0.318210426,0.787197286,0.781335913,0.823171063,3.988912372,-8.092133469,-3.135248344,0.536250606,0.937686659
9.635000000,0.599914859,0.599917356,-0.599917356,-0.349952388,0.799887501,0.799883003,0.607979123,0.585450024,-0.641869936,-0.318210471,0.787198635,0.781337992,0.821274515,3.987560287,-8.083665711,-3.133387670,0.535446223,0.936872260
9.640000000,0.599905176,0.599907957,-0.599907957,-0.349946973,0.799874707,0.799869697,0.607981935,0.585447976,-0.641870135,-0.318210504,0.787199725,0.781339653,0.819159491,3.986559513,-8.074353999,-3.131309251,0.534603621,0.936027850
9.645000000,0.599894796,0.599897880,-0.599897880,-0.349941168,0.799860990,0.799855432,0.607986143,0.585444758,-0.641870444,-0.318210566,0.787201352,0.781342148,0.816873224,3.986021640,-8.064386477,-3.129093889,0.533665973,0.935086159
9.650000000,0.599883694,0.599887105,-0.599887105,-0.349934961,0.799846322,0.799840178,0.607989650,0.585441960,-0.641870707,-0.318210625,0.787202688,0.781344214,0.814617436,3.985504813,-8.054082533,-3.126803094,0.532680310,0.934117166
9.655000000,0.599871850,0.599875608,-0.599875608,-0.349928337,0.799830672,0.799823902,0.607993120,0.585439061,-0.641870979,-0.318210687,0.787204042,0.781346294,0.812172563,3.983364652,-8.043148452,-3.124385707,0.531699813,0.933085556
9.660000000,0.599859240,0.599863368,-0.599863368,-0.349921286,0.799814010,0.799806574,0.607995895,0.585436688,-0.641871199,-0.318210741,0.787205112,0.781347950,0.809706819,3.981656088,-8.031692521,-3.121839706,0.530660534,0.932022341
9.665000000,0.599845842,0.599850362,-0.599850362,-0.349913793,0.799796307,0.799788163,0.608000039,0.585432970,-0.641871539,-0.318210829,0.787206712,0.781350431,0.807001011,3.981018581,-8.019383850,-3.119100172,0.529501093,0.930855706
9.670000000,0.599831634,0.599836570,-0.599836570,-0.349905848,0.799777533,0.799768638,0.608003487,0.585429745,-0.641871828,-0.318210911,0.787208030,0.781352490,0.804283881,3.980476285,-8.006578305,-3.116244063,0.528289891,0.929654003
9.675000000,0.599816592,0.599821970,-0.599821970,-0.349897436,0.799757659,0.799747969,0.608006895,0.585426404,-0.641872128,-0.318210996,0.787209364,0.781354562,0.801366408,3.977947424,-7.993140457,-3.113267160,0.527088618,0.928383249
9.680000000,0.599800697,0.599806541,-0.599806541,-0.349888547,0.799736655,0.799726126,0.608010312,0.585423010,-0.641872429,-0.318211089,0.787210671,0.781356618,0.798404797,3.977364689,-7.978988256,-3.110107029,0.525757846,0.927055506
9.685000000,0.599783924,0.599790260,-0.599790260,-0.349879168,0.799714493,0.799703078,0.608013686,0.585419462,-0.641872743,-0.318211186,0.787211995,0.781358687,0.795229752,3.974825500,-7.964177242,-3.106819945,0.524432372,0.925655517
9.690000000,0.599766253,0.599773107,-0.599773107,-0.349869286,0.799691144,0.799678796,0.608017065,0.585415854,-0.641873060,-0.318211293,0.787213290,0.781360741,0.792013065,3.974172141,-7.948627106,-3.103345116,0.522976939,0.924195303
9.695000000,0.599747663,0.599755062,-0.599755062,-0.349858890,0.799666580,0.799653249,0.608020403,0.585412085,-0.641873388,-0.318211403,0.787214602,0.781362809,0.788575400,3.971447619,-7.932408893,-3.099743366,0.521526914,0.922659677
9.700000000,0.599728131,0.599736103,-0.599736103,-0.349847968,0.799640772,0.799626409,0.608023746,0.585408258,-0.641873719,-0.318211522,0.787215886,0.781364861,0.785092417,3.970754601,-7.915395265,-3.095938615,0.519940482,0.921060714
9.705000000,0.599707636,0.599716209,-0.599716209,-0.349836507,0.799613692,0.799598246,0.608027047,0.585404268,-0.641874061,-0.318211645,0.787217185,0.781366926,0.781381628,3.967819096,-7.897730766,-3.092014893,0.518359522,0.919383149
9.710000000,0.599686158,0.599695360,-0.599695360,-0.349824496,0.799585312,0.799568731,0.608029681,0.585401036,-0.641874339,-0.318211751,0.787218209,0.781368570,0.777657910,3.965439408,-7.879410713,-3.087932813,0.516701781,0.917658237
9.715000000,0.599663674,0.599673536,-0.599673536,-0.349811923,0.799555603,0.799537835,0.608033617,0.585396033,-0.641874767,-0.318211921,0.787219734,0.781371040,0.773770844,3.964300911,-7.860164811,-3.083641851,0.514907306,0.915815906
9.720000000,0.599640164,0.599650716,-0.599650716,-0.349798776,0.799524539,0.799505529,0.608036848,0.585391679,-0.641875133,-0.318212065,0.787221013,0.781373101,0.769551738,3.962242928,-7.839944189,-3.079123317,0.513086333,0.913915290
9.725000000,0.599615608,0.599626879,-0.599626879,-0.349785044,0.799492093,0.799471785,0.608040070,0.585387244,-0.641875508,-0.318212218,0.787222284,0.781375165,0.765300200,3.959836866,-7.819090453,-3.074473266,0.511203073,0.911938388
9.730000000,0.599589984,0.599602007,-0.599602007,-0.349770715,0.799458235,0.799436574,0.608043265,0.585382703,-0.641875891,-0.318212381,0.787223544,0.781377229,0.760929317,3.957534474,-7.797450305,-3.069646347,0.509241398,0.909883122
9.735000000,0.599563273,0.599576079,-0.599576079,-0.349755777,0.799422941,0.799399868,0.608046454,0.585378091,-0.641876278,-0.318212553,0.787224778,0.781379278,0.756424691,3.956715983,-7.774862902,-3.064586700,0.507150505,0.907749473
9.740000000,0.599535453,0.599549075,-0.599549075,-0.349740220,0.799386181,0.799361639,0.608049602,0.585373316,-0.641876676,-0.318212729,0.787226029,0.781381343,0.751682169,3.953189894,-7.751612372,-3.059414033,0.505068916,0.905526886
9.745000000,0.599506505,0.599520975,-0.599520975,-0.349724032,0.799347931,0.799321860,0.608052729,0.585368476,-0.641877083,-0.318212915,0.787227266,0.781383407,0.746833990,3.950542275,-7.727435734,-3.054020567,0.502883630,0.903223977
9.750000000,0.599476407,0.599491760,-0.599491760,-0.349707201,0.799308163,0.799280501,0.608055825,0.585363498,-0.641877500,-0.318213112,0.787228493,0.781385472,0.741822520,3.948273065,-7.702332550,-3.048412422,0.500606025,0.900835875
9.755000000,0.599445142,0.599461411,-0.599461411,-0.349689717,0.799266850,0.799237537,0.608058896,0.585358381,-0.641877926,-0.318213318,0.787229712,0.781387538,0.736656790,3.945743140,-7.676378390,-3.042617341,0.498254549,0.898361104
9.760000000,0.599412687,0.599429909,-0.599429909,-0.349671568,0.799223968,0.799192940,0.608061339,0.585354242,-0.641878270,-0.318213486,0.787230675,0.781389183,0.731375360,3.942692871,-7.649675609,-3.036657353,0.495844458,0.895819849
9.765000000,0.599379025,0.599397233,-0.599397233,-0.349652744,0.799179488,0.799146682,0.608064961,0.585347840,-0.641878804,-0.318213754,0.787232125,0.781391671,0.725835602,3.940311914,-7.621791931,-3.030430876,0.493312291,0.893145554
9.770000000,0.599344134,0.599363366,-0.599363366,-0.349633232,0.799133387,0.799098737,0.608067948,0.585342380,-0.641879257,-0.318213987,0.787233317,0.781393740,0.720168957,3.937581594,-7.593099810,-3.024022744,0.490714239,0.890401873
9.775000000,0.599307996,0.599328287,-0.599328287,-0.349613024,0.799085637,0.799049078,0.608070910,0.585336810,-0.641879720,-0.318214229,0.787234499,0.781395809,0.714324360,3.934851882,-7.563444793,-3.017397589,0.488028360,0.887565198
9.780000000,0.599270592,0.599291980,-0.599291980,-0.349592107,0.799036213,0.798997679,0.608073840,0.585331126,-0.641880192,-0.318214481,0.787235672,0.781397880,0.708304069,3.932083679,-7.532833016,-3.010557663,0.485256028,0.884634736
9.785000000,0.599231902,0.599254424,-0.599254424,-0.349570471,0.798985091,0.798944512,0.608076739,0.585325330,-0.641880674,-0.318214744,0.787236834,0.781399952,0.702107741,3.929233317,-7.501256460,-3.003502001,0.482396944,0.881608925
9.790000000,0.599191906,0.599215602,-0.599215602,-0.349548105,0.798932244,0.798889552,0.608079606,0.585319420,-0.641881165,-0.318215018,0.787237985,0.781402026,0.695732166,3.926349537,-7.468694588,-2.996225097,0.479448647,0.878486444
9.795000000,0.599150588,0.599175494,-0.599175494,-0.349524999,0.798877648,0.798832774,0.608081892,0.585314677,-0.641881563,-0.318215248,0.787238885,0.781403678,0.689426305,3.923223936,-7.435483590,-2.988810555,0.476428148,0.875291676
9.800000000,0.599107926,0.599134084,-0.599134084,-0.349501142,0.798821278,0.798774150,0.608085245,0.585307308,-0.641882175,-0.318215596,0.787240251,0.781406173,0.682502628,3.920760479,-7.400609717,-2.981005571,0.473270782,0.871947874
9.805000000,0.599063903,0.599091352,-0.599091352,-0.349476524,0.798763110,0.798713656,0.608087460,0.585302274,-0.641882595,-0.318215840,0.787241160,0.781407848,0.675621515,3.915900346,-7.365304282,-2.973135967,0.470119483,0.868548245
9.810000000,0.599018500,0.599047280,-0.599047280,-0.349451134,0.798703118,0.798651265,0.608090200,0.585295956,-0.641883123,-0.318216154,0.787242268,0.781409926,0.668497118,3.913103185,-7.328639001,-2.964934335,0.466794363,0.865025216
9.815000000,0.598971700,0.599001852,-0.599001852,-0.349424963,0.798641279,0.798586954,0.608093440,0.585288151,-0.641883775,-0.318216548,0.787243589,0.781412429,0.661140721,3.910712972,-7.290772208,-2.956460593,0.463351173,0.861376663
9.820000000,0.598923482,0.598955048,-0.598955048,-0.349397999,0.798577568,0.798520695,0.608095567,0.585282823,-0.641884221,-0.318216821,0.787244465,0.781414108,0.653768569,3.905791099,-7.252407713,-2.947907764,0.459913872,0.857668812
9.825200000,0.598871814,0.598904895,-0.598904895,-0.349369106,0.798509297,0.798449695,0.608098722,0.585274775,-0.641884897,-0.318217243,0.787245756,0.781416615,0.645719444,3.903014099,-7.210822130,-2.938602610,0.456137558,0.853657621
9.830000000,0.598822725,0.598857246,-0.598857246,-0.349341655,0.798444435,0.798382240,0.608101320,0.585267988,-0.641885470,-0.318217612,0.787246805,0.781418699,0.638333240,3.900996838,-7.171586310,-2.929819395,0.452548954,0.849867899
9.835000000,0.598770150,0.598806212,-0.598806212,-0.349312254,0.798374966,0.798309993,0.608103343,0.585262363,-0.641885941,-0.318217911,0.787247654,0.781420379,0.630150934,3.895996714,-7.129753732,-2.920480273,0.448807626,0.845833580
9.840000000,0.598716087,0.598753734,-0.598753734,-0.349282021,0.798303531,0.798235701,0.608106351,0.585253802,-0.641886662,-0.318218378,0.787248916,0.781422912,0.621862093,3.891818738,-7.086686827,-2.910866223,0.444926339,0.841648778
9.845000000,0.598660517,0.598699794,-0.598699794,-0.349250946,0.798230105,0.798159340,0.608108827,0.585246647,-0.641887267,-0.318218778,0.787249934,0.781425002,0.613337051,3.889349458,-7.042296316,-2.900920567,0.440891045,0.837372619
9.850000000,0.598603424,0.598644375,-0.598644375,-0.349219019,0.798154667,0.798080886,0.608111254,0.585239254,-0.641887892,-0.318219194,0.787250956,0.781427117,0.604699380,3.884804685,-6.997113132,-2.890832873,0.436821479,0.832985599
9.855000000,0.598544791,0.598587461,-0.598587461,-0.349186231,0.798077192,0.798000314,0.608113168,0.585233290,-0.641888396,-0.318219534,0.787251761,0.781428803,0.595888693,3.880015827,-6.950922479,-2.880518921,0.432661988,0.828506976
9.860000000,0.598484599,0.598529034,-0.598529034,-0.349152571,0.797997660,0.797917601,0.608115522,0.585225701,-0.641889036,-0.318219968,0.787252761,0.781430917,0.586827155,3.875692840,-6.903425985,-2.869908963,0.428372354,0.823891512
9.865000000,0.598422832,0.598469078,-0.598469078,-0.349118030,0.797916045,0.797832723,0.608118300,0.585216410,-0.641889816,-0.318220499,0.787253950,0.781433454,0.577469079,3.872411623,-6.854493683,-2.858962740,0.423932639,0.819137118
9.870000000,0.598359473,0.598407577,-0.598407577,-0.349082599,0.797832327,0.797745658,0.608120131,0.585210133,-0.641890341,-0.318220858,0.787254737,0.781435145,0.568023523,3.867336992,-6.804865615,-2.847883887,0.419454704,0.814309321
9.875000000,0.598294505,0.598344514,-0.598344514,-0.349046268,0.797746483,0.797656382,0.608122835,0.585200562,-0.641891136,-0.318221400,0.787255913,0.781437682,0.558235370,3.864020202,-6.753560352,-2.836405663,0.414796395,0.809318535
9.880000000,0.598227911,0.598279873,-0.598279873,-0.349009028,0.797658491,0.797564872,0.608125064,0.585192463,-0.641891806,-0.318221857,0.787256888,0.781439798,0.548299179,3.859587156,-6.701333599,-2.824736588,0.410068732,0.804229867
9.885000000,0.598159675,0.598213638,-0.598213638,-0.348970870,0.797568329,0.797471105,0.608127254,0.585184258,-0.641892481,-0.318222320,0.787257858,0.781441914,0.538135781,3.855376313,-6.647853128,-2.812782243,0.405221708,0.799019858
9.890000000,0.598089781,0.598145793,-0.598145793,-0.348931784,0.797475975,0.797375058,0.608129400,0.585175909,-0.641893162,-0.318222784,0.787258826,0.781444031,0.527763513,3.850774689,-6.593214188,-2.800575417,0.400272100,0.793687471
9.895000000,0.598018211,0.598076321,-0.598076321,-0.348891761,0.797381408,0.797276710,0.608131525,0.585167414,-0.641893750,-0.318223258,0.787259797,0.781446144,0.517162730,3.846218330,-6.537377621,-2.788097991,0.395211088,0.788233097
9.900200000,0.597941983,0.598002329,-0.598002329,-0.348849134,0.797280687,0.797171962,0.608133191,0.585160552,-0.641894304,-0.318223636,0.787260565,0.781447839,0.505980122,3.840269573,-6.478258620,-2.774904538,0.389866362,0.782453025
9.905000000,0.597869980,0.597932438,-0.597932438,-0.348808869,0.797185547,0.797073018,0.608135655,0.585150064,-0.641895145,-0.318224207,0.787261719,0.781450388,0.495279219,3.837331377,-6.421818926,-2.762269839,0.384727214,0.776945677
9.910000000,0.597793288,0.597857994,-0.597857994,-0.348765982,0.797084212,0.796967631,0.608137667,0.585141168,-0.641895853,-0.318224688,0.787262674,0.781452512,0.484003245,3.832506515,-6.362208320,-2.748951938,0.379321771,0.771112334
9.915000000,0.597714856,0.597781862,-0.597781862,-0.348722122,0.796980578,0.796859854,0.608139645,0.585132175,-0.641896568,-0.318225174,0.787263622,0.781454636,0.472498846,3.827629227,-6.301325305,-2.735349542,0.373799700,0.765150942
9.920200000,0.597631426,0.597700878,-0.597700878,-0.348675466,0.796870338,0.796745206,0.608141628,0.585122895,-0.641896093,-0.318225808,0.787264622,0.781456585,0.460265405,3.823973118,-6.242341487,-2.722116579,0.367797669,0.758852027
9.925000000,0.597552713,0.597624473,-0.597624473,-0.348631449,0.796766333,0.796637042,0.608143748,0.585113494,-0.641892021,-0.318226303,0.787265722,0.781458330,0.448855234,3.817918655,-6.196997601,-2.712108072,0.362102495,0.752871389
9.930000000,0.597468969,0.597543185,-0.597543185,-0.348584619,0.796655680,0.796521966,0.608145991,0.585103556,-0.641881042,-0.318226594,0.787266940,0.781460209,0.437077573,3.805094150,-6.162329400,-2.704623788,0.356115802,0.746519627
9.935000000,0.597383424,0.597460149,-0.597460149,-0.348536781,0.796542648,0.796404414,0.608148223,0.585093093,-0.641858236,-0.318226838,0.787268156,0.781462079,0.425356571,3.794052344,-6.140907997,-2.700109729,0.349805159,0.740031498
9.940000000,0.597296063,0.597375349,-0.597375349,-0.348487928,0.796427215,0.796284365,0.608150438,0.585081883,-0.641821213,-0.318227067,0.787269414,0.781463998,0.413650586,3.773239607,-6.130685025,-2.698311015,0.343532171,0.733404075
9.945000000,0.597206870,0.597288771,-0.597288771,-0.348438050,0.796309361,0.796161800,0.608152185,0.585072799,-0.641780325,-0.318227247,0.787270410,0.781465522,0.401745464,3.753395047,-6.113828457,-2.694987594,0.337179903,0.726665221
9.950000000,0.597115829,0.597200400,-0.597200400,-0.348387139,0.796189067,0.796036696,0.608154751,0.585058543,-0.641698888,-0.318227508,0.787271912,0.781467820,0.390039399,3.729240964,-6.133465966,-2.700033699,0.330401935,0.719735439
9.955000000,0.597022928,0.597110223,-0.597110223,-0.348335188,0.796066314,0.795909035,0.608156841,0.585046278,-0.641612116,-0.318227720,0.787273159,0.781469730,0.378071802,3.706101170,-6.140586851,-2.702219974,0.323604050,0.712693866
9.960000000,0.596928150,0.597018224,-0.597018224,-0.348282187,0.795941081,0.795778795,0.608158898,0.585033573,-0.641509954,-0.318227929,0.787274436,0.781471676,0.365915425,3.676500882,-6.152626015,-2.705638467,0.316806562,0.705510924
9.965000000,0.596831481,0.596924389,-0.596924389,-0.348228128,0.795813350,0.795645957,0.608160922,0.585020833,-0.641393153,-0.318228136,0.787275695,0.781473595,0.353495571,3.651955536,-6.163355288,-2.708673712,0.309731912,0.698189728
9.970000000,0.596732906,0.596828705,-0.596828705,-0.348173004,0.795683101,0.795510500,0.608162893,0.585007463,-0.641263304,-0.318228338,0.787276981,0.781475551,0.340956662,3.621531844,-6.177060993,-2.712490577,0.302661717,0.690726201
9.975000000,0.596632412,0.596731158,-0.596731158,-0.348116807,0.795550315,0.795372405,0.608164836,0.584994076,-0.641121477,-0.318228536,0.787278250,0.781477475,0.328050047,3.596371496,-6.187883091,-2.715564545,0.295316448,0.683121763
9.980400000,0.596521706,0.596623698,-0.596623698,-0.348054899,0.795404035,0.795220277,0.608166732,0.584980192,-0.640969302,-0.318228731,0.787279544,0.781479435,0.313919296,3.563085113,-6.195237335,-2.718010734,0.287460658,0.674758953
9.985000000,0.596425607,0.596530417,-0.596530417,-0.348001159,0.795277058,0.795088223,0.608168233,0.584969015,-0.640840647,-0.318228885,0.787280572,0.781480987,0.301486581,3.539565834,-6.195153003,-2.718570951,0.280557212,0.667509910
9.990000000,0.596319269,0.596427197,-0.596427197,-0.347941694,0.795136550,0.794942097,0.608170434,0.584951781,-0.640637192,-0.318229109,0.787282121,0.781483326,0.288210380,3.506474142,-6.226282668,-2.726407810,0.272790272,0.659446824
9.995000000,0.596210954,0.596322058,-0.596322058,-0.347881123,0.794993431,0.794793255,0.608172223,0.584937289,-0.640458814,-0.318229293,0.787283404,0.781485261,0.274258196,3.480881382,-6.234421333,-2.728896205,0.264898475,0.651265119
10.000000000,0.596100649,0.596214988,-0.596214988,-0.347819439,0.794847682,0.794641680,0.608173963,0.584922257,-0.640275025,-0.318229475,0.787284714,0.781487236,0.260289391,3.447553122,-6.242374016,-2.731482404,0.257103907,0.642938854
10.005000000,0.595988341,0.596105973,-0.596105973,-0.347756635,0.794699287,0.794487351,0.608175664,0.584907257,-0.640086384,-0.318229653,0.787286003,0.781489176,0.245723323,3.423628040,-6.245438574,-2.732798592,0.248916154,0.634463781
10.010000000,0.595874017,0.595995000,-0.595995000,-0.347692703,0.794548226,0.794330250,0.608176990,0.584894876,-0.639932685,-0.318229792,0.787287048,0.781490749,0.230830318,3.397804042,-6.231098518,-2.730200069,0.240833783,0.625867714
10.015000000,0.595757661,0.595882057,-0.595882057,-0.347627636,0.794394483,0.794170360,0.608178594,0.584878905,-0.639737146,-0.318229962,0.787288367,0.781492737,0.216070614,3.364862736,-6.237197910,-2.732373356,0.232591847,0.617094894
10.020200000,0.595634483,0.595762491,-0.595762491,-0.347558754,0.794231725,0.794001094,0.608180470,0.584859431,-0.639496182,-0.318230160,0.787289942,0.781495109,0.200555635,3.331006704,-6.258487908,-2.738027165,0.223673501,0.607788069
10.025000000,0.595518806,0.595650206,-0.595650206,-0.347494066,0.794078877,0.793842135,0.608181985,0.584843106,-0.639290896,-0.318230322,0.787291246,0.781497069,0.185661480,3.305771266,-6.262919032,-2.739688941,0.215272667,0.599066851
10.030000000,0.595396281,0.595531273,-0.595531273,-0.347425548,0.793916981,0.793673766,0.608183441,0.584826147,-0.639083456,-0.318230481,0.787292576,0.781499071,0.170105194,3.271999431,-6.263477173,-2.740634911,0.206652001,0.589840757
10.035000000,0.595271672,0.595410318,-0.595410318,-0.347355866,0.793752332,0.793502534,0.608184859,0.584809283,-0.638873923,-0.318230635,0.787293884,0.781501036,0.153936078,3.247500379,-6.259745180,-2.740449294,0.197628166,0.580459677
10.040000000,0.595144968,0.595287329,-0.595287329,-0.347285011,0.793584915,0.793328423,0.608186220,0.584791736,-0.638662590,-0.318230786,0.787295217,0.781503042,0.137783444,3.214686343,-6.258525683,-2.740985772,0.188679034,0.570924689
10.045000000,0.595016156,0.595162294,-0.595162294,-0.347212978,0.793414711,0.793151415,0.608187278,0.584777736,-0.638491873,-0.318230905,0.787296273,0.781504629,0.120982271,3.189525087,-6.236779014,-2.736730333,0.179562154,0.561261400
10.050000000,0.594885222,0.595035200,-0.595035200,-0.347139759,0.793241706,0.792971492,0.608188812,0.584756327,-0.638232419,-0.318231079,0.787297857,0.781507013,0.104711588,3.160407810,-6.254533998,-2.741508921,0.170000208,0.551390205
10.055000000,0.594752156,0.594906035,-0.594906035,-0.347065346,0.793065881,0.792788637,0.608190025,0.584737823,-0.638012275,-0.318231216,0.787299196,0.781509029,0.087584727,3.123687524,-6.256106834,-2.742779489,0.160629814,0.541380845
10.060000000,0.594616944,0.594774788,-0.594774788,-0.346989734,0.792887222,0.792602835,0.608190958,0.584723105,-0.637834085,-0.318231326,0.787300254,0.781510620,0.070060943,3.099504340,-6.233576092,-2.738346786,0.151016096,0.531247905
10.065000000,0.594479574,0.594641446,-0.594641446,-0.346912915,0.792705711,0.792414067,0.608192305,0.584700117,-0.637563511,-0.318231484,0.787301872,0.781513059,0.053084906,3.056178412,-6.256294372,-2.744533720,0.141325009,0.520897560
10.070000000,0.594340034,0.594505998,-0.594505998,-0.346834883,0.792521334,0.792222317,0.608193381,0.584681206,-0.637333519,-0.318231612,0.787303191,0.781515039,0.035131010,3.031597299,-6.252572445,-2.744391587,0.131181107,0.510415416
10.075000000,0.594198312,0.594368432,-0.594368432,-0.346755631,0.792334073,0.792027569,0.608194226,0.584665801,-0.637147715,-0.318231710,0.787304258,0.781516640,0.019361571,2.911462881,-6.259447010,-2.748383057,0.123720404,0.499840558
10.080000000,0.594054397,0.594228736,-0.594228736,-0.346675152,0.792143913,0.791829807,0.608195167,0.584645863,-0.636913233,-0.318231831,0.787305602,0.781518662,-0.001500717,2.969346853,-6.225730896,-2.739946670,0.111018806,0.488996412
10.085000000,0.593908276,0.594086900,-0.594086900,-0.346593439,0.791950840,0.791629013,0.608196307,0.584621530,-0.636627648,-0.318231965,0.787307216,0.781521089,-0.017079761,2.839476801,-6.277266649,-2.754272224,0.103035743,0.478040645
10.090000000,0.593759938,0.593942911,-0.593942911,-0.346510487,0.791754836,0.791425173,0.608197134,0.584600825,-0.636385682,-0.318232076,0.787308568,0.781523120,-0.038574045,2.898519816,-6.241096109,-2.745266918,0.089992193,0.466870006
10.095000000,0.593609371,0.593796759,-0.593796759,-0.346426288,0.791555888,0.791218271,0.608197963,0.584580086,-0.636142281,-0.318232185,0.787309919,0.781525152,-0.057537080,2.859409300,-6.237414698,-2.745420335,0.079469218,0.455578023
10.100000000,0.593456564,0.593648433,-0.593648433,-0.346340837,0.791353980,0.791008290,0.608198574,0.584563660,-0.635944810,-0.318232271,0.787310981,0.781526747,-0.077194295,2.829452381,-6.213284700,-2.740770734,0.068718185,0.444147142
10.105000000,0.593301505,0.593497921,-0.593497921,-0.346254126,0.791149097,0.790795215,0.608199460,0.584538977,-0.635643175,-0.318232399,0.787312570,0.781529134,-0.096085175,2.792650581,-6.237003913,-2.747103963,0.057524253,0.432499413
10.110000000,0.593144184,0.593345213,-0.593345213,-0.346166151,0.790941225,0.790579032,0.608200130,0.584518003,-0.635385767,-0.318232501,0.787313904,0.781531139,-0.115987592,2.747524952,-6.241692991,-2.749296665,0.046552705,0.420702357
10.115000000,0.592984590,0.593190299,-0.593190299,-0.346076904,0.790730349,0.790359724,0.608200761,0.584497223,-0.635124246,-0.318232606,0.787315231,0.781533129,-0.135873070,2.705140200,-6.242262293,-2.750497768,0.035409627,0.408746730
10.120000000,0.592822711,0.593033166,-0.593033166,-0.345986379,0.790516454,0.790137277,0.608201234,0.584480821,-0.634912330,-0.318232689,0.787316277,0.781534694,-0.156599885,2.672443941,-6.216814284,-2.745620751,0.024075809,0.396650206
10.125000000,0.592658537,0.592873806,-0.592873806,-0.345894571,0.790299526,0.789911676,0.608201878,0.584456252,-0.634589554,-0.318232812,0.787317834,0.781537023,-0.176732743,2.632806523,-6.243029013,-2.752610404,0.012237272,0.384331073
10.130000000,0.592492056,0.592712207,-0.592712207,-0.345801473,0.790079551,0.789682905,0.608202359,0.584435459,-0.634315174,-0.318232913,0.787319142,0.781538981,-0.197518865,2.585698548,-6.244602225,-2.754138946,0.000698964,0.371865881
10.135000000,0.592323259,0.592548360,-0.592548360,-0.345707080,0.789856514,0.789450952,0.608202798,0.584414840,-0.634037316,-0.318233015,0.787320442,0.781540923,-0.218470228,2.541493650,-6.243969768,-2.755123354,-0.011061227,0.359236324
10.140000000,0.592152135,0.592382253,-0.592382253,-0.345611385,0.789630403,0.789215800,0.608203098,0.584398520,-0.633812578,-0.318233096,0.787321465,0.781542449,-0.240308090,2.506748912,-6.216701183,-2.749893601,-0.023006927,0.346461810
10.145000000,0.591978673,0.592213878,-0.592213878,-0.345514384,0.789401204,0.788977436,0.608203496,0.584374112,-0.633470825,-0.318233214,0.787322989,0.781544718,-0.261548050,2.463169529,-6.243622643,-2.757136281,-0.035429404,0.333460063
10.150000000,0.591802864,0.592043223,-0.592043223,-0.345416069,0.789168902,0.788735846,0.608203782,0.584353554,-0.633180641,-0.318233314,0.787324267,0.781546624,-0.283338414,2.414310764,-6.245198234,-2.758724205,-0.047606375,0.320313607
10.155200000,0.591617520,0.591863315,-0.591863315,-0.345312423,0.788924002,0.788481155,0.608204007,0.584333206,-0.632887072,-0.318233414,0.787325534,0.781548507,-0.306332528,2.367197177,-6.238697331,-2.758466832,-0.060469711,0.306467455
10.160000000,0.591444161,0.591695038,-0.591695038,-0.345215478,0.788694938,0.788242932,0.608204192,0.584313427,-0.632589984,-0.318233513,0.787326766,0.781550330,-0.327758851,2.334086674,-6.239331115,-2.759542956,-0.072877873,0.293512898
10.165200000,0.591253881,0.591510338,-0.591510338,-0.345109072,0.788443516,0.787981458,0.608204301,0.584293067,-0.632289410,-0.318233610,0.787328019,0.781552190,-0.351708465,2.283086886,-6.234774838,-2.759821918,-0.086053404,0.279295278
10.170000000,0.591075946,0.591337621,-0.591337621,-0.345009568,0.788208406,0.787736947,0.608204380,0.584272864,-0.631985052,-0.318233707,0.787329264,0.781554036,-0.373581001,2.234297685,-6.240380758,-2.762335574,-0.098406356,0.266000207
10.175000000,0.590888248,0.591155426,-0.591155426,-0.344904605,0.787960395,0.787479020,0.608204389,0.584252819,-0.631676774,-0.318233805,0.787330495,0.781555858,-0.396695608,2.185508431,-6.239713448,-2.763444728,-0.111436651,0.251986342
10.180000000,0.590698142,0.590970895,-0.590970895,-0.344798296,0.787709203,0.787217785,0.608204367,0.584236951,-0.631427478,-0.318233882,0.787331469,0.781557294,-0.420732255,2.145605320,-6.209841040,-2.757766761,-0.124617420,0.237821397
10.185200000,0.590497869,0.590776494,-0.590776494,-0.344686301,0.787444577,0.786942578,0.608204265,0.584213213,-0.631048483,-0.318233995,0.787332915,0.781559426,-0.445268596,2.094379414,-6.234209073,-2.764634671,-0.138808463,0.222848754
10.190000000,0.590310672,0.590594787,-0.590594787,-0.344581619,0.787197229,0.786685341,0.608204121,0.584193289,-0.630726425,-0.318234090,0.787334123,0.781561208,-0.468066277,2.041866324,-6.243539580,-2.768086426,-0.151774317,0.208875250
10.195000000,0.590113289,0.590403191,-0.590403191,-0.344471240,0.786936421,0.786414105,0.608203952,0.584177647,-0.630465746,-0.318234166,0.787335073,0.781562602,-0.490496745,1.915103257,-6.242825986,-2.770639061,-0.163111540,0.194217616
10.200000000,0.589913462,0.590209223,-0.590209223,-0.344359494,0.786672384,0.786139511,0.608203651,0.584154347,-0.630070771,-0.318234279,0.787336487,0.781564673,-0.517236974,1.949057505,-6.238029990,-2.769330766,-0.179574620,0.179247521
10.205000000,0.589711181,0.590012874,-0.590012874,-0.344246377,0.786405105,0.785861546,0.608203329,0.584134779,-0.629737988,-0.318234373,0.787337668,0.781566404,-0.542165958,1.895599960,-6.237211048,-2.770530479,-0.193559461,0.164163711
10.210000000,0.589506439,0.589814135,-0.589814135,-0.344131882,0.786134573,0.785580197,0.608202945,0.584115291,-0.629401383,-0.318234467,0.787338837,0.781568116,-0.567233016,1.842054417,-6.236327756,-2.771724427,-0.207713265,0.148902447
10.215000000,0.589299225,0.589612997,-0.589612997,-0.344016006,0.785860775,0.785295453,0.608202607,0.584099886,-0.629129237,-0.318234540,0.787339760,0.781569462,-0.593284801,1.798505399,-6.204203121,-2.765647768,-0.222038601,0.133484636
10.220000000,0.589089531,0.589409452,-0.589409452,-0.343898743,0.785583702,0.785007301,0.608202013,0.584076863,-0.628715503,-0.318234649,0.787341127,0.781571454,-0.618644049,1.743015888,-6.237826798,-2.774728077,-0.236870594,0.117829181
10.225000000,0.588877349,0.589203492,-0.589203492,-0.343780088,0.785303340,0.784715729,0.608201568,0.584061627,-0.628434942,-0.318234721,0.787342029,0.781572765,-0.645023986,1.698698793,-6.207231034,-2.769028893,-0.251546054,0.102051655
10.230000000,0.588662670,0.588995108,-0.588995108,-0.343660037,0.785019679,0.784420727,0.608200824,0.584038361,-0.628008859,-0.318234830,0.787343400,0.781574764,-0.670687556,1.628999763,-6.244716824,-2.779258132,-0.266357286,0.086031106
10.235000000,0.588445486,0.588784292,-0.588784292,-0.343538585,0.784732707,0.784122281,0.608200140,0.584019718,-0.627647529,-0.318234919,0.787344497,0.781576348,-0.697421513,1.582431024,-6.243058906,-2.780187599,-0.281647760,0.069858136
10.240000000,0.588225788,0.588571036,-0.588571036,-0.343415728,0.784442415,0.783820382,0.608199390,0.584000725,-0.627283151,-0.318235009,0.787345613,0.781577963,-0.724446170,1.523336330,-6.241311861,-2.781327414,-0.296754683,0.053497953
10.245000000,0.588003569,0.588355333,-0.588355333,-0.343291460,0.784148790,0.783515018,0.608198735,0.583985832,-0.626989182,-0.318235080,0.787346484,0.781579216,-0.752157976,1.477793787,-6.206140393,-2.774637489,-0.312098104,0.036984870
10.250000000,0.587778820,0.588137174,-0.588137174,-0.343165778,0.783851823,0.783206177,0.608197730,0.583963616,-0.626543321,-0.318235185,0.787347781,0.781581082,-0.776806661,1.329231106,-6.269459862,-2.792219374,-0.325474222,0.020270656
10.255000000,0.587551533,0.587916552,-0.587916552,-0.343038677,0.783551503,0.782893849,0.608196760,0.583944891,-0.626166496,-0.318235273,0.787348863,0.781582636,-0.806911900,1.356072475,-6.237252289,-2.784886305,-0.343486917,0.003318787
10.260000000,0.587321700,0.587693458,-0.587693458,-0.342910152,0.783247819,0.782578023,0.608195752,0.583926404,-0.625787749,-0.318235360,0.787349936,0.781584172,-0.835104181,1.297668549,-6.233620126,-2.785618931,-0.359342710,-0.013779076
10.265000000,0.587089315,0.587467887,-0.587467887,-0.342780199,0.782940761,0.782258689,0.608194677,0.583907933,-0.625405152,-0.318235446,0.787350995,0.781585689,-0.863352859,1.237151763,-6.232523301,-2.786973540,-0.375342145,-0.031062337
10.270000000,0.586854368,0.587239829,-0.587239829,-0.342648814,0.782630320,0.781935835,0.608193553,0.583890030,-0.625018129,-0.318235533,0.787352018,0.781587142,-0.891983315,1.188047485,-6.228160749,-2.787374418,-0.391824940,-0.048529078
10.275000000,0.586616853,0.587009279,-0.587009279,-0.342515993,0.782316485,0.781609452,0.608192326,0.583871627,-0.624626886,-0.318235615,0.787353060,0.781588625,-0.921191515,1.124022628,-6.229491676,-2.789370773,-0.408162214,-0.066196437
10.280000000,0.586376761,0.586776227,-0.586776227,-0.342381731,0.781999246,0.781279529,0.608191313,0.583857260,-0.624310422,-0.318235682,0.787353871,0.781589775,-0.950911660,1.074573230,-6.193584707,-2.782639385,-0.424710744,-0.084015476
10.285000000,0.586134087,0.586540669,-0.586540669,-0.342246025,0.781678594,0.780946056,0.608189976,0.583839042,-0.623910592,-0.318235764,0.787354893,0.781591225,-0.980491682,1.009191588,-6.196667395,-2.785062394,-0.441387086,-0.102057192
10.290000000,0.585888822,0.586302596,-0.586302596,-0.342108870,0.781354519,0.780609024,0.608188216,0.583817532,-0.623421060,-0.318235860,0.787356088,0.781592910,-1.008805590,0.941619087,-6.242650014,-2.797288705,-0.458599728,-0.120310628
10.295000000,0.585640960,0.586062002,-0.586062002,-0.341970263,0.781027011,0.780268422,0.608185730,0.583799557,-0.623006138,-0.318235940,0.787357159,0.781594364,-1.038304194,0.873401338,-6.244588111,-2.799524454,-0.475566620,-0.138738426
10.300000000,0.585390493,0.585818879,-0.585818879,-0.341830199,0.780696063,0.779924241,0.608178668,0.583781775,-0.622588000,-0.318236016,0.787358334,0.781595989,-1.063738398,0.808722423,-6.241826453,-2.800667307,-0.492647371,-0.157359606
10.305000000,0.585137415,0.585573222,-0.585573222,-0.341688675,0.780361663,0.779576472,0.608159554,0.583764524,-0.622167013,-0.318236084,0.787359496,0.781597614,-1.083012128,0.671076163,-6.261952366,-2.808381158,-0.507739705,-0.176119235
10.310000000,0.584881718,0.585325023,-0.585325023,-0.341545686,0.780023805,0.779225105,0.608122542,0.583746751,-0.621744302,-0.318236151,0.787360686,0.781599288,-1.102230161,0.687806329,-6.226218088,-2.800581814,-0.527152049,-0.195154660
10.315000000,0.584623397,0.585074276,-0.585074276,-0.341401230,0.779682477,0.778870130,0.608062914,0.583729039,-0.621320124,-0.318236216,0.787361865,0.781600948,-1.116791579,0.621635633,-6.220476766,-2.801144169,-0.544395397,-0.214334181
10.320000000,0.584362444,0.584820974,-0.584820974,-0.341255302,0.779337673,0.778511540,0.607977375,0.583711332,-0.620892231,-0.318236278,0.787363037,0.781602600,-1.128969486,0.553036823,-6.217817056,-2.802472171,-0.561720553,-0.233705324
10.325000000,0.584098853,0.584565113,-0.584565113,-0.341107899,0.778989383,0.778149324,0.607888744,0.583697323,-0.620546857,-0.318236326,0.787363966,0.781603903,-1.144379559,0.496073616,-6.176559109,-2.794811498,-0.579268048,-0.253243880
10.330000000,0.583832617,0.584306684,-0.584306684,-0.340959017,0.778637599,0.777783475,0.607719770,0.583676355,-0.620022645,-0.318236395,0.787365349,0.781605844,-1.147567818,0.422094158,-6.218485572,-2.806425999,-0.597016978,-0.273026398
10.335000000,0.583563731,0.584045682,-0.584045682,-0.340808653,0.778282313,0.777413983,0.607544587,0.583658808,-0.619578676,-0.318236452,0.787366513,0.781607477,-1.155091965,0.347941682,-6.219838733,-2.808817972,-0.614650582,-0.292975423
10.340000000,0.583292188,0.583782101,-0.583782101,-0.340656803,0.777923515,0.777040841,0.607381899,0.583645069,-0.619220372,-0.318236497,0.787367434,0.781608760,-1.167648203,0.289203444,-6.177895077,-2.801075241,-0.632619915,-0.313092999
10.345000000,0.583017982,0.583515936,-0.583515936,-0.340503464,0.777561200,0.776664039,0.607150237,0.583627755,-0.618768424,-0.318236552,0.787368594,0.781610378,-1.173626441,0.215944294,-6.181102154,-2.803898235,-0.650626714,-0.333430090
10.350000000,0.582741108,0.583247180,-0.583247180,-0.340348633,0.777195358,0.776283569,0.606829762,0.583607170,-0.618216146,-0.318236614,0.787369965,0.781612284,-1.171629475,0.134948985,-6.231112913,-2.817543811,-0.668854221,-0.353989094
10.355000000,0.582461558,0.582975827,-0.582975827,-0.340192305,0.776825981,0.775899424,0.606527474,0.583590157,-0.617749009,-0.318236668,0.787371122,0.781613885,-1.175987346,0.058172421,-6.232052797,-2.819946018,-0.687066837,-0.374715250
10.360000000,0.582179328,0.582701873,-0.582701873,-0.340034479,0.776453063,0.775511596,0.606194150,0.583573183,-0.617278377,-0.318236715,0.787372248,0.781615423,-1.178501635,-0.081451988,-6.251729303,-2.827784977,-0.703671338,-0.395592852
10.365000000,0.581894412,0.582425311,-0.582425311,-0.339875151,0.776076596,0.775120076,0.605904814,0.583555336,-0.616899471,-0.318236678,0.787373125,0.781616751,-1.190289305,-0.044950094,-6.182834976,-2.812240481,-0.725154911,-0.416726690
10.370000000,0.581606804,0.582146136,-0.582146136,-0.339714317,0.775696571,0.774724858,0.605432233,0.583523359,-0.616324951,-0.318236631,0.787374300,0.781618813,-1.185394742,-0.096902663,-6.225883594,-2.823843122,-0.744794034,-0.438078196
10.375000000,0.581316499,0.581864344,-0.581864344,-0.339551975,0.775312983,0.774325932,0.605003768,0.583489460,-0.615837409,-0.318236634,0.787375218,0.781620638,-1.189709964,-0.150682543,-6.238575471,-2.828473922,-0.764389893,-0.459580234
10.380000000,0.581023491,0.581579928,-0.581579928,-0.339388122,0.774925824,0.773923294,0.604544398,0.583446913,-0.615343543,-0.318236710,0.787376117,0.781622287,-1.192132537,-0.117899303,-6.222655761,-2.825018769,-0.786576625,-0.481292647
10.385200000,0.580715890,0.581281346,-0.581281346,-0.339216108,0.774519383,0.773500602,0.604054535,0.583394392,-0.614843150,-0.318236821,0.787376969,0.781623799,-1.196666732,-0.128832064,-6.211908988,-2.823602283,-0.808558717,-0.504063061
10.390000000,0.580429346,0.581003205,-0.581003205,-0.339055870,0.774140765,0.773106846,0.603535768,0.583333000,-0.614335597,-0.318236949,0.787377806,0.781625228,-1.197997274,-0.134478765,-6.221976526,-2.826769252,-0.829277807,-0.525275689
10.395000000,0.580128200,0.580710888,-0.580710888,-0.338887465,0.773742852,0.772693023,0.602988605,0.583262288,-0.613820166,-0.318237091,0.787378634,0.781626594,-1.200767688,-0.139092800,-6.223012873,-2.827899506,-0.851031024,-0.547562833
10.400000000,0.579824330,0.580415929,-0.580415929,-0.338717538,0.773341340,0.772275458,0.602413923,0.583182398,-0.613297631,-0.318237241,0.787379483,0.781627929,-1.203794175,-0.138307152,-6.225092375,-2.829171957,-0.873142414,-0.570044000
10.405000000,0.579517732,0.580118321,-0.580118321,-0.338546085,0.772936224,0.771854144,0.601935131,0.583112024,-0.612874485,-0.318237365,0.787380126,0.781628951,-1.214057470,-0.143824086,-6.179700515,-2.819759177,-0.895013627,-0.592707324
10.410000000,0.579208402,0.579818061,-0.579818061,-0.338373104,0.772527497,0.771429076,0.601185552,0.582996068,-0.612231197,-0.318237554,0.787381121,0.781630473,-1.208873948,-0.131552220,-6.232158343,-2.832310545,-0.918105192,-0.615605928
10.415000000,0.578896334,0.579515144,-0.579515144,-0.338198592,0.772115154,0.771000246,0.600664872,0.582911496,-0.611794951,-0.318237684,0.787381780,0.781631470,-1.219167307,-0.134930243,-6.189912258,-2.823589326,-0.940456201,-0.638669218
10.420000000,0.578581524,0.579209565,-0.579209565,-0.338022547,0.771699187,0.770567648,0.599854439,0.582775879,-0.611132730,-0.318237879,0.787382744,0.781632933,-1.214880083,-0.117723709,-6.246634771,-2.837016850,-0.964032309,-0.661947316
10.425000000,0.578263968,0.578901321,-0.578901321,-0.337844966,0.771279592,0.770131276,0.599152114,0.582655239,-0.610572609,-0.318238045,0.787383584,0.781634173,-1.215879626,-0.129672766,-6.243914987,-2.837512708,-0.986759164,-0.685452136
10.430000000,0.577943661,0.578590406,-0.578590406,-0.337665846,0.770856361,0.769691124,0.598574433,0.582555284,-0.610121835,-0.318238179,0.787384222,0.781635135,-1.228204030,-0.130391981,-6.198015160,-2.827916758,-1.009678053,-0.709094679
10.435000000,0.577620599,0.578276817,-0.578276817,-0.337485187,0.770429491,0.769247186,0.597681252,0.582398893,-0.609440112,-0.318238379,0.787385206,0.781636581,-1.220412758,-0.132731110,-6.244341558,-2.839428095,-1.033298923,-0.733017900
10.440000000,0.577294778,0.577960549,-0.577960549,-0.337302984,0.769998975,0.768799456,0.596912064,0.582261773,-0.608864021,-0.318238546,0.787386043,0.781637788,-1.223042638,-0.129314945,-6.247651939,-2.841007802,-1.057045840,-0.757105234
10.445000000,0.576966193,0.577641600,-0.577641600,-0.337119236,0.769564807,0.768347929,0.596282235,0.582148504,-0.608400181,-0.318238681,0.787386702,0.781638743,-1.234036094,-0.136246520,-6.196616777,-2.830411394,-1.080399342,-0.781374507
10.450000000,0.576634842,0.577319964,-0.577319964,-0.336933940,0.769126983,0.767892600,0.595313419,0.581973062,-0.607699738,-0.318238883,0.787387685,0.781640161,-1.227901717,-0.125806039,-6.245554759,-2.842280424,-1.104932139,-0.805881899
10.455000000,0.576300719,0.576995638,-0.576995638,-0.336747094,0.768685497,0.767433462,0.594483534,0.581820767,-0.607108690,-0.318239051,0.787388492,0.781641329,-1.230416322,-0.126159022,-6.245684859,-2.843240213,-1.129134714,-0.830577866
10.460000000,0.575963821,0.576668619,-0.576668619,-0.336558697,0.768240345,0.766970511,0.593635207,0.581664934,-0.606514185,-0.318239221,0.787389327,0.781642516,-1.233380827,-0.126566838,-6.241461501,-2.843218266,-1.153489278,-0.855473007
10.465000000,0.575624144,0.576338902,-0.576338902,-0.336368746,0.767791521,0.766503742,0.592943735,0.581537833,-0.606036260,-0.318239356,0.787389985,0.781643456,-1.244549699,-0.134039006,-6.187907493,-2.832096812,-1.177600629,-0.880554111
10.470200000,0.575267929,0.575993132,-0.575993132,-0.336169547,0.767320844,0.766014247,0.591884751,0.581342510,-0.605313671,-0.318239556,0.787390963,0.781644846,-1.239781729,-0.122938494,-6.231226074,-2.842747084,-1.203917882,-0.906887447
10.475000000,0.574936440,0.575671364,-0.575671364,-0.335984175,0.766882839,0.765558729,0.590981519,0.581174280,-0.604702919,-0.318239724,0.787391767,0.781645995,-1.240058622,-0.121325691,-6.243611689,-2.846463140,-1.228029548,-0.931384923
10.480200000,0.574574427,0.575319965,-0.575319965,-0.335781733,0.766404501,0.765061266,0.590061248,0.581003216,-0.604087880,-0.318239893,0.787392599,0.781647164,-1.244631041,-0.123776806,-6.230000515,-2.844417920,-1.254083509,-0.958124805
10.485000000,0.574237580,0.574992996,-0.574992996,-0.335593364,0.765959416,0.764598385,0.589313339,0.580864596,-0.603593388,-0.318240029,0.787393254,0.781648089,-1.253925038,-0.130346613,-6.186363850,-2.835538189,-1.278048913,-0.982992729
10.490200000,0.573869754,0.574635956,-0.574635956,-0.335387672,0.765473398,0.764092935,0.588171303,0.580652846,-0.602845350,-0.318240236,0.787394227,0.781649462,-1.248672312,-0.120530690,-6.231584791,-2.846687475,-1.305158482,-1.010176672
10.495000000,0.573527536,0.574303772,-0.574303772,-0.335196300,0.765021216,0.763622674,0.587396018,0.580508388,-0.602340339,-0.318240373,0.787394873,0.781626024,-1.255370222,-0.124029778,-6.191364534,-2.835464191,-1.328723125,-1.029033267
10.500000000,0.573168313,0.573955083,-0.573955083,-0.334995418,0.764546565,0.763129045,0.586214248,0.580288833,-0.601576689,-0.318240569,0.787395840,0.781447600,-1.242859247,-0.115228178,-6.243814101,-2.841182026,-1.353123659,-1.040831924
10.505000000,0.572806285,0.573603670,-0.573603670,-0.334792968,0.764068208,0.762631562,0.585213078,0.580102955,-0.600933306,-0.318240737,0.787396543,0.781208652,-1.240315574,-0.120399296,-6.239459755,-2.833723204,-1.376930529,-1.051764401
10.510000000,0.572441450,0.573249532,-0.573249532,-0.334588948,0.763586140,0.762130220,0.584200703,0.579916097,-0.600286832,-0.318240927,0.787395417,0.780919296,-1.238002750,-0.122329436,-6.231685010,-2.824202753,-1.399782328,-1.060394768
10.515000000,0.572073804,0.572892667,-0.572892667,-0.334383356,0.763100360,0.761625017,0.583181535,0.579726656,-0.599636125,-0.318241135,0.787377897,0.780581841,-1.233985160,-0.130296482,-6.224461812,-2.813840774,-1.416761368,-1.067148452
10.520000000,0.571703344,0.572533070,-0.572533070,-0.334176191,0.762610862,0.761115948,0.582160930,0.579532431,-0.598979310,-0.318241347,0.787320794,0.780205693,-1.227889538,-0.134845521,-6.220050539,-2.803189201,-1.428940933,-1.072461081
10.525000000,0.571330070,0.572170741,-0.572170741,-0.333967452,0.762117644,0.760603009,0.581143886,0.579331155,-0.598314687,-0.318241559,0.787206673,0.779794020,-1.219635669,-0.147862518,-6.216749035,-2.792099533,-1.435239315,-1.076372656
10.530000000,0.570953977,0.571805676,-0.571805676,-0.333757136,0.761620702,0.760086198,0.580132156,0.579122652,-0.597641729,-0.318241775,0.787033883,0.779361732,-1.210540261,-0.157543279,-6.215530180,-2.781056370,-1.440432976,-1.079750153
10.535000000,0.570575063,0.571437873,-0.571437873,-0.333545243,0.761120033,0.759565512,0.579127519,0.578906198,-0.596959930,-0.318241991,0.786804285,0.778909802,-1.200506538,-0.174296894,-6.214721355,-2.769746480,-1.442466589,-1.082382703
10.540000000,0.570193327,0.571067330,-0.571067330,-0.333331772,0.760615634,0.759040946,0.578130502,0.578682027,-0.596269281,-0.318242210,0.786524422,0.778442934,-1.190537146,-0.184144408,-6.215602871,-2.758396419,-1.444786724,-1.084596865
10.545000000,0.569808765,0.570694045,-0.570694045,-0.333116721,0.760107503,0.758512498,0.577339289,0.578496724,-0.595710252,-0.318242386,0.786267831,0.778060085,-1.192674188,-0.200937550,-6.160324284,-2.736661059,-1.450524200,-1.091661209
10.550400000,0.569390263,0.570287814,-0.570287814,-0.332882690,0.759554525,0.757937411,0.576163406,0.578208285,-0.594859529,-0.318242649,0.785834136,0.777462987,-1.172769288,-0.203910225,-6.205675517,-2.731370365,-1.446937854,-1.088442290
10.555000000,0.569031159,0.569939240,-0.569939240,-0.332681875,0.759080031,0.757443945,0.575193475,0.577956616,-0.594135939,-0.318242871,0.785429995,0.776951387,-1.158661101,-0.211357256,-6.239507615,-2.726868092,-1.443741154,-1.087988172
10.560000000,0.568638110,0.569557716,-0.569557716,-0.332462077,0.758560685,0.756903834,0.574425472,0.577749716,-0.593550496,-0.318243052,0.785087254,0.776549315,-1.162802033,-0.228357924,-6.184185984,-2.704935160,-1.449149892,-1.095293020
10.565000000,0.568242228,0.569173442,-0.569173442,-0.332240696,0.758037595,0.756359830,0.573287756,0.577431059,-0.592663784,-0.318243323,0.784549086,0.775933239,-1.142319429,-0.228421074,-6.249971613,-2.703659860,-1.443418931,-1.089347529
10.570000000,0.567843512,0.568786417,-0.568786417,-0.332017729,0.757510761,0.755811931,0.572353161,0.577156273,-0.591914263,-0.318243553,0.784077264,0.775409264,-1.136783089,-0.232660672,-6.253791670,-2.692347846,-1.444018764,-1.091787725
10.575000000,0.567441959,0.568396639,-0.568396639,-0.331793176,0.756980178,0.755260134,0.571432732,0.576875225,-0.591159732,-0.318243786,0.783592502,0.774897642,-1.131914735,-0.244940017,-6.250960062,-2.679031932,-1.443738598,-1.093112782
10.580000000,0.567037568,0.568004106,-0.568004106,-0.331567036,0.756445846,0.754704438,0.570526479,0.576588249,-0.590400618,-0.318244020,0.783097372,0.774374714,-1.127967227,-0.246194116,-6.248383545,-2.665380289,-1.444560792,-1.094252457
10.585000000,0.566630338,0.567608817,-0.567608817,-0.331339309,0.755907762,0.754144840,0.569635146,0.576294345,-0.589636327,-0.318244255,0.782591205,0.773845652,-1.124436041,-0.251040518,-6.245554635,-2.651588333,-1.444060748,-1.095332874
10.590000000,0.566220268,0.567210770,-0.567210770,-0.331109993,0.755365924,0.753581338,0.568758300,0.575993914,-0.588866704,-0.318244492,0.782076139,0.773311666,-1.121604604,-0.247570313,-6.243583000,-2.637723002,-1.444846288,-1.096373003
10.595000000,0.565807355,0.566809965,-0.566809965,-0.330879087,0.754820331,0.753013931,0.567896236,0.575686619,-0.588091387,-0.318244730,0.781552533,0.772771810,-1.119104756,-0.249932959,-6.241321289,-2.623735159,-1.444486715,-1.097308513
10.600000000,0.565391599,0.566406400,-0.566406400,-0.330646592,0.754270981,0.752442617,0.567216896,0.575436316,-0.587467038,-0.318244921,0.781128861,0.772336049,-1.128298167,-0.256315547,-6.179167584,-2.598956897,-1.450284733,-1.104112359
10.605000000,0.564972998,0.566000074,-0.566000074,-0.330412505,0.753717873,0.751867394,0.566214301,0.575052456,-0.586521750,-0.318245208,0.780484108,0.771660068,-1.113076434,-0.237266654,-6.248970755,-2.596689616,-1.444012179,-1.096682344
10.610000000,0.564551552,0.565590986,-0.565590986,-0.330176828,0.753161005,0.751288261,0.565392838,0.574723777,-0.585722595,-0.318245451,0.779935669,0.771092592,-1.111994404,-0.232128648,-6.254285159,-2.584554227,-1.444989144,-1.098809775
10.615000000,0.564127260,0.565179135,-0.565179135,-0.329939559,0.752600376,0.750705217,0.564585170,0.574390980,-0.584918851,-0.318245697,0.779386250,0.770542814,-1.111682180,-0.240642759,-6.250789553,-2.570054756,-1.445474572,-1.099836514
10.620000000,0.563700120,0.564764520,-0.564764520,-0.329700698,0.752035985,0.750118260,0.563790507,0.574054918,-0.584111389,-0.318245945,0.778837038,0.769985157,-1.111779899,-0.239791074,-6.247391777,-2.555304344,-1.447078868,-1.100865804
10.625000000,0.563270133,0.564347141,-0.564347141,-0.329460244,0.751467831,0.749527390,0.563008847,0.573714443,-0.583299476,-0.318246193,0.778284951,0.769422590,-1.111794319,-0.242412578,-6.243879578,-2.540443569,-1.447299327,-1.101840246
10.630000000,0.562837297,0.563926996,-0.563926996,-0.329218197,0.750895913,0.748932605,0.562392321,0.573438968,-0.582646530,-0.318246393,0.777840998,0.768969866,-1.123139738,-0.249144672,-6.178070368,-2.514382856,-1.453696044,-1.109007677
10.635000000,0.562401611,0.563504086,-0.563504086,-0.328974557,0.750320230,0.748333904,0.561481158,0.573019124,-0.581658917,-0.318246691,0.777167710,0.768264262,-1.109507158,-0.228352656,-6.250416458,-2.511835529,-1.447387642,-1.101108635
10.640000000,0.561963076,0.563078410,-0.563078410,-0.328729323,0.749740781,0.747731288,0.560732482,0.572661646,-0.580824541,-0.318246944,0.776596377,0.767673168,-1.109394919,-0.221361365,-6.256017626,-2.499157110,-1.448614884,-1.103332217
10.645000000,0.561521691,0.562649967,-0.562649967,-0.328482495,0.749157567,0.747124755,0.560141111,0.572373602,-0.580153949,-0.318247148,0.776139368,0.767215511,-1.121549225,-0.234382561,-6.188121344,-2.472471583,-1.455495064,-1.110572816
10.650000000,0.561077455,0.562218757,-0.562218757,-0.328234074,0.748570586,0.746514305,0.559410941,0.572011253,-0.579311787,-0.318247403,0.775567677,0.766630307,-1.120801862,-0.235759988,-6.191185316,-2.457812656,-1.455261978,-1.109972289
10.655000000,0.560630368,0.561784780,-0.561784780,-0.327984058,0.747979838,0.745899937,0.558689071,0.571643356,-0.578459697,-0.318247657,0.774987706,0.766017872,-1.119148701,-0.224164127,-6.204547149,-2.445319617,-1.455424812,-1.109747061
10.660000000,0.560180430,0.561348035,-0.561348035,-0.327732447,0.747385323,0.745281652,0.557833289,0.571194224,-0.577423724,-0.318247966,0.774280570,0.765285604,-1.105953722,-0.209258048,-6.285729658,-2.445115437,-1.449186068,-1.103333766
10.665000000,0.559727641,0.560908523,-0.560908523,-0.327479243,0.746787041,0.744659449,0.557129069,0.570816610,-0.576553335,-0.318248229,0.773687817,0.764690540,-1.107739963,-0.222741681,-6.282382346,-2.430528612,-1.450041958,-1.106066269
10.670000000,0.559272001,0.560466244,-0.560466244,-0.327224444,0.746184991,0.744033328,0.556433252,0.570439650,-0.575683189,-0.318248495,0.773100695,0.764106952,-1.109953335,-0.229580597,-6.272255267,-2.413519045,-1.452385754,-1.107399351
10.675000000,0.558813511,0.560021197,-0.560021197,-0.326968051,0.745579175,0.743403290,0.555745766,0.570061453,-0.574812392,-0.318248762,0.772514321,0.763513204,-1.111759001,-0.235428281,-6.261785998,-2.396264247,-1.453090336,-1.108703792
10.680000000,0.558352169,0.559573383,-0.559573383,-0.326710063,0.744969592,0.742769334,0.555065708,0.569680840,-0.573939419,-0.318249029,0.771925532,0.762912279,-1.113314315,-0.230171373,-6.253983007,-2.379213665,-1.454575059,-1.109832561
10.685000000,0.557887977,0.559122802,-0.559122802,-0.326450482,0.744356242,0.742131461,0.554392873,0.569296636,-0.573062833,-0.318249298,0.771331441,0.762304844,-1.114440272,-0.229900961,-6.246960992,-2.362267628,-1.454669379,-1.110862382
10.690000000,0.557420935,0.558669455,-0.558669455,-0.326189306,0.743739127,0.741489672,0.553726216,0.568909235,-0.572182032,-0.318249568,0.770732897,0.761692614,-1.115599426,-0.223550253,-6.241681347,-2.345499352,-1.455944281,-1.111870829
10.695400000,0.556913328,0.558176733,-0.558176733,-0.325905447,0.743068412,0.740792140,0.553065569,0.568518301,-0.571296286,-0.318249839,0.770129094,0.761075126,-1.121328561,-0.227441278,-6.209209280,-2.322624590,-1.458517291,-1.115579680
10.700000000,0.556478301,0.557754462,-0.557754462,-0.325662175,0.742493600,0.740194345,0.552409835,0.568124118,-0.570404669,-0.318250111,0.769520383,0.760445932,-1.116384060,-0.215619021,-6.238008729,-2.312707303,-1.456649856,-1.112654730
10.705000000,0.556002711,0.557292817,-0.557292817,-0.325396220,0.741865190,0.739540810,0.551758807,0.567725625,-0.569505110,-0.318250384,0.768904162,0.759815051,-1.117183067,-0.216251418,-6.238520446,-2.297343111,-1.456600069,-1.114252430
10.710000000,0.555524273,0.556828408,-0.556828408,-0.325128672,0.741233017,0.738883361,0.551112016,0.567324929,-0.568600046,-0.318250661,0.768285492,0.759186453,-1.118130714,-0.214537607,-6.236447496,-2.280898551,-1.457919025,-1.115080519
10.715200000,0.555023677,0.556342491,-0.556342491,-0.324848733,0.740571566,0.738195463,0.550469404,0.566921797,-0.567689554,-0.318250938,0.767663487,0.758552766,-1.121377559,-0.219923539,-6.219826234,-2.261230202,-1.459304715,-1.117447194
10.720000000,0.554558856,0.555891300,-0.555891300,-0.324588800,0.739957385,0.737556726,0.549830214,0.566516237,-0.566773108,-0.318251217,0.767037797,0.757912194,-1.119241700,-0.213330389,-6.235295167,-2.248253154,-1.458860115,-1.116436821
10.725000000,0.554071879,0.555418602,-0.555418602,-0.324316477,0.739313929,0.736887543,0.549194406,0.566107372,-0.565849681,-0.318251498,0.766406090,0.757266316,-1.119823364,-0.215950786,-6.235167925,-2.232147447,-1.458711250,-1.117578562
10.730000000,0.553582058,0.554943143,-0.554943143,-0.324042563,0.738666715,0.736214451,0.548561427,0.565696317,-0.564920503,-0.318251781,0.765771132,0.756621221,-1.120584452,-0.213585019,-6.234757489,-2.215670750,-1.459787477,-1.118467436
10.735200000,0.553069627,0.554445738,-0.554445738,-0.323756006,0.737989626,0.735510291,0.547931357,0.565282638,-0.563985439,-0.318252066,0.765131818,0.755970434,-1.123648467,-0.218547518,-6.219302508,-2.195776930,-1.460964630,-1.120755742
10.740000000,0.552593885,0.553983946,-0.553983946,-0.323489966,0.737361016,0.734856548,0.547303445,0.564866533,-0.563044265,-0.318252352,0.764488361,0.755312166,-1.121222472,-0.212196537,-6.235918079,-2.182595128,-1.460291121,-1.119604481
10.745000000,0.552095537,0.553500211,-0.553500211,-0.323211284,0.736702535,0.734171739,0.546677722,0.564447146,-0.562095913,-0.318252640,0.763838732,0.754650479,-1.121681070,-0.214700209,-6.237323479,-2.166420887,-1.459992562,-1.120769133
10.750000000,0.551594350,0.553013719,-0.553013719,-0.322931014,0.736040302,0.733483028,0.546053744,0.564025658,-0.561141744,-0.318252930,0.763185993,0.753988361,-1.122332470,-0.212730130,-6.237641855,-2.149647350,-1.460965716,-1.121559752
10.755000000,0.551090323,0.552524472,-0.552524472,-0.322649157,0.735374319,0.732790417,0.545555871,0.563686741,-0.560374275,-0.318253164,0.762661057,0.753455218,-1.135654595,-0.223178093,-6.163215099,-2.119407193,-1.468003997,-1.129615020
10.760000000,0.550583461,0.552032472,-0.552032472,-0.322365714,0.734704587,0.732093908,0.544810487,0.563174579,-0.559214181,-0.318253512,0.761865996,0.752636409,-1.120588421,-0.204802242,-6.250800842,-2.117361487,-1.459964450,-1.120664136
10.765000000,0.550073763,0.551537720,-0.551537720,-0.322080685,0.734031109,0.731393503,0.544189981,0.562742470,-0.558235400,-0.318253808,0.761191633,0.751951316,-1.121167607,-0.208864702,-6.257206336,-2.102619091,-1.459502553,-1.123297912
10.770000000,0.549561231,0.551040217,-0.551040217,-0.321794071,0.733353887,0.730689204,0.543694357,0.562396295,-0.557449334,-0.318254047,0.760652617,0.751416186,-1.134960231,-0.224077373,-6.179646071,-2.071487463,-1.467037000,-1.131460097
10.775000000,0.549045868,0.550539965,-0.550539965,-0.321505874,0.732672924,0.729981013,0.543075225,0.561962542,-0.556462870,-0.318254345,0.759978972,0.750728623,-1.134142156,-0.219847179,-6.184068054,-2.054141422,-1.467396077,-1.130269093
10.780000000,0.548527674,0.550036966,-0.550036966,-0.321216095,0.731988221,0.729268934,0.542455780,0.561523613,-0.555465592,-0.318254642,0.759294686,0.750012377,-1.131838009,-0.212265721,-6.201434222,-2.039884644,-1.465592415,-1.129811649
10.785000000,0.548006653,0.549531222,-0.549531222,-0.320924734,0.731299781,0.728552969,0.541711385,0.560990604,-0.554254047,-0.318255003,0.758461066,0.749158929,-1.116389707,-0.196012498,-6.298556846,-2.040155020,-1.457443355,-1.122138113
10.790000000,0.547482805,0.549022735,-0.549022735,-0.320631792,0.730607607,0.727833120,0.541214890,0.560633569,-0.553440538,-0.318255250,0.757903145,0.748603820,-1.131353679,-0.215999469,-6.220172753,-2.009522589,-1.465573104,-1.132506811
10.795200000,0.546935008,0.548491001,-0.548491001,-0.320325458,0.729883787,0.727080360,0.540594588,0.560188810,-0.552423478,-0.318255557,0.757211949,0.747917064,-1.134232566,-0.222656968,-6.203425606,-1.987358787,-1.468095925,-1.133286394
10.800000000,0.546426640,0.547997539,-0.547997539,-0.320041173,0.729212067,0.726381782,0.539974083,0.559741096,-0.551399443,-0.318255864,0.756514386,0.747193307,-1.130037665,-0.218116307,-6.230352783,-1.974919034,-1.465153022,-1.131261630
10.805000000,0.545894326,0.547480834,-0.547480834,-0.319743497,0.728508706,0.725650300,0.539228732,0.559198328,-0.550158783,-0.318256236,0.755664946,0.746326456,-1.115271148,-0.202306768,-6.323291111,-1.974042812,-1.456952260,-1.124038632
10.810000000,0.545359195,0.546961394,-0.546961394,-0.319444245,0.727801623,0.724914945,0.538731879,0.558834918,-0.549327718,-0.318256490,0.755095718,0.745766159,-1.130847357,-0.222134742,-6.238482311,-1.941692773,-1.465079503,-1.134859652
10.815000000,0.544821248,0.546439222,-0.546439222,-0.319143420,0.727090820,0.724175722,0.537988011,0.558291859,-0.548083306,-0.318256871,0.754248189,0.744935126,-1.118758619,-0.220255614,-6.308644840,-1.935437860,-1.458403437,-1.127033428
10.820000000,0.544280489,0.545914319,-0.545914319,-0.318841021,0.726376300,0.723432634,0.537492345,0.557928189,-0.547250597,-0.318257126,0.753679598,0.744357428,-1.133909852,-0.231984139,-6.224662182,-1.902580902,-1.466143492,-1.137226061
10.825000000,0.543736920,0.545386688,-0.545386688,-0.318537051,0.725658067,0.722685685,0.536749701,0.557380789,-0.545999496,-0.318257509,0.752824942,0.743497156,-1.120457519,-0.215346143,-6.301804119,-1.896887224,-1.458440459,-1.128318187
10.830000000,0.543190543,0.544856332,-0.544856332,-0.318231511,0.724936124,0.721934877,0.536130144,0.556920711,-0.544950759,-0.318257833,0.752105931,0.742772116,-1.122408610,-0.213078642,-6.295512902,-1.877975788,-1.459815027,-1.131479562
10.835000000,0.542641361,0.544323253,-0.544323253,-0.317924402,0.724210475,0.721180214,0.535511199,0.556460171,-0.543901585,-0.318258159,0.751387730,0.742063265,-1.124599152,-0.220981961,-6.281601779,-1.856563260,-1.460191276,-1.132801672
10.840000000,0.542089376,0.543787455,-0.543787455,-0.317615726,0.723481123,0.720421701,0.534892594,0.555999021,-0.542851174,-0.318258487,0.750669024,0.741341601,-1.126640755,-0.219637894,-6.270688090,-1.835508346,-1.461346153,-1.134047738
10.845000000,0.541534592,0.543248938,-0.543248938,-0.317305485,0.722748072,0.719659341,0.534274473,0.555535744,-0.541797719,-0.318258815,0.749946253,0.740613557,-1.128201054,-0.220577879,-6.261210235,-1.814648587,-1.461121912,-1.135182462
10.850000000,0.540977012,0.542707708,-0.542707708,-0.316993679,0.722011326,0.718893137,0.533779875,0.555163468,-0.540951981,-0.318259079,0.749364909,0.740027087,-1.143375577,-0.229964259,-6.172622329,-1.779463188,-1.468836444,-1.144209840
10.855000000,0.540416638,0.542163765,-0.542163765,-0.316680312,0.721270889,0.718123095,0.533160820,0.554695242,-0.539889297,-0.318259408,0.748633171,0.739280602,-1.142445824,-0.217360428,-6.176075161,-1.759981709,-1.468491196,-1.143000244
10.860000000,0.539853473,0.541617114,-0.541617114,-0.316365384,0.720526764,0.717349219,0.532415117,0.554124617,-0.538596571,-0.318259803,0.747736315,0.738345557,-1.125312884,-0.187713079,-6.281966941,-1.759799252,-1.458761432,-1.133976393
10.865000000,0.539287521,0.541067757,-0.541067757,-0.316048897,0.719778956,0.716571511,0.531916119,0.553740690,-0.537725511,-0.318260072,0.747130874,0.737733051,-1.140005533,-0.204929207,-6.200203813,-1.726682769,-1.466581899,-1.144468658
10.870000000,0.538718785,0.540515697,-0.540515697,-0.315730853,0.719027469,0.715789978,0.531291243,0.553261992,-0.536634312,-0.318260409,0.746377823,0.736988465,-1.139973051,-0.215792000,-6.197331597,-1.706222677,-1.466209292,-1.143875955
10.875000000,0.538147267,0.539960937,-0.539960937,-0.315411254,0.718272307,0.715004623,0.530538472,0.552684211,-0.535312965,-0.318260814,0.745466945,0.736050605,-1.123874465,-0.197310667,-6.300878136,-1.705619283,-1.457230054,-1.135204121
10.880000000,0.537572972,0.539403482,-0.539403482,-0.315090102,0.717513476,0.714215451,0.529908884,0.552199578,-0.534201607,-0.318261158,0.744702932,0.735293361,-1.125731730,-0.202334683,-6.303519184,-1.687962320,-1.458779532,-1.138655687
10.885000000,0.536995902,0.538843333,-0.538843333,-0.314767398,0.716750978,0.713422467,0.529404978,0.551812941,-0.533311838,-0.318261436,0.744095731,0.734701943,-1.142421038,-0.224614999,-6.209243746,-1.651334750,-1.467705657,-1.148467491
10.890000000,0.536416062,0.538280495,-0.538280495,-0.314443145,0.715984819,0.712625675,0.528648383,0.551233062,-0.531974975,-0.318261851,0.743185367,0.733779256,-1.127531673,-0.211431466,-6.294640122,-1.645877716,-1.459367964,-1.138677792
10.895200000,0.535810092,0.537692294,-0.537692294,-0.314104280,0.715184135,0.711792978,0.528016568,0.550745706,-0.530852425,-0.318262201,0.742416643,0.732996319,-1.132119399,-0.216214128,-6.277027570,-1.622920202,-1.460529510,-1.143251567
10.900000000,0.535248083,0.537146764,-0.537146764,-0.313789997,0.714441536,0.711020688,0.527510799,0.550355244,-0.529952517,-0.318262483,0.741801271,0.732385288,-1.144845650,-0.224926268,-6.204072819,-1.590152780,-1.467638632,-1.150466997
10.905000000,0.534659951,0.536575878,-0.536575878,-0.313461108,0.713664423,0.710212503,0.526750890,0.549766663,-0.528596442,-0.318262905,0.740872788,0.731436687,-1.129420017,-0.207663172,-6.295657138,-1.585695838,-1.458066705,-1.140670731
10.910000000,0.534069064,0.536002317,-0.536002317,-0.313130677,0.712883667,0.709400531,0.526242888,0.549370820,-0.527685142,-0.318263191,0.740245772,0.730796856,-1.145252428,-0.220415232,-6.208083565,-1.550379546,-1.466161689,-1.151739148
10.915000000,0.533475424,0.535426084,-0.535426084,-0.312798707,0.712099274,0.708584776,0.525479091,0.548775586,-0.526313294,-0.318263618,0.739304334,0.729852383,-1.129576074,-0.203841760,-6.301409426,-1.546104652,-1.457447259,-1.141838160
10.920400000,0.532831206,0.534800756,-0.534800756,-0.312438453,0.711248051,0.707699519,0.524840611,0.548275923,-0.525160628,-0.318263980,0.738512301,0.729053167,-1.137504640,-0.210108057,-6.267873746,-1.519060507,-1.461498891,-1.148406953
10.925000000,0.532279902,0.534265618,-0.534265618,-0.312130158,0.710519600,0.706941942,0.524201403,0.547776153,-0.524005364,-0.318264344,0.737721453,0.728269654,-1.132392208,-0.211503077,-6.299004469,-1.505397120,-1.458062055,-1.145046117
10.930000000,0.531678029,0.533681393,-0.533681393,-0.311793583,0.709724328,0.706114873,0.523688835,0.547375552,-0.523078224,-0.318264637,0.737087709,0.727632365,-1.148923045,-0.227218507,-6.204501932,-1.467882490,-1.466774182,-1.155626955
10.935000000,0.531073420,0.533094512,-0.533094512,-0.311455479,0.708925441,0.705284045,0.522917622,0.546772779,-0.521682984,-0.318265075,0.736135634,0.726671556,-1.132903369,-0.206377549,-6.298059975,-1.463135663,-1.458086027,-1.145661555
10.940000000,0.530466078,0.532504979,-0.532504979,-0.311115846,0.708122944,0.704449462,0.522272149,0.546266104,-0.520510931,-0.318265447,0.735333526,0.725859087,-1.134577527,-0.205025032,-6.298301139,-1.443309437,-1.458913677,-1.148782692
10.945000000,0.529856008,0.531912798,-0.531912798,-0.310774689,0.707316842,0.703611130,0.521626013,0.545759087,-0.519336407,-0.318265821,0.734530882,0.725061670,-1.136291011,-0.213453482,-6.289575962,-1.420567517,-1.458935612,-1.149796429
10.950000000,0.529243215,0.531317974,-0.531317974,-0.310432008,0.706507142,0.702769056,0.520978649,0.545251837,-0.518159416,-0.318266198,0.733727734,0.724254200,-1.137926333,-0.214532886,-6.282528214,-1.398025902,-1.459853908,-1.150968072
10.955000000,0.528627703,0.530720510,-0.530720510,-0.310087806,0.705693849,0.701923246,0.520330303,0.544742903,-0.516978674,-0.318266575,0.732920864,0.723442469,-1.139205445,-0.216568229,-6.276138615,-1.375491982,-1.459452203,-1.152073077
10.960000000,0.528009476,0.530120411,-0.530120411,-0.309742087,0.704876969,0.701073705,0.519680403,0.544232011,-0.515793345,-0.318266955,0.732110089,0.722624075,-1.140313503,-0.212663247,-6.272339191,-1.353262331,-1.459998445,-1.153025494
10.965000000,0.527388539,0.529517681,-0.529517681,-0.309394852,0.704056509,0.700220440,0.519029182,0.543718585,-0.514602630,-0.318267337,0.731293998,0.721800580,-1.141174966,-0.213010385,-6.268907263,-1.331065173,-1.459380867,-1.153940106
10.970000000,0.526764897,0.528912326,-0.528912326,-0.309046104,0.703232473,0.699363457,0.518506909,0.543306267,-0.513645952,-0.318267644,0.730637943,0.721139138,-1.157363035,-0.225756871,-6.173611817,-1.292067963,-1.467805229,-1.163852250
10.975000000,0.526138554,0.528304348,-0.528304348,-0.308695846,0.702404869,0.698502763,0.517720649,0.542683597,-0.512201111,-0.318268103,0.729644988,0.720122257,-1.139050363,-0.197606837,-6.282784265,-1.289287456,-1.457150833,-1.152498701
10.980000000,0.525509514,0.527693754,-0.527693754,-0.308344080,0.701573702,0.697638365,0.517061936,0.542159216,-0.510983591,-0.318268492,0.728805290,0.719267723,-1.139829459,-0.197033005,-6.289946209,-1.270054813,-1.457558233,-1.155317398
10.985000000,0.524877784,0.527080547,-0.527080547,-0.307990809,0.700738980,0.696770268,0.516533739,0.541739651,-0.510007012,-0.318266291,0.728134786,0.718604441,-1.156307476,-0.220596985,-6.203849553,-1.234651465,-1.466670015,-1.165310849
10.990000000,0.524243367,0.526464733,-0.526464733,-0.307636036,0.699900707,0.695898479,0.515738829,0.541108620,-0.508540578,-0.318248811,0.727126693,0.717573997,-1.137518139,-0.210114215,-6.343276010,-1.243846234,-1.456502039,-1.153887678
10.995000000,0.523606269,0.525846316,-0.525846316,-0.307279764,0.699058892,0.695023006,0.515206911,0.540683095,-0.507568282,-0.318198089,0.726446114,0.716872481,-1.151061116,-0.257735403,-6.364643130,-1.249775293,-1.464840573,-1.165679712
11.000000000,0.522966494,0.525225301,-0.525225301,-0.306921995,0.698213541,0.694143855,0.514407859,0.540039150,-0.506149257,-0.318003112,0.725422049,0.715841138,-1.128447071,-0.297748659,-6.654699360,-1.318061811,-1.454304289,-1.155439931
11.005000000,0.522324048,0.524601693,-0.524601693,-0.306562732,0.697364660,0.693261034,0.513738761,0.539495882,-0.505003712,-0.317753328,0.724562825,0.714971764,-1.123975926,-0.357641407,-6.834364672,-1.372189815,-1.455445020,-1.159135644
11.010000000,0.521678936,0.523975498,-0.523975498,-0.306201978,0.696512256,0.692374548,0.513067924,0.538949119,-0.503917527,-0.317416198,0.723707428,0.714121452,-1.120026677,-0.416680658,-6.969965813,-1.415501929,-1.456175789,-1.160899834
11.015000000,0.521031163,0.523346719,-0.523346719,-0.305839736,0.695656336,0.691484406,0.512394881,0.538398311,-0.502892673,-0.317029572,0.722852898,0.713260022,-1.116655394,-0.454738244,-7.039404277,-1.439956223,-1.456334769,-1.162544633
11.020000000,0.520380735,0.522715363,-0.522715363,-0.305476009,0.694796907,0.690590615,0.511719637,0.537841985,-0.501925169,-0.316629398,0.721995625,0.712392033,-1.117440594,-0.431219180,-7.043535057,-1.442974879,-1.456001760,-1.163911223
11.025000000,0.519727656,0.522081433,-0.522081433,-0.305110800,0.693933976,0.689693182,0.511042078,0.537280139,-0.501013048,-0.316232612,0.721134312,0.711515834,-1.112758074,-0.485978531,-7.002572906,-1.434985883,-1.454565991,-1.164884851
11.030000000,0.519071932,0.521444937,-0.521444937,-0.304744112,0.693067550,0.688792115,0.510362907,0.536712192,-0.500150910,-0.315851614,0.720268004,0.710634758,-1.112431207,-0.466980011,-6.926530960,-1.414247883,-1.454133771,-1.165828727
11.035000000,0.518413569,0.520805879,-0.520805879,-0.304375948,0.692197637,0.687887420,0.509683187,0.536133619,-0.499328478,-0.315495985,0.719392297,0.709749481,-1.113463029,-0.424121837,-6.823507211,-1.383457037,-1.453571045,-1.166624996
11.040200000,0.517726078,0.520138546,-0.520138546,-0.303991495,0.691289236,0.686942699,0.509003805,0.535544533,-0.498536447,-0.315169845,0.718507668,0.708859996,-1.118705212,-0.381711948,-6.686628351,-1.342660171,-1.454809722,-1.169297606
11.045000000,0.517088947,0.519520098,-0.519520098,-0.303635204,0.690447378,0.686067181,0.508325439,0.534945930,-0.497771158,-0.314856714,0.717615635,0.707960973,-1.116809358,-0.341166191,-6.616088984,-1.319375969,-1.452310769,-1.167436444
11.050000000,0.516422699,0.518873386,-0.518873386,-0.303262631,0.689567047,0.685151652,0.507648347,0.534339682,-0.497012990,-0.314580686,0.716717469,0.707061020,-1.120507483,-0.296721230,-6.489622362,-1.276010828,-1.451800463,-1.168416238
11.055000000,0.515753835,0.518224134,-0.518224134,-0.302888594,0.688683258,0.684232528,0.506973689,0.533727285,-0.496256251,-0.314332226,0.715815670,0.706161586,-1.124228610,-0.267230248,-6.393872012,-1.242062541,-1.450318980,-1.169036329
11.060200000,0.515055446,0.517546224,-0.517546224,-0.302498047,0.687760458,0.683272832,0.506301552,0.533109708,-0.495495553,-0.314097325,0.714911669,0.705258099,-1.131188165,-0.239129755,-6.301423947,-1.209327677,-1.453030569,-1.171700881
11.065000000,0.514408279,0.516918033,-0.516918033,-0.302136144,0.686905339,0.682383522,0.505631987,0.532486296,-0.494729805,-0.313854866,0.714005673,0.704344792,-1.130200869,-0.216251555,-6.302931006,-1.202880046,-1.451287414,-1.169794326
11.070000000,0.513731599,0.516261195,-0.516261195,-0.301757737,0.686011223,0.681453658,0.504964676,0.531857607,-0.493954653,-0.313598344,0.713096693,0.703429955,-1.132579964,-0.209973298,-6.309241973,-1.199848227,-1.451443204,-1.171105426
11.075000000,0.513052326,0.515601840,-0.515601840,-0.301377880,0.685113682,0.680520230,0.504299555,0.531225048,-0.493173792,-0.313316899,0.712186946,0.702515462,-1.134052753,-0.219458455,-6.341331306,-1.205917936,-1.451100956,-1.171968865
11.080200000,0.512343138,0.514913447,-0.514913447,-0.300981294,0.684176612,0.679545694,0.503635535,0.530589382,-0.492389424,-0.313007515,0.711277921,0.701595394,-1.138286667,-0.230512558,-6.369166514,-1.212895128,-1.454348711,-1.174901116
11.085000000,0.511686025,0.514275602,-0.514275602,-0.300613829,0.683308351,0.678642717,0.502971876,0.529949910,-0.491604337,-0.312669607,0.710368422,0.700666046,-1.134609563,-0.236136728,-6.446540010,-1.232247197,-1.452844213,-1.173071560
11.090000000,0.510999009,0.513608731,-0.513608731,-0.300229642,0.682400578,0.677698649,0.502308201,0.529306343,-0.490819893,-0.312309065,0.709455761,0.699733897,-1.136347451,-0.228228138,-6.501726210,-1.247579779,-1.452558696,-1.174488384
11.095000000,0.510309424,0.512939367,-0.512939367,-0.299844018,0.681489411,0.676751052,0.501776849,0.528790075,-0.490198734,-0.312000674,0.708725764,0.698989323,-1.151200901,-0.288356777,-6.439957131,-1.237963512,-1.463284829,-1.185267100
11.100400000,0.509561795,0.512213660,-0.512213660,-0.299425936,0.680501549,0.675723692,0.500978202,0.528013174,-0.489275352,-0.311521709,0.707629128,0.697838652,-1.137698175,-0.283830884,-6.543363806,-1.260906685,-1.456477383,-1.176359654
11.105000000,0.508922575,0.511593183,-0.511593183,-0.299068477,0.679656930,0.674845303,0.500309824,0.527357396,-0.488504174,-0.311121578,0.706700923,0.696867266,-1.128801537,-0.273036102,-6.634344982,-1.285838899,-1.451286294,-1.173748295
11.110000000,0.508225323,0.510916376,-0.510916376,-0.298678565,0.678735632,0.673887169,0.499640216,0.526696235,-0.487749650,-0.310694900,0.705768385,0.695929607,-1.128550845,-0.294579491,-6.672146290,-1.302263221,-1.450939568,-1.175975760
11.115000000,0.507525528,0.510237101,-0.510237101,-0.298287232,0.677810973,0.672925540,0.498969513,0.526033419,-0.487016514,-0.310251145,0.704839558,0.694994201,-1.128984067,-0.304738141,-6.680277601,-1.308725759,-1.452864380,-1.177228273
11.120200000,0.506795050,0.509528043,-0.509528043,-0.297878741,0.676845774,0.671921750,0.498297727,0.525367991,-0.486300915,-0.309807808,0.703912201,0.694050781,-1.133412830,-0.307482102,-6.640476590,-1.301551761,-1.455822655,-1.180443879
11.125000000,0.506118335,0.508871171,-0.508871171,-0.297500314,0.675951611,0.670991836,0.497625168,0.524698868,-0.485598350,-0.309375963,0.702981752,0.693098202,-1.130836456,-0.291548873,-6.621162084,-1.295611980,-1.453639895,-1.178652079
11.130000000,0.505410951,0.508184528,-0.508184528,-0.297104737,0.675016925,0.670019779,0.496952127,0.524024975,-0.484902509,-0.308963030,0.702044383,0.692140267,-1.132401800,-0.281790096,-6.571574423,-1.282132883,-1.452684149,-1.179932846
11.135000000,0.504701050,0.507495444,-0.507495444,-0.296707752,0.674078914,0.669044264,0.496278570,0.523347126,-0.484213749,-0.308560764,0.701103314,0.691182910,-1.134074139,-0.263369533,-6.525226702,-1.269154926,-1.453632490,-1.180740520
11.140200000,0.503960091,0.506776211,-0.506776211,-0.296293400,0.673099865,0.668026070,0.495604602,0.522664919,-0.483527104,-0.308171010,0.700158700,0.690221532,-1.139611056,-0.247918530,-6.453586186,-1.249030685,-1.455881329,-1.183689351
11.145000000,0.503273726,0.506109973,-0.506109973,-0.295909577,0.672192953,0.667082897,0.494930440,0.521978393,-0.482835829,-0.307798550,0.699208995,0.689251532,-1.139448310,-0.199197268,-6.423277380,-1.235127898,-1.452829403,-1.181611462
11.150000000,0.502556318,0.505413600,-0.505413600,-0.295508394,0.671245021,0.666097064,0.494255685,0.521288927,-0.482135659,-0.307439953,0.698254793,0.688277310,-1.139734719,-0.218388729,-6.387701052,-1.223707151,-1.453320924,-1.182704657
11.155000000,0.501836420,0.504714811,-0.504714811,-0.295105819,0.670293801,0.665107812,0.493580603,0.520597811,-0.481430307,-0.307077312,0.697299995,0.687305498,-1.141407253,-0.210396596,-6.377808891,-1.219726059,-1.454182026,-1.183543126
11.160000000,0.501114040,0.504013614,-0.504013614,-0.294701856,0.669339301,0.664115149,0.492905422,0.519902655,-0.480718192,-0.306705795,0.696341180,0.686328734,-1.142783627,-0.202221647,-6.381838607,-1.219779909,-1.454245599,-1.184383442
11.165000000,0.500389186,0.503310014,-0.503310014,-0.294296509,0.668381531,0.663119085,0.492365208,0.519343744,-0.480143129,-0.306402236,0.695570686,0.685544107,-1.161163625,-0.218233397,-6.279548123,-1.195719424,-1.464358354,-1.195635091
11.170000000,0.499661864,0.502604019,-0.502604019,-0.293889783,0.667420501,0.662119631,0.491688727,0.518641712,-0.479416031,-0.306017267,0.694603298,0.684544918,-1.159412334,-0.203182670,-6.291386460,-1.194408642,-1.462841721,-1.193195687
11.175000000,0.498932082,0.501895636,-0.501895636,-0.293481680,0.666456220,0.661116795,0.490872816,0.517789695,-0.478515025,-0.305566127,0.693423448,0.683304146,-1.137903901,-0.160701014,-6.437815595,-1.224006954,-1.450145574,-1.180985642
11.180200000,0.498170506,0.501156391,-0.501156391,-0.293055799,0.665449930,0.660070270,0.490190333,0.517074040,-0.477753176,-0.305170855,0.692432430,0.682305138,-1.142097102,-0.183348224,-6.483308860,-1.242318917,-1.452682453,-1.186819515
11.185000000,0.497465166,0.500471733,-0.500471733,-0.292661364,0.664517944,0.659101021,0.489507658,0.516359507,-0.477002870,-0.304731497,0.691448690,0.681325437,-1.138665272,-0.214650626,-6.565695074,-1.269183541,-1.451175453,-1.185399086
11.190000000,0.496728046,0.499756227,-0.499756227,-0.292249159,0.663543968,0.658088103,0.488960405,0.515788736,-0.476407431,-0.304367045,0.690665913,0.680530605,-1.158851884,-0.226174185,-6.480221630,-1.252562941,-1.462471587,-1.197705949
11.195000000,0.495988496,0.499038362,-0.499038362,-0.291835594,0.662566780,0.657071845,0.488137530,0.514932078,-0.475521193,-0.303815930,0.689491689,0.679310294,-1.137006358,-0.233668987,-6.608060845,-1.283122521,-1.452035225,-1.184106858
11.200000000,0.495246522,0.498318145,-0.498318145,-0.291420673,0.661586390,0.656052256,0.487449412,0.514213928,-0.474786442,-0.303352175,0.688503367,0.678292922,-1.139171135,-0.225144019,-6.646572943,-1.300447505,-1.451308995,-1.187945905
11.205000000,0.494502132,0.497595582,-0.497595582,-0.291004402,0.660602807,0.655029348,0.486898083,0.513638572,-0.474212198,-0.302964249,0.687713553,0.677500611,-1.155846233,-0.280689511,-6.542830350,-1.282297260,-1.463189532,-1.199727504
11.210000000,0.493755334,0.496870682,-0.496870682,-0.290586784,0.659616043,0.654003130,0.486068576,0.512774540,-0.473360917,-0.302396032,0.686529281,0.676277632,-1.136656625,-0.246750341,-6.611992790,-1.294345134,-1.452047139,-1.186537629
11.215000000,0.493006135,0.496143452,-0.496143452,-0.290167824,0.658626106,0.652973613,0.485374327,0.512048341,-0.472647591,-0.301952557,0.685531408,0.675253714,-1.138605802,-0.232729952,-6.583464561,-1.288932612,-1.452005996,-1.190105191
11.220000000,0.492254543,0.495413899,-0.495413899,-0.289747525,0.657633008,0.651940808,0.484818672,0.511464977,-0.472084096,-0.301595309,0.684731614,0.674454312,-1.158145879,-0.248301450,-6.444181311,-1.257167198,-1.462919033,-1.202002472
11.225000000,0.491500567,0.494682030,-0.494682030,-0.289325893,0.656636758,0.650904725,0.483983722,0.510585674,-0.471239817,-0.301072098,0.683527428,0.673213123,-1.139207886,-0.198896570,-6.509707666,-1.266041766,-1.450541050,-1.188228103
11.230000000,0.490744212,0.493947854,-0.493947854,-0.288902931,0.655637366,0.649865375,0.483284994,0.509846686,-0.470523872,-0.300660164,0.682513696,0.672179096,-1.141273202,-0.185888521,-6.483672576,-1.259797685,-1.451182190,-1.191898454
11.235000000,0.489985489,0.493211378,-0.493211378,-0.288478644,0.654634844,0.648822770,0.482585926,0.509106410,-0.469810424,-0.300240332,0.681502104,0.671167761,-1.143695203,-0.185794685,-6.464302178,-1.255489512,-1.451971854,-1.192948012
11.240000000,0.489224404,0.492472610,-0.492472610,-0.288053037,0.653629202,0.647776919,0.481886769,0.508365187,-0.469094895,-0.299820303,0.680491149,0.670144792,-1.146057412,-0.185959114,-6.442147641,-1.249397193,-1.451888175,-1.194081424
11.245000000,0.488460965,0.491731557,-0.491731557,-0.287626113,0.652620450,0.646727834,0.481186893,0.507622488,-0.468374254,-0.299403014,0.679479762,0.669116541,-1.148057786,-0.177064633,-6.424526704,-1.243837115,-1.453202076,-1.195070593
11.250000000,0.487695181,0.490988227,-0.490988227,-0.287197878,0.651608598,0.645675527,0.480486194,0.506877246,-0.467647297,-0.298985931,0.678466244,0.668083177,-1.149852382,-0.169329109,-6.415621517,-1.240847014,-1.453700957,-1.196023131
11.255000000,0.486927059,0.490242629,-0.490242629,-0.286768336,0.650593658,0.644620007,0.479784772,0.506129402,-0.466913232,-0.298567023,0.677449001,0.667044369,-1.152909814,-0.148117691,-6.413824744,-1.239183238,-1.452987549,-1.196916761
11.260000000,0.486156608,0.489494770,-0.489494770,-0.286337491,0.649575641,0.643561287,0.479082057,0.505380010,-0.466172230,-0.298144630,0.676428887,0.666001641,-1.152321036,-0.170927555,-6.417326488,-1.240692027,-1.453812050,-1.197688425
11.265000000,0.485383837,0.488744657,-0.488744657,-0.285905349,0.648554557,0.642499377,0.478518621,0.504779585,-0.465575132,-0.297802171,0.675611777,0.665163551,-1.171595705,-0.191336915,-6.307288120,-1.215460438,-1.464174574,-1.209660053
11.270000000,0.484608752,0.487992300,-0.487992300,-0.285471913,0.647530416,0.641434289,0.477812373,0.504025887,-0.464819186,-0.297376140,0.674584932,0.664102043,-1.169763604,-0.169468386,-6.306220156,-1.209615384,-1.463668149,-1.207260246
11.275000000,0.483831363,0.487237706,-0.487237706,-0.285037188,0.646503231,0.640366034,0.476959404,0.503111171,-0.463882410,-0.296881314,0.673332154,0.662777710,-1.147170198,-0.120204565,-6.462792986,-1.242741254,-1.448804724,-1.193990669
11.280000000,0.483051678,0.486480883,-0.486480883,-0.284601179,0.645473012,0.639294624,0.476245331,0.502343682,-0.463093149,-0.296445798,0.672278993,0.661705599,-1.147238042,-0.142569622,-6.533103515,-1.268325962,-1.450455589,-1.197488963
11.285000000,0.482269705,0.485721840,-0.485721840,-0.284163891,0.644439770,0.638220071,0.475530144,0.501578758,-0.462317622,-0.295965786,0.671235175,0.660664067,-1.147929299,-0.177187373,-6.591152133,-1.291127793,-1.452346626,-1.199003660
11.290000000,0.481485453,0.484960584,-0.484960584,-0.283725329,0.643403517,0.637142385,0.474813790,0.500816139,-0.461553023,-0.295465300,0.670196706,0.659611810,-1.148824375,-0.200441642,-6.622543824,-1.304932442,-1.453144023,-1.200419415
11.295000000,0.480698931,0.484197124,-0.484197124,-0.283285496,0.642364263,0.636061579,0.474096213,0.500053253,-0.460797843,-0.294960286,0.669157255,0.658552425,-1.149510479,-0.212546573,-6.626745790,-1.310009012,-1.452684624,-1.201532687
11.300000000,0.479910146,0.483431468,-0.483431468,-0.282844399,0.641322020,0.634977665,0.473376610,0.499288465,-0.460051246,-0.294458792,0.668115023,0.657487868,-1.150041582,-0.208527570,-6.615376561,-1.309705965,-1.453631876,-1.202567799
11.305200000,0.479087419,0.482632866,-0.482632866,-0.282384321,0.640234930,0.633847109,0.472654979,0.498520550,-0.459310998,-0.293966264,0.667068691,0.656417343,-1.154682013,-0.204281514,-6.564996515,-1.298563894,-1.455919784,-1.205745199
11.310000000,0.478325824,0.481893603,-0.481893603,-0.281958429,0.639228614,0.632800558,0.471931528,0.497749074,-0.458572746,-0.293489290,0.666016427,0.655339416,-1.153123769,-0.165653232,-6.550190995,-1.292123649,-1.452162339,-1.203509955
11.315000000,0.477530305,0.481121410,-0.481121410,-0.281513565,0.638177473,0.631707390,0.471351014,0.497129786,-0.457980118,-0.293121513,0.665170404,0.654471263,-1.171229330,-0.199487870,-6.392903863,-1.253961281,-1.464169685,-1.216047550
11.320000000,0.476732559,0.480347056,-0.480347056,-0.281067456,0.637123388,0.630611161,0.470477537,0.496198279,-0.457082609,-0.292594971,0.663896449,0.653158221,-1.151207766,-0.145427439,-6.454856462,-1.258780938,-1.451168690,-1.201501971
11.325000000,0.475932593,0.479570547,-0.479570547,-0.280620107,0.636066373,0.629511883,0.469746834,0.495414990,-0.456319802,-0.292169275,0.662820851,0.652049292,-1.152421833,-0.136201712,-6.461471255,-1.262769781,-1.450416197,-1.204554309
11.330000000,0.475130419,0.478791894,-0.478791894,-0.280171522,0.635006438,0.628409569,0.469015820,0.494629354,-0.455558592,-0.291722006,0.661744456,0.650976154,-1.154067202,-0.141511669,-6.469745739,-1.267176067,-1.449795667,-1.205764556
11.335000000,0.474326043,0.478011105,-0.478011105,-0.279721706,0.633943595,0.627304230,0.468283472,0.493843163,-0.454795118,-0.291267376,0.660670584,0.649889980,-1.155177964,-0.142632076,-6.469061968,-1.267604159,-1.451467279,-1.206656363
11.340000000,0.473519476,0.477228188,-0.477228188,-0.279270664,0.632877855,0.626195880,0.467549470,0.493055810,-0.454028222,-0.290809771,0.659598095,0.648797953,-1.156377124,-0.141085140,-6.469507216,-1.268325158,-1.452215813,-1.207525251
11.345400000,0.472645932,0.476380259,-0.476380259,-0.278782169,0.631723618,0.624995494,0.466814169,0.492266693,-0.453257799,-0.290348955,0.658523689,0.647701678,-1.165156067,-0.148803704,-6.421531495,-1.257666433,-1.456717672,-1.213103602
11.350000000,0.471899803,0.475656008,-0.475656008,-0.278364925,0.630737737,0.623970194,0.466077548,0.491475096,-0.452481270,-0.289889142,0.657444524,0.646591036,-1.157242761,-0.132507532,-6.470486878,-1.267175147,-1.450579686,-1.207340096
11.355000000,0.471086714,0.474866761,-0.474866761,-0.277910237,0.629663381,0.622852883,0.465338573,0.490680200,-0.451695795,-0.289431813,0.656359532,0.645477342,-1.157805762,-0.129218044,-6.484084548,-1.272045389,-1.451380503,-1.209081086
11.360000000,0.470271471,0.474075422,-0.474075422,-0.277454343,0.628586178,0.621732611,0.464746284,0.490043002,-0.451067610,-0.289055958,0.655490873,0.644595844,-1.177541027,-0.157691420,-6.371094673,-1.247539938,-1.462675081,-1.221688475
11.365000000,0.469454081,0.473282001,-0.473282001,-0.276997250,0.627506139,0.620609389,0.463854832,0.489084497,-0.450121957,-0.288485318,0.654184452,0.643242821,-1.157163855,-0.102702400,-6.512175270,-1.277754404,-1.448883163,-1.206683047
11.370000000,0.468634555,0.472486504,-0.472486504,-0.276538961,0.626423276,0.619483230,0.463108167,0.488280632,-0.449323193,-0.288011069,0.653084860,0.642112488,-1.155835654,-0.129838064,-6.546697173,-1.292323039,-1.449607708,-1.210204045
11.375000000,0.467812900,0.471688943,-0.471688943,-0.276079483,0.625337602,0.618354148,0.462359750,0.487477715,-0.448532272,-0.287514919,0.651989347,0.641008628,-1.156365249,-0.144069422,-6.569229006,-1.302478528,-1.450864710,-1.211086244
11.380000000,0.466989128,0.470889326,-0.470889326,-0.275618820,0.624249129,0.617222156,0.461609875,0.486674348,-0.447747730,-0.287008056,0.650894554,0.639893894,-1.157121140,-0.151207513,-6.582903003,-1.309877709,-1.451058211,-1.212125489
11.385000000,0.466163247,0.470087661,-0.470087661,-0.275156978,0.623157870,0.616087265,0.461009021,0.486030670,-0.447122784,-0.286603024,0.650016977,0.638999729,-1.177098168,-0.175758311,-6.446967613,-1.278707984,-1.462819369,-1.224939883
11.390000000,0.465335266,0.469283959,-0.469283959,-0.274693962,0.622063837,0.614949489,0.460105067,0.485061660,-0.446179875,-0.286018057,0.648694070,0.637629559,-1.155833935,-0.122658619,-6.538535303,-1.292969688,-1.448596100,-1.209468519
11.395000000,0.464505195,0.468478228,-0.468478228,-0.274229777,0.620967042,0.613808842,0.459499917,0.484410272,-0.445541977,-0.285641529,0.647800702,0.636694873,-1.175540256,-0.142077582,-6.417786581,-1.267053679,-1.458895008,-1.223891545
11.400000000,0.463673044,0.467670478,-0.467670478,-0.273764429,0.619867498,0.612665335,0.458589537,0.483430870,-0.444587179,-0.285065161,0.646459965,0.635331951,-1.154074926,-0.102404784,-6.544937327,-1.294487114,-1.446616463,-1.209369691
11.405000000,0.462838823,0.466860717,-0.466860717,-0.273297922,0.618765218,0.611518984,0.457828199,0.482610658,-0.443780109,-0.284594233,0.645335329,0.634184033,-1.155760190,-0.109029793,-6.556849100,-1.300881756,-1.446101321,-1.212891915
11.410000000,0.462002540,0.466048956,-0.466048956,-0.272830264,0.617660215,0.610369799,0.457218484,0.481955195,-0.443141531,-0.284199784,0.644439934,0.633292980,-1.177858525,-0.132116890,-6.439657663,-1.276655114,-1.458496894,-1.226333597
11.415000000,0.461164205,0.465235204,-0.465235204,-0.272361458,0.616552501,0.609217796,0.456301267,0.480972121,-0.442187413,-0.283600529,0.643099803,0.631912921,-1.154644073,-0.113961390,-6.567175199,-1.305476483,-1.446947208,-1.211024968
11.420000000,0.460323829,0.464419469,-0.464419469,-0.271891510,0.615442089,0.608062987,0.455687340,0.480313776,-0.441544220,-0.283209321,0.642199617,0.630984100,-1.175174497,-0.140375773,-6.446822172,-1.280528728,-1.458755996,-1.226806353
11.425000000,0.459481421,0.463601762,-0.463601762,-0.271420426,0.614328992,0.606905386,0.454765829,0.479324441,-0.440583098,-0.282613233,0.640847484,0.629612729,-1.155152098,-0.105093716,-6.572540566,-1.308051477,-1.444741391,-1.211953435
11.430000000,0.458636990,0.462782093,-0.462782093,-0.270948211,0.613213224,0.605745006,0.453994876,0.478494843,-0.439770964,-0.282130348,0.639711194,0.628451259,-1.155542128,-0.097876813,-6.578724975,-1.312309124,-1.445144444,-1.215545833
11.435000000,0.457790548,0.461960470,-0.461960470,-0.270474870,0.612094796,0.604581861,0.453377362,0.477830959,-0.439128349,-0.281729555,0.638804718,0.627547242,-1.176602142,-0.135139672,-6.450521737,-1.285440387,-1.457768757,-1.228874227
11.440000000,0.456942103,0.461136903,-0.461136903,-0.270000410,0.610973723,0.603415964,0.452449344,0.476835108,-0.438168819,-0.281122627,0.637446570,0.626146234,-1.155637609,-0.100216085,-6.573861737,-1.312294395,-1.443211794,-1.213317206
11.445200000,0.456057606,0.460278342,-0.460278342,-0.269505790,0.609805013,0.602200527,0.451672313,0.476001106,-0.437360464,-0.280629353,0.636307295,0.624975845,-1.160288636,-0.105426702,-6.550558280,-1.310472613,-1.447483620,-1.219601354
11.450000000,0.455239245,0.459483977,-0.459483977,-0.269048153,0.608723691,0.601075970,0.451049829,0.475333851,-0.436719049,-0.280225785,0.635399286,0.624064307,-1.177472528,-0.129947743,-6.438415744,-1.285185706,-1.457067887,-1.229821730
11.455000000,0.454384852,0.458654638,-0.458654638,-0.268570367,0.607594758,0.599901900,0.450114154,0.474330615,-0.435750688,-0.279633742,0.634033251,0.622650007,-1.156317324,-0.077570148,-6.547374485,-1.305126803,-1.443623955,-1.214535394
11.460000000,0.453528497,0.457823393,-0.457823393,-0.268091484,0.606463233,0.598725133,0.449332011,0.473489218,-0.434930616,-0.279156222,0.632883537,0.621471229,-1.158034423,-0.078433845,-6.548656557,-1.308272913,-1.443180840,-1.218184586
11.465400000,0.452601441,0.456923521,-0.456923521,-0.267573063,0.605238289,0.597451213,0.448392753,0.472480792,-0.433957452,-0.278555257,0.631510553,0.620097143,-1.148647378,-0.077404861,-6.638749513,-1.334753184,-1.437920134,-1.212405294
11.470000000,0.451809941,0.456155228,-0.456155228,-0.267130447,0.604192458,0.596363566,0.447766922,0.471809581,-0.433315918,-0.278140406,0.630598686,0.619184237,-1.163819745,-0.111521557,-6.566972106,-1.324242764,-1.447180140,-1.223419291
11.475000000,0.450947759,0.455318328,-0.455318328,-0.266648306,0.603053234,0.595178794,0.446985013,0.470971869,-0.432520412,-0.277620567,0.629462618,0.618030602,-1.167412464,-0.096094474,-6.534547620,-1.314042555,-1.446288801,-1.222719811
11.480000000,0.450083656,0.454479563,-0.454479563,-0.266165089,0.601911471,0.593991380,0.446201678,0.470132174,-0.431718836,-0.277121161,0.628321693,0.616855325,-1.167295131,-0.099798187,-6.500755762,-1.304246164,-1.447099950,-1.223530437
11.485400000,0.449148278,0.453571612,-0.453571612,-0.265642016,0.600675531,0.592706024,0.445416437,0.469289870,-0.430909937,-0.276636222,0.627176457,0.615679476,-1.176495590,-0.094241587,-6.418222846,-1.281712349,-1.452358560,-1.229277630
11.490000000,0.448349726,0.452796476,-0.452796476,-0.265195456,0.599620382,0.591608688,0.444787123,0.468613022,-0.430255170,-0.276257779,0.626254957,0.614733345,-1.188672784,-0.091383641,-6.311494701,-1.251335703,-1.458630975,-1.236202772
11.495000000,0.447479919,0.451952174,-0.451952174,-0.264709051,0.598471083,0.590413437,0.443839938,0.467590329,-0.429248302,-0.275712771,0.624857812,0.613270992,-1.166504184,-0.022759442,-6.432538028,-1.270742024,-1.441882775,-1.219988755
11.500000000,0.446608233,0.451106047,-0.451106047,-0.264221594,0.597319300,0.589215602,0.443047135,0.466731662,-0.428392837,-0.275250077,0.623681558,0.612073600,-1.166544010,-0.031672596,-6.487214722,-1.290797574,-1.443338417,-1.224165007
11.505000000,0.445734676,0.450258105,-0.450258105,-0.263733091,0.596165046,0.588015198,0.442253185,0.465874262,-0.427543045,-0.274747177,0.622511342,0.610901059,-1.168715712,-0.046038522,-6.536935306,-1.308398213,-1.443069294,-1.225131126
11.510000000,0.444859260,0.449408359,-0.449408359,-0.263243548,0.595008335,0.586812239,0.441617058,0.465189843,-0.426866291,-0.274327942,0.621578593,0.609953449,-1.189174530,-0.089216837,-6.430890674,-1.287628386,-1.456263008,-1.238848078
11.515000000,0.443981995,0.448556817,-0.448556817,-0.262752972,0.593849181,0.585606739,0.440659469,0.464163362,-0.425847234,-0.273699515,0.620178855,0.608496935,-1.164490280,-0.060512413,-6.580432367,-1.320248060,-1.442970586,-1.222208077
11.520000000,0.443102892,0.447703491,-0.447703491,-0.262261367,0.592687598,0.584398713,0.439858152,0.463303100,-0.424990780,-0.273175723,0.619000799,0.607284788,-1.165378210,-0.071460876,-6.627166143,-1.339943800,-1.441820360,-1.226281430
11.525200000,0.442186686,0.446814150,-0.446814150,-0.261749014,0.591476990,0.583139701,0.439055611,0.462442951,-0.424148078,-0.272624890,0.617825151,0.606102683,-1.169538531,-0.093366184,-6.625724347,-1.346045354,-1.446029443,-1.229806362
11.530000000,0.441339213,0.445991527,-0.445991527,-0.261275098,0.590357201,0.581975140,0.438251232,0.461582836,-0.423313017,-0.272072002,0.616651260,0.604903335,-1.165664238,-0.089076614,-6.650494616,-1.353957461,-1.443644620,-1.227342680
11.535000000,0.440454658,0.445132910,-0.445132910,-0.260780445,0.589188415,0.580759623,0.437606579,0.460893298,-0.422647662,-0.271635854,0.615709172,0.603940206,-1.186603392,-0.116117985,-6.499240219,-1.319191860,-1.456137867,-1.241567950
11.540000000,0.439568308,0.444272550,-0.444272550,-0.260284788,0.588017256,0.579541639,0.436636956,0.459855516,-0.421649519,-0.270999826,0.614289951,0.602467070,-1.164210613,-0.059272681,-6.599232555,-1.336605146,-1.440029567,-1.224568749
11.545400000,0.438609045,0.443341415,-0.443341415,-0.259748357,0.586749756,0.578223461,0.435825891,0.458984164,-0.420809098,-0.270486230,0.613093949,0.601232799,-1.173129346,-0.066425291,-6.548113178,-1.328490299,-1.445450521,-1.233276739
11.550000000,0.437790263,0.442546642,-0.442546642,-0.259290485,0.585667878,0.577098326,0.435013572,0.458112078,-0.419974950,-0.269962577,0.611900418,0.600027706,-1.165281642,-0.051893111,-6.590493768,-1.338380414,-1.440115949,-1.227195544
11.555000000,0.436898591,0.441681115,-0.441681115,-0.258791852,0.584489687,0.575873028,0.434199888,0.457238609,-0.419138825,-0.269445322,0.610705268,0.598815462,-1.167223553,-0.053485042,-6.576538738,-1.336704167,-1.439765490,-1.229499804
11.560000000,0.436005165,0.440813887,-0.440813887,-0.258292239,0.583309180,0.574645321,0.433385057,0.456365249,-0.418306030,-0.268925716,0.609513288,0.597611506,-1.168638274,-0.053511807,-6.558948979,-1.333225756,-1.441187536,-1.230425003
11.565000000,0.435109999,0.439944969,-0.439944969,-0.257791651,0.582126372,0.573415221,0.432569433,0.455491105,-0.417473464,-0.268408697,0.608321743,0.596401480,-1.170611186,-0.050854314,-6.538107580,-1.328220477,-1.440780469,-1.231438624
11.570000000,0.434213101,0.439074371,-0.439074371,-0.257290096,0.580941277,0.572182744,0.431752638,0.454615633,-0.416638238,-0.267897325,0.607129338,0.595186283,-1.171936616,-0.042955800,-6.516362195,-1.321915829,-1.441657028,-1.232249629
11.575000000,0.433314485,0.438202104,-0.438202104,-0.256787580,0.579753910,0.570947903,0.430934956,0.453738128,-0.415797977,-0.267391963,0.605933979,0.593966287,-1.173594473,-0.035486324,-6.497551366,-1.316105706,-1.440841590,-1.232960760
11.580000000,0.432414159,0.437328178,-0.437328178,-0.256284107,0.578564286,0.569710714,0.430115882,0.452858725,-0.414951868,-0.266889758,0.604736309,0.592742561,-1.174518446,-0.027479479,-6.486311264,-1.312330187,-1.441550836,-1.233639860
11.585000000,0.431512136,0.436452604,-0.436452604,-0.255779686,0.577372418,0.568471192,0.429295726,0.451977302,-0.414099164,-0.266388559,0.603535503,0.591515814,-1.175864225,-0.022100618,-6.480074978,-1.310030230,-1.440700359,-1.234288190
11.590000000,0.430608426,0.435575394,-0.435575394,-0.255274321,0.576178322,0.567229354,0.428474000,0.451094202,-0.413240771,-0.265883566,0.602332514,0.590285090,-1.176307319,-0.018527739,-6.486635330,-1.311969215,-1.441339261,-1.234896428
11.595000000,0.429703042,0.434696557,-0.434696557,-0.254768020,0.574982013,0.565985212,0.427650946,0.450209351,-0.412377138,-0.265372689,0.601126498,0.589051057,-1.177091665,-0.017655092,-6.497553049,-1.315466380,-1.440426300,-1.235464329
11.600000000,0.428795993,0.433816105,-0.433816105,-0.254260788,0.573783504,0.564738784,0.426826044,0.449323142,-0.411509069,-0.264855578,0.599918510,0.587813944,-1.177142684,-0.017319934,-6.512616980,-1.320309283,-1.441015654,-1.236018013
11.605000000,0.427887290,0.432934048,-0.432934048,-0.253752631,0.572582812,0.563490085,0.425999600,0.448435415,-0.410638135,-0.264330734,0.598707562,0.586573835,-1.177566629,-0.019267249,-6.530623125,-1.326653193,-1.440025307,-1.236547967
11.610000000,0.426976947,0.432050397,-0.432050397,-0.253243557,0.571379950,0.562239129,0.425171137,0.447546485,-0.409765293,-0.263799290,0.597494637,0.585331400,-1.177352708,-0.020795937,-6.547976971,-1.332809836,-1.440546553,-1.237088954
11.615000000,0.426064972,0.431165164,-0.431165164,-0.252733571,0.570174933,0.560985933,0.424340985,0.446656050,-0.408891906,-0.263261285,0.596278696,0.584086061,-1.177593981,-0.023096153,-6.564762506,-1.339295856,-1.439488176,-1.237591944
11.620000000,0.425151379,0.430278360,-0.430278360,-0.252222679,0.568967777,0.559730512,0.423508700,0.445764267,-0.408019096,-0.262717798,0.595060660,0.582838165,-1.177236651,-0.024273553,-6.578867569,-1.345033675,-1.439940650,-1.238094593
11.625000000,0.424236177,0.429389994,-0.429389994,-0.251710888,0.567758497,0.558472882,0.422674660,0.444870894,-0.407147290,-0.262171235,0.593839575,0.581587873,-1.177490925,-0.025237238,-6.586828892,-1.349049190,-1.438827975,-1.238567334
11.630200000,0.423282674,0.428464450,-0.428464450,-0.251177678,0.566498608,0.557162619,0.421838486,0.443976073,-0.406276741,-0.261623669,0.592616336,0.580335298,-1.181327068,-0.030193765,-6.561137107,-1.344448268,-1.441858783,-1.241741362
11.635000000,0.422400996,0.427608625,-0.427608625,-0.250684634,0.565333622,0.555951055,0.421000403,0.443079237,-0.405405507,-0.261079715,0.591389441,0.579074875,-1.176914165,-0.017266214,-6.585262534,-1.349857264,-1.437576252,-1.238505043
11.640000000,0.421481040,0.426715644,-0.426715644,-0.250170184,0.564118059,0.554686889,0.420159967,0.442180005,-0.404532786,-0.260538549,0.590158673,0.577814387,-1.176841166,-0.014983412,-6.588141615,-1.352488110,-1.437950288,-1.239660651
11.645000000,0.420559521,0.425821146,-0.425821146,-0.249654860,0.562900431,0.553420578,0.419318079,0.441279257,-0.403662225,-0.259993990,0.588925923,0.576557924,-1.177406273,-0.014579982,-6.586485508,-1.353643799,-1.436926464,-1.240102161
11.650000000,0.419636451,0.424925143,-0.424925143,-0.249138669,0.561680754,0.552152135,0.418643329,0.440557771,-0.402966532,-0.259558421,0.587938820,0.575550083,-1.198254115,-0.043662303,-6.433578658,-1.317071461,-1.450064878,-1.254095046
11.655000000,0.418711842,0.424027646,-0.424027646,-0.248621617,0.560459043,0.550881577,0.417628301,0.439471823,-0.401915998,-0.258917151,0.586452583,0.574003567,-1.174399868,0.018996498,-6.564724556,-1.342106313,-1.433691729,-1.235997127
11.660000000,0.417785706,0.423128666,-0.423128666,-0.248103711,0.559235314,0.549608920,0.416778719,0.438559948,-0.401023112,-0.258400862,0.585202116,0.572712843,-1.174683614,0.026033640,-6.579810299,-1.348364910,-1.434077190,-1.239451773
11.665000000,0.416858053,0.422228214,-0.422228214,-0.247584957,0.558009581,0.548334179,0.415928456,0.437648389,-0.400138834,-0.257857599,0.583954920,0.571463721,-1.175683035,0.011020261,-6.605014203,-1.360122109,-1.433806748,-1.240371573
11.670000000,0.415928896,0.421326302,-0.421326302,-0.247065362,0.556781861,0.547057371,0.415077091,0.436738681,-0.399260042,-0.257302278,0.582712059,0.570203012,-1.176271762,0.000314290,-6.611366279,-1.364572424,-1.434863808,-1.241241032
11.675000000,0.414998246,0.420422941,-0.420422941,-0.246544933,0.555552168,0.545778512,0.414224869,0.435829413,-0.398384317,-0.256745392,0.581469954,0.568938869,-1.177440337,-0.003008442,-6.608193460,-1.365781839,-1.434207564,-1.242016086
11.680000000,0.414066115,0.419518143,-0.419518143,-0.246023674,0.554320518,0.544497618,0.413371371,0.434919471,-0.397510195,-0.256191189,0.580227264,0.567669849,-1.177972706,-0.001085181,-6.598296732,-1.364182666,-1.434746473,-1.242628017
11.685000000,0.413132515,0.418611918,-0.418611918,-0.245501595,0.553086927,0.543214705,0.412516911,0.434008011,-0.396635880,-0.255642666,0.578981940,0.566398239,-1.179108240,0.003956055,-6.582576939,-1.360386642,-1.433758579,-1.243220860
11.690000000,0.412197457,0.417704278,-0.417704278,-0.244978700,0.551851410,0.541929788,0.411661012,0.433094811,-0.395760875,-0.255098292,0.577734541,0.565122919,-1.179505417,0.010042850,-6.569937045,-1.357357772,-1.434147190,-1.243735403
11.695000000,0.411260954,0.416795235,-0.416795235,-0.244454996,0.550613982,0.540642885,0.410804066,0.432179589,-0.394884322,-0.254556656,0.576484019,0.563845131,-1.180500177,0.016244379,-6.558587600,-1.354673579,-1.433080584,-1.244235631
11.700000000,0.410323016,0.415884800,-0.415884800,-0.243930491,0.549374660,0.539354011,0.409945621,0.431262743,-0.394004549,-0.254019107,0.575231729,0.562564493,-1.180883808,0.022281511,-6.546373265,-1.351011249,-1.433483763,-1.244679037
11.705000000,0.409383656,0.414972984,-0.414972984,-0.243405190,0.548133458,0.538063183,0.409257984,0.430528076,-0.393298000,-0.253591016,0.574228238,0.561538352,-1.202053780,-0.005610124,-6.388238612,-1.311924051,-1.446843586,-1.258848603
11.710000000,0.408442886,0.414059800,-0.414059800,-0.242879101,0.546890393,0.536770417,0.408224534,0.429422895,-0.392226268,-0.252961737,0.572717006,0.559969661,-1.178998116,0.058063772,-6.517852464,-1.335089431,-1.430149931,-1.240679657
11.715000000,0.407500717,0.413145258,-0.413145258,-0.242352230,0.545645480,0.535475729,0.407360372,0.428495283,-0.391313740,-0.252448492,0.571445152,0.558651582,-1.179609344,0.063499303,-6.550148608,-1.346665259,-1.429098192,-1.243838650
11.720000000,0.406557162,0.412229370,-0.412229370,-0.241824583,0.544398735,0.534179136,0.406495019,0.427568220,-0.390407878,-0.251902068,0.570177816,0.557377566,-1.179743750,0.046664066,-6.589238751,-1.362070365,-1.430266626,-1.244687871
11.725000000,0.405612232,0.411312148,-0.411312148,-0.241296168,0.543150174,0.532880654,0.405628837,0.426642991,-0.389505805,-0.251339666,0.568913972,0.556094893,-1.180676991,0.035062348,-6.610658472,-1.371132129,-1.429910788,-1.245565903
11.730000000,0.404665940,0.410393603,-0.410393603,-0.240766990,0.541899812,0.531580300,0.404761316,0.425718553,-0.388606521,-0.250771069,0.567651850,0.554808187,-1.180877832,0.028411775,-6.623026704,-1.377009981,-1.430631129,-1.246302412
11.735000000,0.403718297,0.409473747,-0.409473747,-0.240237058,0.540647666,0.530278090,0.404066507,0.424978802,-0.387888834,-0.250314905,0.566641547,0.553776282,-1.201998209,-0.006655770,-6.472963807,-1.341724297,-1.444312208,-1.260757803
11.740000000,0.402769316,0.408552592,-0.408552592,-0.239706377,0.539393751,0.528974040,0.403196378,0.424052233,-0.386989462,-0.249752168,0.565374929,0.552469255,-1.199969809,0.014438097,-6.461791199,-1.334452882,-1.441449876,-1.257444321
11.745000000,0.401819008,0.407630150,-0.407630150,-0.239174954,0.538138083,0.527668168,0.402146991,0.422929543,-0.385883734,-0.249112205,0.563833399,0.550838072,-1.174546824,0.094029041,-6.619876555,-1.366597648,-1.422902878,-1.240419604
11.750600000,0.400753103,0.406595500,-0.406595500,-0.238578888,0.536729675,0.526203447,0.401269369,0.421988899,-0.384949347,-0.248585404,0.562540498,0.549527640,-1.187920956,0.062574090,-6.549715081,-1.353544401,-1.432332234,-1.252955395
11.755000000,0.399914461,0.405781449,-0.405781449,-0.238109910,0.535621554,0.525051021,0.400566984,0.421239626,-0.384213301,-0.248135270,0.561513676,0.548502400,-1.195765760,0.029942637,-6.517604839,-1.350026868,-1.437963541,-1.257337450
11.760000000,0.398960247,0.404855214,-0.404855214,-0.237576302,0.534360725,0.523739780,0.399511146,0.420115716,-0.383108441,-0.247450642,0.559971334,0.546901583,-1.171968769,0.070958060,-6.708739608,-1.397906265,-1.421477722,-1.240726731
11.765000000,0.398004754,0.403927739,-0.403927739,-0.237041980,0.533098206,0.522426783,0.398629586,0.419176224,-0.382187898,-0.246871929,0.558679008,0.545600251,-1.173680908,0.055093323,-6.747702443,-1.417024296,-1.421036448,-1.245639141
11.770000000,0.397047996,0.402999035,-0.402999035,-0.236506950,0.531834016,0.521112047,0.397747838,0.418239873,-0.381291538,-0.246256593,0.557395883,0.544321236,-1.174517895,0.028253275,-6.777549890,-1.434249623,-1.423028117,-1.246818432
11.775000000,0.396089984,0.402069115,-0.402069115,-0.235971219,0.530568169,0.519795588,0.396865829,0.417306454,-0.380409099,-0.245641381,0.556119537,0.543029594,-1.176677362,0.018369395,-6.752499064,-1.431052642,-1.423325499,-1.248059538
11.780000000,0.395130731,0.401137989,-0.401137989,-0.235434794,0.529300682,0.518477424,0.395983102,0.416373636,-0.379536018,-0.245041209,0.554845922,0.541732474,-1.178202675,0.020204862,-6.709899152,-1.421360194,-1.424417017,-1.249040809
11.785000000,0.394170249,0.400205671,-0.400205671,-0.234897682,0.528031571,0.517157571,0.395100075,0.415439149,-0.378667011,-0.244461722,0.553570380,0.540429811,-1.180427581,0.033045681,-6.653413129,-1.405616460,-1.423768252,-1.249785207
11.790000000,0.393208550,0.399272171,-0.399272171,-0.234359889,0.526760852,0.515836045,0.394216265,0.414502229,-0.377797503,-0.243904149,0.552292584,0.539123025,-1.181977882,0.048664928,-6.593513940,-1.387583721,-1.424333768,-1.250437816
11.795000000,0.392245647,0.398337503,-0.398337503,-0.233821423,0.525488542,0.514512865,0.393332090,0.413562520,-0.376923585,-0.243365024,0.551011209,0.537812396,-1.184126061,0.066588706,-6.540430029,-1.370810889,-1.423495531,-1.250967668
11.800000000,0.391281552,0.397401677,-0.397401677,-0.233282290,0.524214657,0.513188047,0.392624233,0.412808906,-0.376218516,-0.242944934,0.549984225,0.536761844,-1.206249687,0.045225146,-6.346027273,-1.319129241,-1.437493556,-1.265544998
11.805000000,0.390316277,0.396464707,-0.396464707,-0.232742497,0.522939214,0.511861608,0.391560574,0.411673883,-0.375139234,-0.242340367,0.548437107,0.535149455,-1.183442838,0.127005387,-6.452781652,-1.332360753,-1.420253000,-1.246570816
11.810000000,0.389349835,0.395526603,-0.395526603,-0.232202052,0.521662228,0.510533564,0.390671557,0.410721134,-0.374213344,-0.241848440,0.547135841,0.533814513,-1.184597800,0.131351988,-6.477364657,-1.340662848,-1.420820308,-1.250852313
11.815000000,0.388382239,0.394587379,-0.394587379,-0.231660961,0.520383716,0.509203934,0.389782533,0.409769632,-0.373286765,-0.241322831,0.545838495,0.532509501,-1.185938215,0.120015993,-6.513164186,-1.353050032,-1.420819034,-1.251387335
11.820000000,0.387413499,0.393647045,-0.393647045,-0.231119231,0.519103694,0.507872734,0.388892722,0.408820648,-0.372357130,-0.240778025,0.544546112,0.531192507,-1.186507988,0.106379114,-6.543335381,-1.363181951,-1.421912440,-1.252218030
11.825000000,0.386443630,0.392705615,-0.392705615,-0.230576869,0.517822180,0.506539982,0.388002387,0.407872905,-0.371426386,-0.240216389,0.543254601,0.529871948,-1.187361988,0.098941505,-6.578663364,-1.375654007,-1.421387881,-1.252881007
11.830000000,0.385472644,0.391763100,-0.391763100,-0.230033883,0.516539189,0.505205694,0.387110919,0.406925360,-0.370496265,-0.239640034,0.541962941,0.528548295,-1.187251638,0.090311082,-6.613491817,-1.388262011,-1.421903941,-1.253525357
11.835000000,0.384500552,0.390819513,-0.390819513,-0.229490278,0.515254738,0.503869887,0.386218526,0.405977471,-0.369567938,-0.239053406,0.540669130,0.527221396,-1.187651724,0.086386160,-6.641343974,-1.398983569,-1.421046042,-1.254047392
11.840000000,0.383527368,0.389874865,-0.389874865,-0.228946063,0.513968844,0.502532580,0.385324605,0.405028934,-0.368642539,-0.238460474,0.539373736,0.525891601,-1.187271428,0.081560478,-6.661922038,-1.407526355,-1.421324704,-1.254533646
11.845000000,0.382553105,0.388929169,-0.388929169,-0.228401243,0.512681523,0.501193789,0.384429466,0.404079594,-0.367720300,-0.237866499,0.538075540,0.524559230,-1.187615024,0.081299156,-6.668925871,-1.411746560,-1.420307237,-1.254919320
11.850000000,0.381577774,0.387982437,-0.387982437,-0.227855827,0.511392792,0.499853531,0.383532603,0.403129212,-0.366802031,-0.237273014,0.536775607,0.523224563,-1.187268160,0.080557260,-6.670858347,-1.414467280,-1.420514460,-1.255303380
11.855000000,0.380601389,0.387034682,-0.387034682,-0.227309822,0.510102668,0.498511824,0.382634465,0.402177518,-0.365886897,-0.236683029,0.535472723,0.521888425,-1.187716034,0.084454709,-6.663636097,-1.414059220,-1.419411636,-1.255642512
11.860000000,0.379623961,0.386085915,-0.386085915,-0.226763233,0.508811166,0.497168685,0.381734676,0.401224373,-0.364974192,-0.236098115,0.534167874,0.520550446,-1.187550343,0.087688478,-6.651237936,-1.411724050,-1.419488644,-1.255974749
11.865000000,0.378645504,0.385136149,-0.385136149,-0.226216069,0.507518305,0.495824131,0.381013923,0.400460773,-0.364244999,-0.235634504,0.533122188,0.519478863,-1.208499904,0.055427144,-6.477998549,-1.368714882,-1.433492700,-1.270613051
11.870000000,0.377666031,0.384185396,-0.384185396,-0.225668337,0.506224100,0.494478181,0.379930262,0.399311586,-0.363145507,-0.234954275,0.531547080,0.517835609,-1.184195641,0.126606137,-6.610687702,-1.394272813,-1.415466376,-1.251156866
11.875000000,0.376685553,0.383233668,-0.383233668,-0.225120042,0.504928568,0.493130850,0.379205571,0.398539535,-0.362396553,-0.234522199,0.530485070,0.516726298,-1.205164718,0.103651898,-6.448330384,-1.353134785,-1.428593778,-1.268177583
11.880000000,0.375704084,0.382280978,-0.382280978,-0.224571194,0.503631727,0.491782158,0.378117139,0.397380262,-0.361272114,-0.233861121,0.528892120,0.515104170,-1.181825339,0.154774555,-6.618041652,-1.392408647,-1.411609803,-1.249954605
11.885000000,0.374721637,0.381327339,-0.381327339,-0.224021798,0.502333593,0.490432121,0.377207772,0.396411667,-0.360323627,-0.233309784,0.527560217,0.513753904,-1.183200040,0.146910580,-6.651816527,-1.406655609,-1.411507252,-1.254476908
11.890000000,0.373738224,0.380372762,-0.380372762,-0.223471863,0.501034182,0.489080756,0.376479978,0.395639456,-0.359573928,-0.232844208,0.526501705,0.512698735,-1.204611101,0.091388892,-6.515781878,-1.377981712,-1.426815854,-1.269576596
11.895000000,0.372753858,0.379417259,-0.379417259,-0.222921394,0.499733512,0.487728082,0.375386866,0.394483779,-0.358448216,-0.232148458,0.524919274,0.511066247,-1.181726090,0.140976569,-6.670884031,-1.411534589,-1.410319147,-1.250955061
11.900000000,0.371768551,0.378460844,-0.378460844,-0.222370399,0.498431600,0.486374116,0.374473475,0.393517546,-0.357499052,-0.231581287,0.523594718,0.509702711,-1.182500545,0.134177018,-6.696519573,-1.423465150,-1.411259381,-1.255046339
11.905000000,0.370782317,0.377503529,-0.377503529,-0.221818886,0.497128462,0.485018876,0.373560340,0.392553101,-0.356565806,-0.230982634,0.522274752,0.508376009,-1.183871610,0.119169777,-6.723311602,-1.437344161,-1.411288756,-1.255925100
11.910000000,0.369795168,0.376545326,-0.376545326,-0.221266861,0.495824116,0.483662378,0.372646892,0.391590456,-0.355644445,-0.230370311,0.520958814,0.507037160,-1.184594480,0.107284787,-6.730402861,-1.443869855,-1.412224471,-1.256897081
11.915000000,0.368807118,0.375586247,-0.375586247,-0.220714332,0.494518578,0.482304642,0.371915983,0.390820837,-0.354912192,-0.229883465,0.519906739,0.505963907,-1.206225366,0.068397839,-6.553110649,-1.400662723,-1.426928319,-1.272036055
11.920000000,0.367818178,0.374626306,-0.374626306,-0.220161306,0.493211866,0.480945683,0.370818269,0.389663860,-0.353810568,-0.229178621,0.518323917,0.504314226,-1.183284964,0.139504850,-6.670630336,-1.422001004,-1.409251460,-1.252756454
11.925000000,0.366828363,0.373665514,-0.373665514,-0.219607790,0.491903995,0.479585521,0.369901553,0.388692324,-0.352870117,-0.228635234,0.516990483,0.502930514,-1.185222580,0.162425646,-6.633444575,-1.408289067,-1.407825092,-1.255914508
11.930000000,0.365837684,0.372703885,-0.372703885,-0.219053792,0.490594985,0.478224173,0.368984514,0.387720990,-0.351937241,-0.228073161,0.515661180,0.501596616,-1.185955787,0.148607856,-6.652867699,-1.419531003,-1.408989376,-1.257019975
11.935000000,0.364846155,0.371741430,-0.371741430,-0.218499318,0.489284851,0.476861657,0.368067475,0.386751522,-0.351012435,-0.227491258,0.514335986,0.500253708,-1.187487194,0.142455100,-6.656701594,-1.423758722,-1.408953187,-1.257990807
11.940000000,0.363853789,0.370778162,-0.370778162,-0.217944375,0.487973610,0.475497989,0.367149862,0.385783032,-0.350090437,-0.226906284,0.513013547,0.498904825,-1.188268723,0.138199311,-6.648846212,-1.423216020,-1.409653416,-1.258693072
11.945000000,0.362860598,0.369814094,-0.369814094,-0.217388972,0.486661281,0.474133189,0.366231999,0.384814462,-0.349168627,-0.226324703,0.511690541,0.497552396,-1.189619679,0.142849971,-6.635199170,-1.420190747,-1.409042719,-1.259277392
11.950000000,0.361866596,0.368849238,-0.368849238,-0.216833114,0.485347879,0.472767274,0.365497212,0.384038969,-0.348430612,-0.225862108,0.510631454,0.496468109,-1.210922060,0.107637236,-6.460122928,-1.376178154,-1.423658120,-1.274311223
11.955000000,0.360871796,0.367883608,-0.367883608,-0.216276811,0.484033422,0.471400262,0.364393065,0.382872500,-0.347311254,-0.225188418,0.509038012,0.494807492,-1.187506646,0.183533634,-6.594971328,-1.400551311,-1.405858450,-1.254896611
11.960000000,0.359876210,0.366917215,-0.366917215,-0.215720068,0.482717927,0.470032170,0.363654849,0.382089391,-0.346548150,-0.224755717,0.507965078,0.493683032,-1.208250354,0.153249540,-6.444676446,-1.363955021,-1.419775349,-1.272239207
11.965000000,0.358879851,0.365950072,-0.365950072,-0.215162893,0.481401411,0.468663017,0.362546323,0.380914447,-0.345403462,-0.224083437,0.506355708,0.492037610,-1.184966373,0.203105032,-6.634881430,-1.409781219,-1.402465097,-1.253796899
11.970000000,0.357882733,0.364982192,-0.364982192,-0.214605293,0.480083893,0.467292820,0.361619974,0.379933523,-0.344437633,-0.223521332,0.505009707,0.490667551,-1.185278791,0.188290794,-6.674623804,-1.426007517,-1.403319007,-1.258401321
11.975000000,0.356884869,0.364013588,-0.364013588,-0.214047276,0.478765387,0.465921598,0.360693798,0.378956918,-0.343484857,-0.222925670,0.503671157,0.489323729,-1.186527683,0.166947825,-6.709636417,-1.441701934,-1.403620008,-1.259035558
11.980000000,0.355886271,0.363044271,-0.363044271,-0.213488849,0.477445913,0.464549368,0.359767391,0.377983725,-0.342542214,-0.222312745,0.502338799,0.487969094,-1.187179577,0.150158675,-6.730994232,-1.452329965,-1.404610446,-1.260066075
11.985000000,0.354886954,0.362074256,-0.362074256,-0.212930020,0.476125488,0.463176148,0.358841026,0.377011544,-0.341606903,-0.221696009,0.501007510,0.486610590,-1.188384265,0.148258548,-6.734580923,-1.456687517,-1.404151616,-1.260759597
11.990000000,0.353886929,0.361103554,-0.361103554,-0.212370794,0.474804128,0.461801957,0.357914096,0.376038819,-0.340678066,-0.221081347,0.499676187,0.485247483,-1.188841428,0.146781290,-6.726433654,-1.456910766,-1.404484028,-1.261338009
11.995000000,0.352886210,0.360132178,-0.360132178,-0.211811181,0.473481850,0.460426811,0.357172278,0.375259929,-0.339938249,-0.220594785,0.498609951,0.484155168,-1.209984262,0.110301645,-6.545218336,-1.411854562,-1.419173682,-1.276449049
12.000000000,0.351884810,0.359160142,-0.359160142,-0.211251187,0.472158673,0.459050730,0.356057981,0.374087683,-0.338820693,-0.219893514,0.497003130,0.482482087,-1.186595044,0.189815901,-6.666651387,-1.432958309,-1.400353936,-1.256806803
12.005000000,0.350882742,0.358187457,-0.358187457,-0.210690819,0.470834614,0.457673732,0.355126506,0.373103373,-0.337874079,-0.219331794,0.495650346,0.481087346,-1.186984094,0.199993393,-6.670498469,-1.436836743,-1.399444902,-1.260598823
12.010000000,0.349880019,0.357214137,-0.357214137,-0.210130085,0.469509690,0.456295833,0.354380884,0.372316792,-0.337123589,-0.218866577,0.494572033,0.480004678,-1.208230266,0.151037123,-6.507980545,-1.398683361,-1.414812440,-1.275731191
12.015000000,0.348876655,0.356240194,-0.356240194,-0.209568993,0.468183918,0.454917053,0.353261216,0.371138043,-0.335994078,-0.218175781,0.492956939,0.478329537,-1.185256689,0.212305785,-6.650402792,-1.427510862,-1.397161191,-1.256149437
12.020000000,0.347872663,0.355265641,-0.355265641,-0.209007549,0.466857315,0.453537410,0.352326216,0.370151138,-0.335031822,-0.217628271,0.491602552,0.476950189,-1.186634479,0.218322379,-6.648706744,-1.427473809,-1.397428737,-1.260900264
12.025000000,0.346868055,0.354290491,-0.354290491,-0.208445761,0.465529900,0.452156921,0.351578598,0.369362823,-0.334269791,-0.217167238,0.490522960,0.475868152,-1.207869406,0.165064157,-6.506924548,-1.396863040,-1.412960324,-1.276003746
12.030000000,0.345862846,0.353314756,-0.353314756,-0.207883637,0.464201689,0.450775605,0.350456609,0.368181957,-0.333126499,-0.216467063,0.488906062,0.474193893,-1.185160255,0.220731194,-6.678901908,-1.435961014,-1.395328705,-1.256686216
12.035000000,0.344857047,0.352338450,-0.352338450,-0.207321183,0.462872701,0.449393480,0.349520211,0.367194051,-0.332162422,-0.215889240,0.487551017,0.472811652,-1.186866761,0.219731386,-6.714919452,-1.451641558,-1.395287987,-1.261469132
12.040200000,0.343810407,0.351322500,-0.351322500,-0.206735890,0.461489746,0.447955232,0.348771206,0.366405644,-0.331402705,-0.215400812,0.486472129,0.471729242,-1.211726971,0.147385263,-6.543436812,-1.415087248,-1.414577700,-1.279673598
12.045000000,0.342843737,0.350384175,-0.350384175,-0.206195317,0.460212459,0.446626876,0.347646993,0.365225342,-0.330266962,-0.214667173,0.484856801,0.470047872,-1.184896043,0.218796470,-6.740499829,-1.459915799,-1.393116660,-1.256392898
12.050000000,0.341836252,0.349406232,-0.349406232,-0.205631920,0.458881242,0.445242433,0.346708031,0.364237651,-0.329305569,-0.214082599,0.483501437,0.468650466,-1.185855436,0.213762350,-6.750230123,-1.466415349,-1.393684534,-1.261348077
12.055000000,0.340828230,0.348427768,-0.348427768,-0.205068223,0.457549316,0.443857253,0.345769532,0.363252868,-0.328360680,-0.213472160,0.482151829,0.467290814,-1.187235811,0.199420486,-6.765027144,-1.476632746,-1.393988528,-1.261773730
12.060000000,0.339819687,0.347448797,-0.347448797,-0.204504234,0.456216699,0.442471355,0.344830912,0.362270924,-0.327427126,-0.212853589,0.480807941,0.465921927,-1.188207698,0.186615228,-6.757085357,-1.478083908,-1.394962485,-1.262763943
12.065000000,0.338810633,0.346469332,-0.346469332,-0.203939960,0.454883410,0.441084757,0.343892548,0.361289974,-0.326500253,-0.212240072,0.479465125,0.464549932,-1.189773471,0.189401776,-6.734778401,-1.473853312,-1.394630902,-1.263395075
12.070000000,0.337801084,0.345489385,-0.345489385,-0.203375409,0.453549465,0.439697478,0.342953862,0.360308299,-0.325576935,-0.211636541,0.478122412,0.463173974,-1.190619684,0.192260467,-6.703791141,-1.465896676,-1.394951607,-1.263934318
12.075000000,0.336791052,0.344508970,-0.344508970,-0.202810587,0.452214883,0.438309535,0.342015199,0.359325399,-0.324653841,-0.211045776,0.476777755,0.461795644,-1.192054424,0.203909270,-6.668698362,-1.455767041,-1.394298295,-1.264341190
12.080000000,0.335780551,0.343528098,-0.343528098,-0.202245504,0.450879680,0.436920948,0.341263964,0.358537806,-0.323914100,-0.210581381,0.475700955,0.460691222,-1.213101160,0.170425457,-6.472494030,-1.404374882,-1.409226340,-1.279510905
12.085000000,0.334769593,0.342546785,-0.342546785,-0.201680165,0.449543874,0.435531733,0.340135979,0.357353184,-0.322795936,-0.209901537,0.474081857,0.459008587,-1.190823969,0.246975577,-6.600921139,-1.428786544,-1.391322175,-1.260151051
12.090000000,0.333758193,0.341565041,-0.341565041,-0.201114578,0.448207483,0.434141910,0.339382347,0.356557977,-0.322033176,-0.209467623,0.472993064,0.457878821,-1.211722393,0.219336341,-6.429966171,-1.384384716,-1.405819141,-1.278528913
12.095000000,0.332746363,0.340582880,-0.340582880,-0.200548751,0.446870525,0.432751496,0.338250656,0.355364406,-0.320882874,-0.208804000,0.471361451,0.456207976,-1.188872458,0.280418623,-6.607233960,-1.424701064,-1.388547085,-1.259248458
12.100000000,0.331734117,0.339600315,-0.339600315,-0.199982692,0.445533017,0.431360511,0.337305378,0.354367312,-0.319908565,-0.208248365,0.469997841,0.454809285,-1.189470636,0.269394438,-6.650098570,-1.440969417,-1.389229174,-1.263565802
12.105000000,0.330721468,0.338617360,-0.338617360,-0.199416407,0.444194976,0.429968972,0.336360709,0.353374961,-0.318939895,-0.207665287,0.468640849,0.453442251,-1.190494381,0.250951231,-6.678560309,-1.452255462,-1.389733279,-1.263998550
12.110000000,0.329708429,0.337634026,-0.337634026,-0.198849905,0.442856421,0.428576898,0.335605165,0.352584024,-0.318168746,-0.207186263,0.467558926,0.452338375,-1.211302371,0.197041491,-6.532656424,-1.418800765,-1.405152082,-1.279483051
12.115000000,0.328695015,0.336650327,-0.336650327,-0.198283192,0.441517369,0.427184307,0.334470811,0.351398069,-0.317010450,-0.206466629,0.465936070,0.450647793,-1.188302914,0.258971758,-6.713889773,-1.460956739,-1.387475612,-1.259822812
12.120000000,0.327681237,0.335666276,-0.335666276,-0.197716276,0.440177837,0.425791218,0.333713130,0.350603701,-0.316230123,-0.205992294,0.464846598,0.449509931,-1.208864069,0.214466040,-6.581325753,-1.432779401,-1.402341266,-1.278130121
12.125000000,0.326667111,0.334681886,-0.334681886,-0.197149165,0.438837844,0.424397648,0.332576121,0.349413037,-0.315068077,-0.205260379,0.463213152,0.447825980,-1.185945399,0.266157688,-6.778888334,-1.482634986,-1.384329568,-1.258465456
12.130000000,0.325652648,0.333697170,-0.333697170,-0.196581866,0.437497407,0.423003617,0.331627011,0.348418008,-0.314098411,-0.204643653,0.461844308,0.446421808,-1.186453242,0.252483828,-6.836138398,-1.507674893,-1.383931932,-1.262903620
12.135000000,0.324637863,0.332712141,-0.332712141,-0.196014387,0.436156544,0.421609143,0.330678468,0.347427538,-0.313144573,-0.204009938,0.460482056,0.445056704,-1.187444299,0.232943848,-6.834528637,-1.511709227,-1.384751028,-1.263565058
12.140000000,0.323622768,0.331726811,-0.331726811,-0.195446734,0.434815272,0.420214243,0.329729844,0.346441168,-0.312205543,-0.203373039,0.459126632,0.443679654,-1.188591260,0.218124735,-6.826763786,-1.514642495,-1.385104367,-1.264563976
12.145000000,0.322607378,0.330741194,-0.330741194,-0.194878917,0.433473609,0.418818937,0.328781604,0.345455994,-0.311277094,-0.202742783,0.457772622,0.442298687,-1.189604078,0.219089727,-6.796943500,-1.508646439,-1.385193832,-1.265144673
12.150000000,0.321591705,0.329755304,-0.329755304,-0.194310941,0.432131573,0.417423243,0.327833160,0.344469970,-0.310354690,-0.202127222,0.456419183,0.440914187,-1.190830121,0.224935747,-6.754165053,-1.497351914,-1.384896302,-1.265683393
12.155000000,0.320575763,0.328769152,-0.328769152,-0.193742815,0.430789182,0.416027180,0.326884960,0.343482427,-0.309433229,-0.201531569,0.455064066,0.439527404,-1.191924672,0.237540740,-6.701679800,-1.481466659,-1.384663689,-1.266009438
12.160000000,0.319559566,0.327782752,-0.327782752,-0.193174546,0.429446453,0.414630765,0.326126240,0.342691109,-0.308694161,-0.201069174,0.453979475,0.438416342,-1.212798537,0.204333636,-6.487681942,-1.423576742,-1.399742069,-1.281218527
12.165000000,0.318543126,0.326796117,-0.326796117,-0.192606142,0.428103404,0.413234017,0.324987022,0.341500319,-0.307569244,-0.200411898,0.452348366,0.436721612,-1.190761752,0.293907312,-6.579464232,-1.432745447,-1.381119752,-1.261402944
12.170000000,0.317526458,0.325809260,-0.325809260,-0.192037609,0.426760052,0.411836955,0.324036107,0.340500352,-0.306608550,-0.199885362,0.450975857,0.435299868,-1.192959967,0.293634003,-6.589041266,-1.436013942,-1.378125566,-1.264891434
12.175000000,0.316509575,0.324822194,-0.324822194,-0.191468956,0.425416417,0.410439597,0.323085273,0.339500917,-0.305650100,-0.199328710,0.449608225,0.433923242,-1.192163450,0.302363117,-6.614705935,-1.446069115,-1.380626910,-1.265274444
12.180000000,0.315492489,0.323834932,-0.323834932,-0.190900191,0.424072514,0.409041962,0.322134206,0.338503683,-0.304690078,-0.198755901,0.448247310,0.432537234,-1.192837311,0.295924565,-6.631835586,-1.452203060,-1.381293939,-1.265877931
12.185400000,0.314393826,0.322768484,-0.322768484,-0.190285806,0.422620820,0.407532226,0.321183387,0.337509195,-0.303727928,-0.198173801,0.446889672,0.431148900,-1.201657136,0.272393832,-6.581847840,-1.441239979,-1.387304314,-1.272325097
12.190000000,0.313457767,0.321859872,-0.321859872,-0.189762351,0.421383980,0.406245934,0.320232534,0.336515941,-0.302762373,-0.197586367,0.445531838,0.429747424,-1.194476131,0.282583354,-6.668037050,-1.462432433,-1.377896133,-1.264795363
12.195000000,0.312440156,0.320872100,-0.320872100,-0.189193292,0.420039384,0.404847577,0.319280921,0.335520890,-0.301792196,-0.196993100,0.444170038,0.428345064,-1.192885467,0.295964975,-6.707367231,-1.477298943,-1.379646642,-1.266368071
12.200000000,0.311422398,0.319884185,-0.319884185,-0.188624150,0.418694592,0.403449017,0.318328930,0.334526692,-0.300826655,-0.196384620,0.442810405,0.426956193,-1.193222897,0.288797636,-6.732382651,-1.487553283,-1.379442623,-1.266632707
12.205000000,0.310404505,0.318896139,-0.318896139,-0.188054933,0.417349622,0.402050272,0.317376900,0.333534836,-0.299865612,-0.195769697,0.441451956,0.425563174,-1.194159491,0.281018394,-6.748133354,-1.494901124,-1.378228117,-1.267020269
12.210000000,0.309386491,0.317907975,-0.317907975,-0.187485647,0.416004493,0.400651360,0.316615151,0.332742395,-0.299100444,-0.195275287,0.440365360,0.424447540,-1.213581758,0.233983669,-6.584508792,-1.455058948,-1.393981748,-1.282184298
12.215000000,0.308368369,0.316919707,-0.316919707,-0.186916302,0.414659220,0.399252301,0.315471109,0.331552227,-0.297948343,-0.194549530,0.438731533,0.422733976,-1.190098666,0.305806427,-6.744707199,-1.489572441,-1.375090613,-1.261578841
12.220000000,0.307350152,0.315931348,-0.315931348,-0.186346904,0.413313824,0.397853112,0.314515953,0.330554411,-0.296981181,-0.193949508,0.437357891,0.421316561,-1.191804098,0.291003723,-6.785159007,-1.507410169,-1.372565437,-1.265833066
12.225000000,0.306331855,0.314942909,-0.314942909,-0.185777461,0.411968320,0.396453811,0.313751879,0.329757620,-0.296216998,-0.193452883,0.436262398,0.420217467,-1.210415476,0.253518912,-6.630799116,-1.472366575,-1.389931792,-1.281069386
12.230000000,0.305313491,0.313954406,-0.313954406,-0.185207980,0.410622728,0.395054419,0.312604670,0.328564284,-0.295073891,-0.192716269,0.434623443,0.418519826,-1.187992827,0.308191327,-6.778980411,-1.505439997,-1.372268898,-1.261276817
12.235000000,0.304295073,0.312965850,-0.312965850,-0.184638469,0.409277064,0.393654952,0.311647509,0.327567608,-0.294111696,-0.192124799,0.433249596,0.417106456,-1.189521886,0.307465353,-6.784397049,-1.510795223,-1.370766118,-1.265337666
12.240000000,0.303276614,0.311977255,-0.311977255,-0.184068936,0.407931347,0.392255430,0.310690487,0.326573537,-0.293162794,-0.191516118,0.431881941,0.415728189,-1.189626278,0.293415695,-6.784274149,-1.514924723,-1.371943627,-1.265663317
12.245400000,0.302176649,0.310909544,-0.310909544,-0.183453823,0.406477934,0.390743905,0.309733753,0.325582417,-0.292222409,-0.190904279,0.430519619,0.414340192,-1.198183744,0.269321805,-6.701806435,-1.495853997,-1.378613623,-1.272282247
12.250000000,0.301239630,0.310000000,-0.310000000,-0.182929831,0.405239824,0.389456293,0.308777078,0.324591377,-0.291282725,-0.190304223,0.429158158,0.412934598,-1.189900523,0.301801966,-6.740700627,-1.502590386,-1.371155144,-1.264314078
12.255000000,0.300221131,0.309011366,-0.309011366,-0.182360275,0.403894054,0.388056715,0.307820391,0.323597828,-0.290337587,-0.189719827,0.427792323,0.411532570,-1.191368343,0.311707610,-6.722658053,-1.498121662,-1.370138705,-1.266106483
12.260000000,0.299202645,0.308022745,-0.308022745,-0.181790726,0.402548301,0.386657156,0.307055282,0.322803130,-0.289583710,-0.189250957,0.426701151,0.410423596,-1.211059589,0.263067150,-6.536517674,-1.450237789,-1.385993761,-1.281325251
12.265200000,0.298143449,0.306994607,-0.306994607,-0.181198412,0.401148757,0.385201654,0.305907670,0.321610376,-0.288447813,-0.188557293,0.425063571,0.408721371,-1.193897109,0.326781847,-6.650078264,-1.472505895,-1.370147831,-1.264385906
12.270000000,0.297165768,0.306045594,-0.306045594,-0.180651682,0.399856921,0.383858167,0.304950244,0.320610385,-0.287481143,-0.188000617,0.423688533,0.407299865,-1.189905071,0.350299740,-6.691690567,-1.483047979,-1.366268477,-1.264207570
12.275000000,0.296147404,0.305057091,-0.305057091,-0.180082201,0.398511329,0.382458774,0.303992791,0.319611276,-0.286518653,-0.187421689,0.422317311,0.405917455,-1.190580398,0.341731120,-6.718248395,-1.494872624,-1.366517077,-1.265300868
12.280000000,0.295129107,0.304068652,-0.304068652,-0.179512758,0.397165825,0.381059474,0.303035647,0.318616260,-0.285561947,-0.186826616,0.420953092,0.404532776,-1.192012887,0.329609262,-6.728636540,-1.500647580,-1.366118371,-1.265954519
12.285200000,0.294070164,0.303040760,-0.303040760,-0.178920585,0.395766615,0.379604320,0.302078569,0.317624199,-0.284608518,-0.186226499,0.419594150,0.403143790,-1.195965367,0.312259892,-6.697994081,-1.494695269,-1.370194662,-1.269424919
12.290000000,0.293092769,0.302092025,-0.302092025,-0.178374014,0.394475156,0.378261226,0.301121625,0.316633241,-0.283655717,-0.185627469,0.418236685,0.401746114,-1.191915303,0.326732404,-6.732181162,-1.503561773,-1.366640224,-1.265684236
12.295000000,0.292074754,0.301103861,-0.301103861,-0.177804729,0.393130026,0.376862314,0.300355994,0.315839561,-0.282892543,-0.185149468,0.417149123,0.400624933,-1.211666258,0.283155903,-6.566903145,-1.462381681,-1.381559108,-1.281487028
12.300000000,0.291056861,0.300115815,-0.300115815,-0.177235512,0.391785057,0.375463569,0.299207147,0.314646925,-0.281744681,-0.184436612,0.415513938,0.398923867,-1.189641319,0.362917355,-6.737932290,-1.501344398,-1.362570329,-1.261454327
12.305000000,0.290039103,0.299127900,-0.299127900,-0.176666370,0.390440265,0.374065009,0.298248422,0.313647530,-0.280774181,-0.183856835,0.414141271,0.397501294,-1.191352729,0.346531586,-6.757914207,-1.509763970,-1.360270245,-1.265090726
12.310000000,0.289021493,0.298140128,-0.298140128,-0.176097311,0.389095669,0.372666652,0.297481685,0.312850275,-0.280005945,-0.183375844,0.413047451,0.396401940,-1.209536022,0.309568412,-6.604312032,-1.474387961,-1.377968042,-1.280355311
12.315000000,0.288004044,0.297152513,-0.297152513,-0.175528342,0.387751286,0.371268518,0.296330442,0.311655972,-0.278858966,-0.182645253,0.411411316,0.394702244,-1.187044337,0.365642519,-6.789069537,-1.520441764,-1.360159066,-1.260481259
12.320000000,0.286986770,0.296165068,-0.296165068,-0.174959471,0.386407135,0.369870624,0.295370068,0.310658717,-0.277894326,-0.182049221,0.410040836,0.393288781,-1.187879146,0.361269442,-6.805208039,-1.529182757,-1.359917083,-1.264440443
12.325000000,0.285969685,0.295177806,-0.295177806,-0.174390705,0.385063232,0.368472988,0.294410496,0.309666056,-0.276943123,-0.181435093,0.408676774,0.391917290,-1.189449179,0.343557906,-6.813782978,-1.536555405,-1.359454408,-1.265096835
12.330000000,0.284952801,0.294190740,-0.294190740,-0.173822053,0.383719596,0.367075631,0.293451429,0.308677332,-0.276001130,-0.180817648,0.407318593,0.390532790,-1.189763414,0.331981102,-6.804417812,-1.536716483,-1.360453669,-1.265691158
12.335000000,0.283936133,0.293203883,-0.293203883,-0.173253520,0.382376245,0.365678569,0.292492969,0.307690544,-0.275064506,-0.180206541,0.405963051,0.389145582,-1.190469926,0.331720108,-6.784238288,-1.532459530,-1.360607074,-1.266096992
12.340000000,0.282919693,0.292217248,-0.292217248,-0.172685116,0.381033196,0.364281821,0.291535121,0.306703755,-0.274130126,-0.179606263,0.404607816,0.387756092,-1.191239422,0.337242871,-6.756009116,-1.524568259,-1.360365122,-1.266366790
12.345000000,0.281903496,0.291230848,-0.291230848,-0.172116847,0.379690467,0.362885406,0.290577835,0.305716320,-0.273196052,-0.179017043,0.403251981,0.386364914,-1.192419391,0.347973640,-6.725812844,-1.515454600,-1.359549864,-1.266570059
12.350000000,0.280887554,0.290244696,-0.290244696,-0.171548721,0.378348076,0.361489343,0.289620909,0.304728174,-0.272260248,-0.178437530,0.401895814,0.384972728,-1.194300794,0.336161416,-6.697474133,-1.506228506,-1.357383736,-1.266843954
12.355000000,0.279871882,0.289258806,-0.289258806,-0.170980745,0.377006040,0.360093649,0.288855479,0.303936775,-0.271508849,-0.177980064,0.400810915,0.383858232,-1.212172420,0.319376745,-6.508614816,-1.455538291,-1.374497016,-1.281728432
12.360000000,0.278856491,0.288273189,-0.288273189,-0.170412927,0.375664377,0.358698343,0.287705972,0.302744988,-0.270368010,-0.177310587,0.399181884,0.382150070,-1.189981078,0.403796832,-6.655777706,-1.483776862,-1.355961264,-1.261210049
12.365000000,0.277841397,0.287287859,-0.287287859,-0.169845275,0.374323105,0.357303443,0.286747053,0.301746474,-0.269398766,-0.176760986,0.397814244,0.380735627,-1.190665801,0.406629898,-6.690357934,-1.496789301,-1.355392489,-1.265118703
12.370000000,0.276826611,0.286302830,-0.286302830,-0.169277796,0.372982242,0.355908969,0.285788939,0.300751998,-0.268435619,-0.176181770,0.396451441,0.379360195,-1.191768566,0.391042678,-6.722280417,-1.509589543,-1.354538505,-1.265367463
12.375000000,0.275812149,0.285318114,-0.285318114,-0.168710497,0.371641805,0.354514937,0.284831241,0.299762132,-0.267476595,-0.175586520,0.395093976,0.377973598,-1.191575504,0.376131364,-6.746256425,-1.519377258,-1.355213296,-1.265786334
12.380000000,0.274798022,0.284333724,-0.284333724,-0.168143386,0.370301812,0.353121368,0.283874021,0.298775475,-0.266520296,-0.174984783,0.393739290,0.376585332,-1.191691899,0.370873362,-6.761160895,-1.525814116,-1.355152881,-1.266011479
12.385000000,0.273784245,0.283349673,-0.283349673,-0.167576470,0.368962280,0.351728279,0.282917256,0.297790130,-0.265567144,-0.174379335,0.392385285,0.375195639,-1.191803496,0.369533937,-6.773310651,-1.531422874,-1.354763800,-1.266167390
12.390200000,0.272730301,0.282326633,-0.282326633,-0.166987093,0.367569676,0.350279995,0.281960910,0.296805380,-0.264617107,-0.173772862,0.391031037,0.373805040,-1.196073910,0.364085634,-6.744932772,-1.525881358,-1.356926535,-1.269262088
12.395000000,0.271757792,0.281382640,-0.281382640,-0.166443255,0.366284673,0.348943614,0.281195835,0.296017535,-0.263859254,-0.173287902,0.389947424,0.372687701,-1.210091801,0.325840981,-6.608813031,-1.490803729,-1.368785907,-1.280324854
12.400000000,0.270745143,0.280399685,-0.280399685,-0.165876970,0.364946632,0.347552075,0.280047327,0.294832428,-0.262715809,-0.172574379,0.388315673,0.370969616,-1.188233451,0.406531072,-6.781516078,-1.530236239,-1.348754375,-1.260029753
12.405000000,0.269732897,0.279417120,-0.279417120,-0.165310910,0.363609124,0.346161090,0.279089299,0.293839267,-0.261750831,-0.171993721,0.386944222,0.369553477,-1.188177102,0.407815321,-6.802527407,-1.539616661,-1.347767934,-1.263546871
12.410000000,0.268721067,0.278434959,-0.278434959,-0.164745084,0.362272166,0.344770676,0.278131738,0.292850135,-0.260798878,-0.171390384,0.385579493,0.368182519,-1.188450937,0.392902719,-6.819502584,-1.549432667,-1.348127992,-1.263888175
12.415000000,0.267709666,0.277453215,-0.277453215,-0.164179497,0.360935775,0.343380853,0.277174554,0.291865883,-0.259856306,-0.170779000,0.384222326,0.366803689,-1.189617013,0.380288854,-6.819891813,-1.552855914,-1.347553678,-1.264493741
12.420000000,0.266698709,0.276471902,-0.276471902,-0.163614158,0.359599969,0.341991638,0.276409063,0.291080334,-0.259107076,-0.170290532,0.383140111,0.365699124,-1.207687184,0.329574188,-6.640010463,-1.507097184,-1.364007242,-1.279633117
12.425000000,0.265688207,0.275491030,-0.275491030,-0.163049074,0.358264766,0.340603050,0.275260265,0.289900974,-0.257976052,-0.169586931,0.381518592,0.364016366,-1.187013515,0.409745034,-6.767130470,-1.530680727,-1.345866850,-1.260139096
12.430200000,0.264637784,0.274471408,-0.274471408,-0.162461666,0.356876813,0.339159604,0.274493796,0.289109176,-0.257208318,-0.169140037,0.380429850,0.362882733,-1.209818075,0.365440478,-6.562891210,-1.477425756,-1.363418889,-1.281208854
12.435000000,0.263668626,0.273530668,-0.273530668,-0.161919702,0.355596239,0.337827828,0.273536434,0.288120090,-0.256252780,-0.168569482,0.379070957,0.361506665,-1.204661352,0.386115761,-6.588959870,-1.480450735,-1.358537037,-1.274650376
12.440000000,0.262659573,0.272551203,-0.272551203,-0.161355428,0.354262949,0.336441231,0.272386020,0.286927256,-0.255081427,-0.167907166,0.377427933,0.359767839,-1.183894023,0.453027434,-6.793644162,-1.529637652,-1.336309123,-1.256506640
12.445000000,0.261651029,0.271572232,-0.271572232,-0.160791439,0.352930333,0.335055333,0.271617963,0.286128742,-0.254305627,-0.167431309,0.376327328,0.358636120,-1.199306936,0.416502540,-6.727531968,-1.527973081,-1.352976171,-1.274162473
12.450000000,0.260643008,0.270593768,-0.270593768,-0.160227742,0.351598407,0.333670153,0.270465709,0.284938883,-0.253163485,-0.166671495,0.374689249,0.356970088,-1.178988583,0.440181797,-6.929969071,-1.583372128,-1.336371088,-1.255420115
12.455000000,0.259635522,0.269615825,-0.269615825,-0.159664345,0.350267189,0.332285710,0.269505686,0.283953231,-0.252211004,-0.166049973,0.373326442,0.355580901,-1.179928621,0.418511650,-6.951099231,-1.596364921,-1.336767674,-1.259713071
12.460000000,0.258628586,0.268638414,-0.268638414,-0.159101255,0.348936697,0.330902021,0.268547256,0.282975277,-0.251281183,-0.165410457,0.371974983,0.354229640,-1.182105492,0.392360691,-6.949650987,-1.603220979,-1.337159363,-1.260624477
12.465000000,0.257622212,0.267661550,-0.267661550,-0.158538479,0.347606948,0.329519105,0.267590200,0.282002315,-0.250367453,-0.164774527,0.370633043,0.352868090,-1.183197537,0.378890611,-6.917404247,-1.597722874,-1.338740670,-1.261603628
12.470000000,0.256616414,0.266685244,-0.266685244,-0.157976025,0.346277960,0.328136980,0.266634655,0.281031207,-0.249463635,-0.164154995,0.369295765,0.351502599,-1.184650973,0.380287070,-6.867509302,-1.584949492,-1.339382267,-1.262239692
12.475000000,0.255611204,0.265709509,-0.265709509,-0.157413901,0.344949749,0.326755664,0.265680574,0.280059324,-0.248563906,-0.163558261,0.367959939,0.350133500,-1.186089938,0.390428687,-6.804045658,-1.565830633,-1.339576239,-1.262656745
12.480000000,0.254606596,0.264734359,-0.264734359,-0.156852113,0.343622334,0.325375176,0.264727879,0.279085626,-0.247664058,-0.162983094,0.366623960,0.348761793,-1.187866652,0.407604541,-6.744256463,-1.546872411,-1.339106202,-1.262950546
12.485000000,0.253602604,0.263759806,-0.263759806,-0.156290669,0.342295731,0.323995532,0.263966528,0.278305434,-0.246939748,-0.162541064,0.365555267,0.347663518,-1.206636438,0.365946655,-6.508543111,-1.478838345,-1.354689952,-1.277895585
12.490000000,0.252599240,0.262785863,-0.262785863,-0.155729576,0.340969959,0.322616752,0.262825011,0.277131317,-0.245833374,-0.161914559,0.363948376,0.345979169,-1.187065277,0.461976423,-6.616193032,-1.493568206,-1.335305421,-1.257662980
12.495000000,0.251596517,0.261812543,-0.261812543,-0.155168843,0.339645035,0.321238854,0.261873312,0.276144018,-0.244884529,-0.161410856,0.362597869,0.344588169,-1.187611624,0.481868880,-6.626661423,-1.495625305,-1.334964521,-1.261760458
12.500000000,0.250594450,0.260839858,-0.260839858,-0.154608475,0.338320975,0.319861855,0.260922561,0.275158912,-0.243934686,-0.160878734,0.361253211,0.343230067,-1.188256541,0.475842614,-6.651322136,-1.504074734,-1.335397346,-1.261812929
12.505000000,0.249593050,0.259867822,-0.259867822,-0.154048481,0.336997798,0.318485774,0.259972758,0.274179175,-0.242982757,-0.160326549,0.359915098,0.341861527,-1.189539042,0.463681693,-6.679592557,-1.513648933,-1.334877182,-1.262261655
12.510200000,0.248552316,0.258857605,-0.258857605,-0.153466491,0.335622649,0.317055643,0.259023650,0.273203466,-0.242030053,-0.159756456,0.358581586,0.340491476,-1.192917903,0.443671380,-6.682490203,-1.517421702,-1.338563470,-1.265435637
12.515000000,0.247592306,0.257925744,-0.257925744,-0.152929642,0.334354161,0.315736438,0.258075198,0.272230580,-0.241074986,-0.159176544,0.357249596,0.339111588,-1.188773518,0.454102293,-6.749366745,-1.536195943,-1.334812651,-1.261402453
12.520000000,0.246592988,0.256955729,-0.256955729,-0.152370812,0.333033735,0.314363218,0.257127265,0.271258430,-0.240118250,-0.158588194,0.355915938,0.337734436,-1.188680233,0.452206022,-6.790571643,-1.550982911,-1.334367344,-1.262175354
12.525000000,0.245594390,0.255986412,-0.255986412,-0.151812385,0.331714261,0.312990988,0.256180028,0.270288262,-0.239167977,-0.157983543,0.354582946,0.336364973,-1.188896477,0.449746383,-6.829074040,-1.566097330,-1.333683719,-1.262198981
12.530000000,0.244596526,0.255017808,-0.255017808,-0.151254368,0.330395756,0.311619766,0.255233271,0.269320649,-0.238224139,-0.157371562,0.353251180,0.334993993,-1.190098488,0.418262073,-6.847582337,-1.574362560,-1.331392011,-1.262384092
12.535000000,0.243599408,0.254049928,-0.254049928,-0.150696769,0.329078237,0.310249569,0.254286651,0.268353969,-0.237287774,-0.156756041,0.351920517,0.333622369,-1.188162216,0.440759084,-6.868123526,-1.583792386,-1.332782375,-1.262197483
12.540000000,0.242603050,0.253082785,-0.253082785,-0.150139594,0.327761722,0.308880416,0.253340104,0.267386787,-0.236358645,-0.156140786,0.350590472,0.332250951,-1.187775666,0.440462881,-6.870053739,-1.586908682,-1.332441710,-1.262112079
12.545000000,0.241607464,0.252116392,-0.252116392,-0.149582851,0.326446227,0.307512324,0.252394126,0.266421137,-0.235435811,-0.155532234,0.349260303,0.330880192,-1.187735261,0.439934763,-6.858769263,-1.585484875,-1.331704107,-1.261958425
12.550200000,0.240572888,0.251112152,-0.251112152,-0.149004305,0.325079214,0.306090654,0.251448747,0.265456805,-0.234518073,-0.154932828,0.347929837,0.329510137,-1.191927242,0.429740109,-6.803823145,-1.571464231,-1.333126790,-1.264777961
12.555000000,0.239618661,0.250185906,-0.250185906,-0.148470690,0.323818368,0.304779397,0.250503571,0.264492386,-0.233602006,-0.154346312,0.346599257,0.328135458,-1.187330424,0.446520726,-6.810963126,-1.571369113,-1.329273594,-1.260654855
12.560000000,0.238625470,0.249221838,-0.249221838,-0.147915287,0.322506039,0.303414597,0.249558629,0.263526948,-0.232684273,-0.153772319,0.345267083,0.326762886,-1.187150368,0.453546288,-6.791250670,-1.565823434,-1.328672729,-1.261164583
12.565000000,0.237633104,0.248258570,-0.248258570,-0.147360344,0.321194798,0.302050929,0.248803026,0.262754594,-0.231951270,-0.153315820,0.344202389,0.325671805,-1.204709461,0.407585484,-6.603941871,-1.515485877,-1.343420363,-1.275672069
12.570000000,0.236641575,0.247296115,-0.247296115,-0.146805870,0.319884664,0.300688413,0.247669782,0.261594129,-0.230844167,-0.152645987,0.342603764,0.323998945,-1.184455254,0.497326135,-6.752812476,-1.546852851,-1.324509793,-1.255306945
12.575000000,0.235650896,0.246334486,-0.246334486,-0.146251871,0.318575653,0.299327064,0.246724634,0.260622244,-0.229902172,-0.152109569,0.341264305,0.322615300,-1.185974984,0.474736309,-6.752986117,-1.546947687,-1.322095412,-1.259091092
12.580000000,0.234661081,0.245373694,-0.245373694,-0.145698355,0.317267783,0.297966902,0.245780108,0.259653301,-0.228967849,-0.151548632,0.339931648,0.321270157,-1.184436923,0.492169245,-6.781196057,-1.558876651,-1.324041918,-1.258961438
12.585000000,0.233672141,0.244413753,-0.244413753,-0.145145329,0.315961071,0.296607944,0.244836174,0.258687015,-0.228038881,-0.150971601,0.338605455,0.319915304,-1.184438087,0.484834819,-6.796875045,-1.565950586,-1.324344410,-1.259201854
12.590000000,0.232684091,0.243454674,-0.243454674,-0.144592800,0.314655533,0.295250207,0.243893406,0.257724891,-0.227112969,-0.150390066,0.337283166,0.318560287,-1.184768706,0.478998230,-6.803974894,-1.569808150,-1.324067297,-1.259262209
12.595000000,0.231696942,0.242496471,-0.242496471,-0.144040776,0.313351187,0.293893710,0.242951863,0.256765829,-0.226189585,-0.149807790,0.335962844,0.317204504,-1.185747133,0.474649422,-6.806249074,-1.571868406,-1.322696224,-1.259303490
12.600000000,0.230710708,0.241539156,-0.241539156,-0.143489263,0.312048049,0.292538469,0.242011199,0.255808307,-0.225268648,-0.149225932,0.334644304,0.315848343,-1.185401889,0.472144918,-6.807099968,-1.573269160,-1.322660895,-1.259238680
12.605000000,0.229725402,0.240582741,-0.240582741,-0.142938268,0.310746137,0.291184503,0.241259447,0.255043290,-0.224533310,-0.148761457,0.333589862,0.314763666,-1.202898509,0.426820514,-6.636425032,-1.528465268,-1.337041998,-1.273687190
12.610000000,0.228741035,0.239627238,-0.239627238,-0.142387799,0.309445467,0.289831829,0.240132073,0.253893892,-0.223423097,-0.148082181,0.332006635,0.313102398,-1.182467237,0.506851921,-6.789069155,-1.561021807,-1.318743600,-1.253441395
12.615000000,0.227757622,0.238672661,-0.238672661,-0.141837864,0.308146056,0.288480465,0.239192382,0.252930955,-0.222485463,-0.147526451,0.330677618,0.311732062,-1.182758827,0.514996860,-6.825682533,-1.575672276,-1.317675638,-1.257302677
12.620000000,0.226775175,0.237719022,-0.237719022,-0.141288468,0.306847922,0.287130428,0.238253650,0.251971973,-0.221559514,-0.146944424,0.329354361,0.310396151,-1.184120705,0.473080290,-6.846050204,-1.585873948,-1.315807805,-1.257337420
12.625000000,0.225793706,0.236766332,-0.236766332,-0.140739619,0.305551080,0.285781735,0.237503229,0.251207896,-0.220825026,-0.146470969,0.328300405,0.309319046,-1.199480276,0.447600150,-6.691539442,-1.547747271,-1.333046220,-1.271779460
12.630400000,0.224734833,0.235738508,-0.235738508,-0.140147486,0.304151964,0.284326678,0.236377643,0.250060718,-0.219724434,-0.145766700,0.326721892,0.307668817,-1.186531937,0.496540706,-6.790687449,-1.569817806,-1.320696816,-1.257727909
12.635000000,0.223833755,0.234863851,-0.234863851,-0.139643593,0.302961344,0.283088455,0.235439418,0.249100501,-0.218790194,-0.145209338,0.325396695,0.306285515,-1.178670189,0.532913788,-6.860197406,-1.586315776,-1.312507532,-1.253164433
12.640000000,0.222855298,0.233914085,-0.233914085,-0.139096429,0.301668483,0.281743901,0.234689394,0.248333584,-0.218046545,-0.144755289,0.324337401,0.305212277,-1.195759979,0.470595753,-6.708916297,-1.550336279,-1.327267684,-1.268855260
12.645000000,0.221877871,0.232965318,-0.232965318,-0.138549840,0.300376981,0.280400762,0.233565373,0.247188600,-0.216940540,-0.144060851,0.322754348,0.303580499,-1.176811776,0.526019833,-6.888605236,-1.596991209,-1.309143320,-1.249591667
12.650000000,0.220901485,0.232017563,-0.232017563,-0.138003834,0.299086857,0.279059055,0.232629274,0.246233226,-0.216012680,-0.143490574,0.321431082,0.302212386,-1.177312527,0.523778678,-6.910732268,-1.607309797,-1.308622257,-1.252712718
12.655000000,0.219926154,0.231070831,-0.231070831,-0.137458418,0.297798125,0.277718797,0.231694665,0.245283211,-0.215102412,-0.142896308,0.320117278,0.300896890,-1.177727667,0.504584664,-6.926738106,-1.618560908,-1.309692350,-1.253444707
12.660000000,0.218951891,0.230125135,-0.230125135,-0.136913599,0.296510805,0.276380006,0.230761427,0.244338975,-0.214205521,-0.142295781,0.318812678,0.299571517,-1.178724500,0.496229176,-6.917149359,-1.619498259,-1.310152699,-1.253971723
12.665000000,0.217978707,0.229180487,-0.229180487,-0.136369384,0.295224910,0.275042698,0.229829611,0.243398206,-0.213317071,-0.141702841,0.317513837,0.298243176,-1.180929830,0.465027701,-6.885828810,-1.612000899,-1.308538052,-1.254440752
12.670000000,0.217006616,0.228236900,-0.228236900,-0.135825779,0.293940460,0.273706892,0.228898996,0.242458080,-0.212434386,-0.141120999,0.316218618,0.296912404,-1.179942812,0.493818053,-6.858940796,-1.605262327,-1.310342149,-1.254444586
12.675000000,0.216035629,0.227294385,-0.227294385,-0.135282793,0.292657469,0.272372604,0.227969422,0.241515820,-0.211553790,-0.140551992,0.314925598,0.295580863,-1.180368210,0.504378926,-6.821461207,-1.593777634,-1.310433172,-1.254495520
12.680000000,0.215065760,0.226352955,-0.226352955,-0.134740431,0.291375955,0.271039851,0.227041351,0.240573712,-0.210671858,-0.139998448,0.313633483,0.294249336,-1.181021402,0.511802140,-6.782281027,-1.580985256,-1.310089437,-1.254432199
12.685000000,0.214097021,0.225412621,-0.225412621,-0.134198701,0.290095933,0.269708651,0.226114795,0.239632278,-0.209786802,-0.139456556,0.312341777,0.292918040,-1.182264864,0.516711234,-6.749878481,-1.569967827,-1.308764376,-1.254386018
12.690000000,0.213129424,0.224473397,-0.224473397,-0.133657610,0.288817421,0.268379021,0.225374486,0.238879240,-0.209075317,-0.139029357,0.311308927,0.291853137,-1.198298607,0.473945788,-6.561471326,-1.517206091,-1.324188718,-1.268517279
12.695000000,0.212162982,0.223535293,-0.223535293,-0.133117165,0.287540435,0.267050978,0.224264756,0.237748249,-0.207993238,-0.138406547,0.309757860,0.290225291,-1.179767714,0.555971859,-6.700485548,-1.544056022,-1.305292716,-1.248841931
12.700000000,0.211197707,0.222598323,-0.222598323,-0.132577372,0.286264992,0.265724539,0.223339803,0.236800479,-0.207067067,-0.137905856,0.308455156,0.288864645,-1.179082501,0.567402321,-6.718841946,-1.548354824,-1.304204329,-1.251561684
12.705000000,0.210233612,0.221662497,-0.221662497,-0.132038239,0.284991107,0.264399721,0.222415919,0.235856316,-0.206145034,-0.137374022,0.307157853,0.287553815,-1.179413603,0.561896810,-6.762171288,-1.564518631,-1.304209868,-1.251745098
12.710000000,0.209270709,0.220727829,-0.220727829,-0.131499773,0.283718797,0.263076540,0.221493241,0.234917823,-0.205226387,-0.136820627,0.305867363,0.286236421,-1.180983220,0.520538353,-6.791095789,-1.575345713,-1.302451394,-1.252155474
12.715000000,0.208309010,0.219794329,-0.219794329,-0.130961980,0.282448078,0.261755015,0.220755929,0.234169920,-0.204494259,-0.136366557,0.304838433,0.285181610,-1.195543510,0.498558130,-6.661340198,-1.543924470,-1.319272091,-1.266252591
12.720000000,0.207348528,0.218862011,-0.218862011,-0.130424868,0.281178967,0.260435162,0.219834582,0.233234345,-0.203580385,-0.135790945,0.303554123,0.283846749,-1.194856951,0.490389361,-6.689324303,-1.549959849,-1.315269998,-1.262392331
12.725000000,0.206389275,0.217930885,-0.217930885,-0.129888443,0.279911480,0.259116998,0.218728285,0.232104278,-0.202463047,-0.135121386,0.301999364,0.282188607,-1.173209539,0.604791146,-6.907958990,-1.605164654,-1.297316335,-1.244463047
12.730000000,0.205431263,0.217000965,-0.217000965,-0.129352712,0.278645633,0.257800539,0.217990486,0.231348283,-0.201718871,-0.134661210,0.300959058,0.281127800,-1.189342783,0.538647467,-6.803666637,-1.586701289,-1.312316794,-1.262589842
12.735000000,0.204474505,0.216072261,-0.216072261,-0.128817682,0.277381442,0.256485803,0.216885365,0.230225910,-0.200621392,-0.133945194,0.299408438,0.279545186,-1.171507461,0.570103207,-7.001084806,-1.642209892,-1.294816007,-1.243880475
12.740000000,0.203519012,0.215144786,-0.215144786,-0.128283360,0.276118924,0.255172806,0.216149337,0.229481034,-0.199892987,-0.133468595,0.298373191,0.278485385,-1.188196359,0.507764598,-6.867425452,-1.613738856,-1.309340501,-1.261942202
12.745000000,0.202564798,0.214218551,-0.214218551,-0.127749752,0.274858095,0.253861565,0.215046772,0.228369912,-0.198825334,-0.132733611,0.296829322,0.276895159,-1.169801772,0.552200993,-7.048976023,-1.666261186,-1.292906727,-1.242609824
12.750000000,0.201611873,0.213293568,-0.213293568,-0.127216866,0.273598970,0.252552097,0.214129067,0.227445402,-0.197938195,-0.132139955,0.295540906,0.275561686,-1.170722577,0.545806976,-7.041774528,-1.668464412,-1.292491741,-1.245852909
12.755000000,0.200660251,0.212369850,-0.212369850,-0.126684708,0.272341565,0.251244418,0.213396166,0.226709685,-0.197243844,-0.131660662,0.294517040,0.274536664,-1.186971091,0.476720997,-6.855696115,-1.622477868,-1.308174438,-1.260403969
12.760000000,0.199709943,0.211447408,-0.211447408,-0.126153285,0.271085898,0.249938546,0.212298465,0.225608712,-0.196213295,-0.130963072,0.292987542,0.272957864,-1.170183602,0.544312608,-6.959564562,-1.645357426,-1.290673689,-1.242094688
12.765000000,0.198760962,0.210526253,-0.210526253,-0.125622604,0.269831983,0.248634496,0.211384617,0.224686583,-0.195348458,-0.130415902,0.291709325,0.271641461,-1.170938719,0.551053487,-6.917578749,-1.634294166,-1.291073188,-1.245710390
12.770000000,0.197813319,0.209606397,-0.209606397,-0.125092671,0.268579837,0.247332286,0.210472579,0.223767043,-0.194493190,-0.129872438,0.290439677,0.270364790,-1.171958642,0.548122290,-6.865344221,-1.619834576,-1.291984681,-1.246156632
12.775200000,0.196829203,0.208651138,-0.208651138,-0.124542343,0.267279498,0.245979956,0.209562468,0.222850254,-0.193641598,-0.129339041,0.289176943,0.269076070,-1.176842576,0.537326818,-6.781769396,-1.595577656,-1.294688133,-1.249386127
12.780000000,0.195922097,0.207770630,-0.207770630,-0.124035079,0.266080914,0.244733450,0.208654033,0.221933916,-0.192787732,-0.128819663,0.287918681,0.267779259,-1.173907104,0.555953751,-6.761989220,-1.585592403,-1.291842491,-1.245793658
12.785000000,0.194978542,0.206854742,-0.206854742,-0.123507432,0.264834169,0.243436857,0.207747253,0.221016734,-0.191925221,-0.128315175,0.286661615,0.266484072,-1.174657090,0.567538252,-6.729187551,-1.573524853,-1.291912310,-1.246610646
12.790000000,0.194036373,0.205940200,-0.205940200,-0.122980561,0.263589256,0.242142169,0.206842284,0.220099558,-0.191056429,-0.127813090,0.285407043,0.265194352,-1.175177282,0.576454643,-6.711137719,-1.566122493,-1.291952425,-1.246556809
12.795000000,0.193095603,0.205027016,-0.205027016,-0.122454471,0.262346191,0.240849403,0.205939079,0.219183180,-0.190180487,-0.127310025,0.284154398,0.263903140,-1.175897074,0.587842851,-6.707618480,-1.563304787,-1.291601991,-1.246541985
12.800000000,0.192156243,0.204115200,-0.204115200,-0.121929171,0.261104989,0.239558575,0.205217632,0.218450977,-0.189474833,-0.126904319,0.283153624,0.262870180,-1.191394753,0.535709768,-6.548293884,-1.519180518,-1.306063730,-1.260351044
12.805000000,0.191218305,0.203204765,-0.203204765,-0.121404665,0.259865667,0.238269701,0.204136702,0.217352850,-0.188401295,-0.126299891,0.281650567,0.261287932,-1.173863733,0.615519478,-6.722653797,-1.558009121,-1.287470480,-1.241091894
12.810000000,0.190281802,0.202295722,-0.202295722,-0.120880962,0.258628239,0.236982798,0.203236554,0.216433958,-0.187486254,-0.125798988,0.280388318,0.259982710,-1.173680714,0.619153720,-6.779555497,-1.576684602,-1.286524381,-1.244689205
12.815000000,0.189346744,0.201388082,-0.201388082,-0.120358067,0.257392722,0.235697881,0.202337737,0.215520140,-0.186580622,-0.125256790,0.279131661,0.258708676,-1.173244784,0.606543002,-6.849773017,-1.603103859,-1.286759848,-1.244418556
12.820000000,0.188413144,0.200481857,-0.200481857,-0.119835987,0.256159130,0.234414968,0.201619471,0.214793658,-0.185863794,-0.124800978,0.278131343,0.257683039,-1.188387970,0.541707663,-6.734034227,-1.577353713,-1.301288650,-1.258343568
12.825000000,0.187481013,0.199577059,-0.199577059,-0.119314729,0.254927481,0.233134073,0.200543121,0.213708385,-0.184792618,-0.124110810,0.276632475,0.256109410,-1.170588517,0.602167673,-6.938719533,-1.631968685,-1.283047706,-1.239160328
12.830000000,0.186550363,0.198673698,-0.198673698,-0.118794300,0.253697788,0.231855214,0.199646487,0.212802099,-0.183897286,-0.123537926,0.275376225,0.254797823,-1.169970912,0.598117283,-6.992656938,-1.654125521,-1.282295450,-1.241966298
12.835000000,0.185621206,0.197771786,-0.197771786,-0.118274704,0.252470068,0.230578407,0.198751111,0.211901268,-0.183021451,-0.122942513,0.274126947,0.253535210,-1.169644454,0.579880734,-7.023676106,-1.670352600,-1.282755122,-1.242122067
12.840000000,0.184693554,0.196871334,-0.196871334,-0.117755951,0.251244335,0.229303666,0.198035751,0.211184897,-0.182332930,-0.122462669,0.273132756,0.252519305,-1.184942679,0.517773553,-6.862314765,-1.630433141,-1.297239380,-1.255992259
12.845000000,0.183767417,0.195972354,-0.195972354,-0.117238045,0.250020606,0.228031009,0.196964067,0.210112536,-0.181310831,-0.121759365,0.271643813,0.250964654,-1.169166921,0.563626343,-6.998456753,-1.664737266,-1.278217682,-1.237481260
12.850000000,0.182842808,0.195074857,-0.195074857,-0.116720993,0.248798895,0.226760451,0.196071217,0.209212885,-0.180455874,-0.121201662,0.270398139,0.249663495,-1.167554417,0.598530607,-6.986861809,-1.663762182,-1.279478461,-1.240043347
12.855000000,0.181919739,0.194178854,-0.194178854,-0.116204802,0.247579218,0.225492008,0.195357905,0.208494047,-0.179782705,-0.120752703,0.269406506,0.248662102,-1.184074210,0.520218742,-6.800910844,-1.615174452,-1.292766319,-1.253945141
12.860000000,0.180998220,0.193284356,-0.193284356,-0.115689478,0.246361590,0.224225696,0.194289423,0.207418235,-0.178782876,-0.120087717,0.267923899,0.247114449,-1.165604248,0.614202884,-6.935101417,-1.649225440,-1.277542994,-1.235145849
12.865000000,0.180078263,0.192391375,-0.192391375,-0.115175028,0.245146026,0.222961531,0.193400042,0.206518354,-0.177941024,-0.119561619,0.266684061,0.245839578,-1.166982735,0.612857197,-6.897470780,-1.638282139,-1.276601632,-1.239021447
12.870000000,0.179159880,0.191499921,-0.191499921,-0.114661458,0.243932542,0.221699529,0.192512657,0.205624059,-0.177106307,-0.119038369,0.265451652,0.244598223,-1.167330727,0.597953920,-6.858161525,-1.627817510,-1.277205339,-1.239163916
12.875000000,0.178243082,0.190610006,-0.190610006,-0.114148774,0.242721152,0.220439704,0.191627322,0.204735005,-0.176273754,-0.118523352,0.264225580,0.243344085,-1.167892122,0.594621861,-6.817597713,-1.615148068,-1.277436268,-1.239290680
12.880000000,0.177327880,0.189721640,-0.189721640,-0.113636983,0.241511872,0.219182074,0.190743998,0.203847798,-0.175439476,-0.118017072,0.263003600,0.242089516,-1.168324052,0.600530822,-6.786178457,-1.604471179,-1.277436096,-1.239288689
12.885000000,0.176414287,0.188834836,-0.188834836,-0.113126091,0.240304716,0.217926652,0.189862695,0.202961181,-0.174600034,-0.117519617,0.261784219,0.240834906,-1.168989456,0.613253639,-6.760767589,-1.594641204,-1.277045213,-1.239186467
12.890000000,0.175502313,0.187949603,-0.187949603,-0.112616105,0.239099699,0.216673456,0.188983295,0.202075306,-0.173755488,-0.117025045,0.260566896,0.239580535,-1.170822687,0.587880387,-6.743816710,-1.588097506,-1.274806135,-1.239196291
12.895000000,0.174591969,0.187065952,-0.187065952,-0.112107030,0.237896837,0.215422501,0.188105446,0.201189176,-0.172905548,-0.116528896,0.259351739,0.238326476,-1.169324494,0.627839395,-6.752570632,-1.589192116,-1.275936900,-1.238818294
12.900000000,0.173683267,0.186183895,-0.186183895,-0.111598874,0.236696145,0.214173801,0.187228965,0.200302235,-0.172049447,-0.116029610,0.258138826,0.237073546,-1.169142164,0.633696886,-6.762443980,-1.590986694,-1.275612850,-1.238563809
12.905000000,0.172776218,0.185303443,-0.185303443,-0.111091642,0.235497636,0.212927373,0.186354211,0.199418371,-0.171189112,-0.115525252,0.256927641,0.235822016,-1.168985405,0.634833255,-6.780868762,-1.596288351,-1.275090839,-1.238232642
12.910000000,0.171870833,0.184424606,-0.184424606,-0.110585340,0.234301326,0.211683232,0.185655574,0.198713740,-0.170499087,-0.115116391,0.255959918,0.234821845,-1.183422536,0.581430411,-6.640347737,-1.558509049,-1.288564344,-1.251385976
12.915000000,0.170967123,0.183547396,-0.183547396,-0.110079976,0.233107231,0.210441393,0.184608961,0.197659656,-0.169454214,-0.114508436,0.254507617,0.233293768,-1.166536664,0.648959982,-6.816137545,-1.599970248,-1.270600488,-1.232664093
12.920000000,0.170065100,0.182671822,-0.182671822,-0.109575554,0.231915363,0.209201872,0.183737306,0.196778287,-0.168567126,-0.114009006,0.253288909,0.232020982,-1.165764543,0.656236365,-6.869912125,-1.617631802,-1.269230523,-1.235267405
12.925000000,0.169164775,0.181797896,-0.181797896,-0.109072082,0.230725739,0.207964683,0.182867055,0.195900997,-0.167696027,-0.113466367,0.252075161,0.230793730,-1.165100896,0.642312464,-6.944017177,-1.647507000,-1.269237227,-1.235237762
12.930000000,0.168266158,0.180925629,-0.180925629,-0.108569566,0.229538372,0.206729842,0.181998285,0.195029957,-0.166841799,-0.112892889,0.250867706,0.229558450,-1.164833777,0.630904464,-7.002100845,-1.671942806,-1.269034954,-1.235184255
12.935400000,0.167297583,0.179985456,-0.179985456,-0.108027928,0.228258568,0.205398869,0.181131075,0.194164864,-0.166001995,-0.112309831,0.249665197,0.228323217,-1.171760774,0.565424269,-6.952897283,-1.663660605,-1.272571606,-1.240454818
12.940000000,0.166474094,0.179186113,-0.179186113,-0.107567423,0.227170469,0.204267265,0.180438294,0.193475389,-0.165337241,-0.111849899,0.248705620,0.227329518,-1.177751769,0.571374641,-6.862287092,-1.639838837,-1.281793281,-1.246463257
12.945000000,0.165580669,0.178318885,-0.178318885,-0.107067810,0.225989962,0.203039558,0.179572592,0.192609559,-0.164504683,-0.111297965,0.247504608,0.226063754,-1.176907350,0.570848914,-6.838937692,-1.628531948,-1.277343902,-1.243009434
12.950000000,0.164688996,0.177453358,-0.177453358,-0.106569176,0.224811771,0.201814260,0.178533888,0.191561623,-0.163494516,-0.110670364,0.246052685,0.224524638,-1.157884311,0.686077518,-7.000756360,-1.669276977,-1.260526294,-1.226470553
12.955000000,0.163799087,0.176589543,-0.176589543,-0.106071529,0.223635910,0.200591384,0.177669236,0.190686549,-0.162656130,-0.110147281,0.244840328,0.223291084,-1.158671691,0.665492873,-7.006875069,-1.676932155,-1.259753071,-1.229873542
12.960000000,0.162910951,0.175727450,-0.175727450,-0.105574874,0.222462392,0.199370947,0.176806590,0.189822209,-0.161838376,-0.109606002,0.243640594,0.222092262,-1.158796868,0.634227021,-6.996188584,-1.679504007,-1.260862088,-1.230233254
12.965000000,0.162024601,0.174867090,-0.174867090,-0.105079217,0.221291234,0.198152963,0.175946123,0.188966475,-0.161033652,-0.109066390,0.242451141,0.220882925,-1.159272393,0.619959010,-6.965682169,-1.673243832,-1.261447378,-1.230509278
12.970000000,0.161140047,0.174008473,-0.174008473,-0.104584564,0.220122448,0.196937446,0.175259370,0.188284454,-0.160394887,-0.108644113,0.241504458,0.219914672,-1.173731433,0.570535137,-6.775389103,-1.620382293,-1.275407866,-1.243652023
12.975200000,0.160222026,0.173117371,-0.173117371,-0.104071197,0.218909443,0.195675941,0.174231597,0.187260653,-0.159435887,-0.108034771,0.240086681,0.218432432,-1.161049218,0.643649249,-6.849225965,-1.633665968,-1.261785555,-1.228354463
12.980000000,0.159376367,0.172296509,-0.172296509,-0.103598295,0.217792051,0.194513873,0.173376434,0.186400026,-0.158618921,-0.107560968,0.238898511,0.217191073,-1.159703524,0.646031679,-6.843376900,-1.626733314,-1.255893007,-1.227723855
12.985000000,0.158497264,0.171443183,-0.171443183,-0.103106690,0.216630468,0.193305847,0.172523102,0.185539411,-0.157802128,-0.107083662,0.237715379,0.215992445,-1.158532093,0.674446580,-6.843871534,-1.628432797,-1.257727405,-1.228233403
12.990000000,0.157619999,0.170591641,-0.170591641,-0.102616114,0.215471314,0.192100347,0.171671671,0.184681863,-0.156989290,-0.106594849,0.236540651,0.214794146,-1.158841269,0.668562365,-6.838411366,-1.627823377,-1.258271177,-1.228389561
12.995200000,0.156709605,0.169707942,-0.169707942,-0.102107011,0.214268385,0.190849322,0.170822609,0.183830226,-0.156176928,-0.106104140,0.235371924,0.213594627,-1.161971734,0.653423133,-6.800003767,-1.617319496,-1.261212245,-1.230982985
13.000000000,0.155871026,0.168893953,-0.168893953,-0.101638068,0.213160349,0.189696984,0.169975903,0.182982818,-0.155362260,-0.105615454,0.234206630,0.212389084,-1.159872019,0.662118969,-6.824842712,-1.622609634,-1.257121276,-1.227397127
13.005000000,0.154999340,0.168047826,-0.168047826,-0.101150611,0.212008565,0.188499149,0.169131157,0.182136696,-0.154544111,-0.105126781,0.233042686,0.211184272,-1.159820447,0.662735566,-6.833763281,-1.625472829,-1.256919545,-1.227794053
13.010000000,0.154129533,0.167203524,-0.167203524,-0.100664206,0.210859267,0.187303898,0.168288521,0.181293066,-0.153726642,-0.104631003,0.231881372,0.209988397,-1.159806702,0.663985714,-6.848280991,-1.630699059,-1.256577908,-1.227573006
13.015000000,0.153261618,0.166361058,-0.166361058,-0.100178858,0.209712466,0.186111246,0.167447879,0.180451694,-0.152909808,-0.104130159,0.230722481,0.208791834,-1.159622027,0.665635356,-6.863118411,-1.635876138,-1.256193025,-1.227289750
13.020000000,0.152395603,0.165520437,-0.165520437,-0.099694572,0.208568178,0.184921206,0.166609196,0.179612763,-0.152094485,-0.103625160,0.229565532,0.207596648,-1.159584317,0.670425725,-6.879204007,-1.641840134,-1.255575088,-1.226959152
13.025000000,0.151531500,0.164681672,-0.164681672,-0.099211356,0.207426415,0.183733792,0.165772375,0.178776652,-0.151281923,-0.103116372,0.228410487,0.206402920,-1.160911975,0.635620497,-6.884923748,-1.644749725,-1.253204158,-1.226758482
13.030000000,0.150669319,0.163844772,-0.163844772,-0.098729215,0.206287191,0.182549019,0.165104114,0.178108784,-0.150634237,-0.102707383,0.227487884,0.205448792,-1.172252960,0.628339265,-6.753999104,-1.610291716,-1.268001039,-1.238970835
13.035000000,0.149809069,0.163009747,-0.163009747,-0.098248153,0.205150520,0.181366901,0.164269635,0.177271817,-0.149825636,-0.102196673,0.226336167,0.204243938,-1.171785534,0.618916286,-6.755597496,-1.607834866,-1.264202907,-1.235045568
13.040000000,0.148950762,0.162176607,-0.162176607,-0.097768178,0.204016416,0.180187452,0.163268674,0.176260709,-0.148836496,-0.101610415,0.224943413,0.202752353,-1.153483066,0.735284419,-6.938133633,-1.652922897,-1.247564713,-1.218602647
13.045000000,0.148094407,0.161345362,-0.161345362,-0.097289295,0.202884890,0.179010686,0.162435016,0.175415991,-0.148005218,-0.101123477,0.223779730,0.201565956,-1.153394270,0.721475893,-6.966709112,-1.664905511,-1.246893213,-1.222021741
13.050000000,0.147240014,0.160516023,-0.160516023,-0.096811509,0.201755958,0.177836616,0.161603196,0.174582526,-0.147193009,-0.100606028,0.222626831,0.200405709,-1.153157402,0.687423827,-6.998202599,-1.681580338,-1.247466316,-1.221939648
13.055000000,0.146387594,0.159688597,-0.159688597,-0.096334826,0.200629633,0.176665257,0.160939459,0.173923622,-0.146554259,-0.100182122,0.221710472,0.199470961,-1.166519173,0.626064405,-6.855702750,-1.646030479,-1.260789370,-1.234591681
13.060000000,0.145537157,0.158863097,-0.158863097,-0.095859252,0.199505926,0.175496622,0.159945898,0.172939268,-0.145605681,-0.099550807,0.220341126,0.198043476,-1.151258157,0.683592580,-7.004538873,-1.685931213,-1.245209643,-1.217480253
13.065000000,0.144688711,0.158039530,-0.158039530,-0.095384792,0.198384853,0.174330725,0.159119658,0.172116741,-0.144814909,-0.099035751,0.219195598,0.196857567,-1.151433777,0.689459785,-7.019144052,-1.694525587,-1.244568494,-1.220391620
13.070000000,0.143842269,0.157217907,-0.157217907,-0.094911451,0.197266425,0.173167580,0.158460304,0.171461747,-0.144192563,-0.098618978,0.218284019,0.195935745,-1.164483460,0.626556372,-6.858138921,-1.652600559,-1.257867051,-1.232644971
13.075000000,0.142997838,0.156398238,-0.156398238,-0.094439236,0.196150656,0.172007200,0.157474110,0.170484127,-0.143263351,-0.098015694,0.216921381,0.194518659,-1.150821784,0.683104166,-6.956359901,-1.673814987,-1.241531928,-1.215686904
13.080200000,0.142121776,0.155547863,-0.155547863,-0.093949332,0.194993092,0.170803353,0.156654076,0.169666301,-0.142484263,-0.097531995,0.215782841,0.193338967,-1.153156924,0.681292624,-6.927396753,-1.668584375,-1.243999835,-1.220936777
13.085000000,0.141315054,0.154764796,-0.154764796,-0.093498204,0.193927148,0.169694790,0.155836000,0.168850853,-0.141713719,-0.097042951,0.214651907,0.192191595,-1.150276834,0.691705029,-6.937319622,-1.671548547,-1.241317979,-1.217468310
13.090000000,0.140476720,0.153951044,-0.153951044,-0.093029398,0.192819434,0.168542786,0.155019992,0.168038608,-0.140946213,-0.096560054,0.213526569,0.191036094,-1.151016602,0.684461181,-6.913511761,-1.665388872,-1.240791984,-1.217988795
13.095000000,0.139640437,0.153139283,-0.153139283,-0.092561739,0.191714431,0.167393602,0.154206179,0.167229354,-0.140182089,-0.096082125,0.212407561,0.189889614,-1.151124855,0.681859195,-6.887669291,-1.657632461,-1.241037526,-1.217914191
13.100000000,0.138806215,0.152329522,-0.152329522,-0.092095233,0.190612151,0.166247250,0.153394698,0.166422224,-0.139418077,-0.095611757,0.211293154,0.188742106,-1.151307326,0.686495747,-6.864444953,-1.649873696,-1.240929111,-1.217725456
13.105000000,0.137974064,0.151521772,-0.151521772,-0.091629885,0.189512607,0.165103744,0.152585504,0.165616005,-0.138652516,-0.095147779,0.210182204,0.187595371,-1.151344382,0.693387950,-6.846303749,-1.643307055,-1.240715882,-1.217435477
13.110000000,0.137143993,0.150716041,-0.150716041,-0.091165700,0.188415812,0.163963097,0.151939748,0.164971608,-0.138038740,-0.094778759,0.209295505,0.186678938,-1.164154385,0.650925031,-6.692270406,-1.599727774,-1.253291564,-1.229469758
13.115000000,0.136316013,0.149912339,-0.149912339,-0.090702684,0.187321779,0.162825321,0.150973509,0.164005335,-0.137106396,-0.094242260,0.207965874,0.185274379,-1.151226728,0.700363248,-6.808025060,-1.622034432,-1.235699298,-1.212071591
13.120000000,0.135490131,0.149110674,-0.149110674,-0.090240842,0.186230519,0.161690430,0.150169376,0.163194401,-0.136313511,-0.093803861,0.206853334,0.184115997,-1.149282574,0.744056951,-6.851707558,-1.636128933,-1.236570717,-1.214809567
13.125000000,0.134666359,0.148311057,-0.148311057,-0.089780179,0.185142047,0.160558437,0.149366936,0.162385277,-0.135526931,-0.093336922,0.205747222,0.182990878,-1.148901642,0.737918373,-6.889955930,-1.650705044,-1.236636975,-1.214433775
13.130000000,0.133844705,0.147513496,-0.147513496,-0.089320701,0.184056373,0.159429355,0.148566715,0.161584014,-0.134747341,-0.092851194,0.204646852,0.181860101,-1.148695285,0.724311847,-6.923693518,-1.664499490,-1.236571398,-1.214310014
13.135000000,0.133025178,0.146717999,-0.146717999,-0.088862412,0.182973510,0.158303197,0.147768847,0.160790589,-0.133973132,-0.092357574,0.203550680,0.180730426,-1.149089961,0.707442782,-6.943402467,-1.672988230,-1.235559376,-1.214062990
13.140000000,0.132207788,0.145924578,-0.145924578,-0.088405319,0.181893471,0.157179975,0.146973121,0.160001803,-0.133204919,-0.091860655,0.202457912,0.179601536,-1.148738053,0.701310444,-6.957166786,-1.679338729,-1.235218340,-1.213728495
13.145000000,0.131392545,0.145133239,-0.145133239,-0.087949425,0.180816267,0.156059702,0.146179568,0.159215994,-0.132442941,-0.091363451,0.201367525,0.178474214,-1.148428567,0.700966839,-6.965553365,-1.683922798,-1.234608357,-1.213310250
13.150000000,0.130579457,0.144343992,-0.144343992,-0.087494737,0.179741912,0.154942391,0.145388103,0.158432018,-0.131686620,-0.090869543,0.200279326,0.177348813,-1.148005235,0.702667643,-6.964881083,-1.685164211,-1.234016481,-1.212829515
13.155200000,0.129736141,0.143525405,-0.143525405,-0.087023146,0.178627616,0.153783544,0.144598731,0.157649789,-0.130935579,-0.090380925,0.199193195,0.176225543,-1.150168868,0.699787916,-6.930784876,-1.676732075,-1.235857857,-1.214699924
13.160000000,0.128959783,0.142771812,-0.142771812,-0.086588998,0.177601793,0.152716705,0.143968621,0.157024977,-0.130337472,-0.089995760,0.198325794,0.175325897,-1.159338138,0.661292541,-6.803081837,-1.640499221,-1.245026654,-1.223180008
13.165000000,0.128153216,0.141988895,-0.141988895,-0.086137956,0.176536054,0.151608355,0.143025255,0.156086642,-0.129437813,-0.089432897,0.197022609,0.173948282,-1.145027109,0.732266901,-6.938012425,-1.673590245,-1.228309069,-1.206424501
13.170000000,0.127348840,0.141208106,-0.141208106,-0.085688140,0.175473211,0.150503017,0.142240449,0.155300552,-0.128678846,-0.088979130,0.195931110,0.172806156,-1.144311908,0.739421339,-6.941776632,-1.675096082,-1.227272602,-1.208274540
13.175000000,0.126546666,0.140429453,-0.140429453,-0.085239555,0.174413276,0.149400703,0.141457571,0.154519202,-0.127928788,-0.088513948,0.194847081,0.171712284,-1.143879596,0.731835493,-6.945953573,-1.679286153,-1.227478060,-1.208243469
13.180000000,0.125746701,0.139652944,-0.139652944,-0.084792206,0.173356260,0.148301425,0.140676757,0.153743869,-0.127186272,-0.088043406,0.193770709,0.170613356,-1.144157928,0.719212452,-6.941483215,-1.680002427,-1.226888403,-1.208158073
13.185000000,0.124948954,0.138878590,-0.138878590,-0.084346097,0.172302176,0.147205196,0.139898030,0.152972238,-0.126448739,-0.087574150,0.192700496,0.169514609,-1.143889239,0.716037127,-6.933021810,-1.678384955,-1.226844688,-1.207931328
13.190000000,0.124153435,0.138106397,-0.138106397,-0.083901233,0.171251035,0.146112027,0.139121577,0.152203052,-0.125713917,-0.087109957,0.191634638,0.168416854,-1.143716722,0.719034612,-6.922197988,-1.675399677,-1.226476706,-1.207594671
13.195000000,0.123360152,0.137336375,-0.137336375,-0.083457620,0.170202849,0.145021932,0.138347395,0.151435221,-0.124981097,-0.086650670,0.190572239,0.167320606,-1.143447440,0.723834063,-6.911788432,-1.672335227,-1.226052336,-1.207182226
13.200000000,0.122569113,0.136568532,-0.136568532,-0.083015263,0.169157628,0.143934921,0.137575523,0.150668954,-0.124249188,-0.086196641,0.189512757,0.166226301,-1.143311493,0.732382545,-6.902345037,-1.669204265,-1.225471971,-1.206713812
13.205000000,0.121780329,0.135802876,-0.135802876,-0.082574166,0.168115386,0.142851007,0.136805932,0.149904822,-0.123517503,-0.085747380,0.188456083,0.165134276,-1.144653982,0.700177020,-6.883852856,-1.663084973,-1.223263438,-1.206397459
13.210000000,0.120993806,0.135039416,-0.135039416,-0.082134333,0.167076132,0.141770201,0.136191767,0.149294268,-0.122931844,-0.085390868,0.187612899,0.164262147,-1.154337887,0.700086197,-6.751301485,-1.625693236,-1.236761451,-1.217422070
13.215000000,0.120209554,0.134278160,-0.134278160,-0.081695771,0.166039878,0.140692515,0.135272477,0.148374496,-0.122046780,-0.084864698,0.186349757,0.162928744,-1.140968502,0.769019474,-6.886212309,-1.656896681,-1.220962468,-1.200814499
13.220000000,0.119427581,0.133519117,-0.133519117,-0.081258483,0.165006637,0.139617962,0.134508167,0.147606612,-0.121292981,-0.084444365,0.185291334,0.161825627,-1.140153201,0.774219972,-6.896521871,-1.658837195,-1.219874679,-1.203090615
13.225000000,0.118647896,0.132762294,-0.132762294,-0.080822474,0.163976418,0.138546552,0.133745979,0.146845568,-0.120547048,-0.084002996,0.184238962,0.160757373,-1.140185026,0.756301963,-6.925018755,-1.671315582,-1.219165322,-1.202656819
13.230000000,0.117870507,0.132007700,-0.132007700,-0.080387749,0.162949232,0.137478297,0.132985850,0.146091139,-0.119810500,-0.083542025,0.183193700,0.159685088,-1.139727707,0.744353953,-6.954198599,-1.683561770,-1.219146848,-1.202451915
13.235000000,0.117095423,0.131255343,-0.131255343,-0.079954313,0.161925092,0.136413209,0.132227990,0.145341710,-0.119080626,-0.083073006,0.182153708,0.158614845,-1.139387537,0.740836996,-6.973180780,-1.691697810,-1.218806981,-1.202101901
13.240200000,0.116291788,0.130475273,-0.130475273,-0.079504912,0.160863228,0.135308889,0.131472421,0.144595411,-0.118357376,-0.082601468,0.181117753,0.157545917,-1.141238642,0.731275191,-6.957159086,-1.689709644,-1.220827611,-1.203939909
13.245000000,0.115552200,0.129757371,-0.129757371,-0.079091326,0.159885990,0.134292579,0.130719177,0.143851405,-0.117639276,-0.082133354,0.180084410,0.156473486,-1.138437716,0.748395208,-6.986492005,-1.698517835,-1.217281996,-1.200299660
13.250000000,0.114784078,0.129011773,-0.129011773,-0.078661784,0.158871051,0.133237059,0.129968134,0.143109088,-0.116925190,-0.081670796,0.179052644,0.155405939,-1.139651991,0.713375456,-6.975712158,-1.696785875,-1.215108035,-1.200547626
13.255000000,0.114018294,0.128268443,-0.128268443,-0.078233548,0.157859199,0.132184751,0.129219141,0.142367762,-0.116217993,-0.081209811,0.178024818,0.154346204,-1.137759524,0.750414402,-6.981175241,-1.699920490,-1.215817440,-1.199853097
13.260000000,0.113254856,0.127527390,-0.127527390,-0.077806625,0.156850447,0.131135667,0.128621374,0.141774214,-0.115655801,-0.080843810,0.177205359,0.153498782,-1.149827426,0.684964253,-6.831942414,-1.658275467,-1.226344029,-1.210826032
13.265000000,0.112493770,0.126788622,-0.126788622,-0.077381018,0.155844805,0.130089816,0.127726664,0.140884589,-0.114809201,-0.080317067,0.175978990,0.152204390,-1.134802296,0.784169127,-6.945769692,-1.683645414,-1.212826727,-1.194441831
13.270000000,0.111735047,0.126052146,-0.126052146,-0.076956731,0.154842282,0.129047210,0.126982432,0.140138359,-0.114093520,-0.079896577,0.174953497,0.151140059,-1.134663964,0.788847358,-6.944946674,-1.683699675,-1.211646433,-1.197108120
13.275000000,0.110978693,0.125317970,-0.125317970,-0.076533769,0.153842891,0.128007861,0.126240591,0.139398440,-0.113386637,-0.079463920,0.173934250,0.150104478,-1.134419553,0.770915720,-6.945378890,-1.686559658,-1.211488222,-1.196571612
13.280000000,0.110224716,0.124586101,-0.124586101,-0.076112137,0.152846641,0.126971778,0.125501397,0.138666580,-0.112686614,-0.079025076,0.172920831,0.149062652,-1.134286363,0.760253987,-6.944434737,-1.688244387,-1.211155984,-1.196241765
13.285000000,0.109473124,0.123856548,-0.123856548,-0.075691838,0.151853543,0.125938973,0.124764813,0.137939445,-0.111990534,-0.078586808,0.171912071,0.148023393,-1.134073586,0.758361507,-6.938242618,-1.687095731,-1.210757614,-1.195809724
13.290000000,0.108723925,0.123129318,-0.123129318,-0.075272878,0.150863606,0.124909456,0.124030850,0.137215231,-0.111296867,-0.078152024,0.170907009,0.146986292,-1.133956632,0.764197729,-6.932628110,-1.685698976,-1.210208706,-1.195323935
13.295000000,0.107977127,0.122404418,-0.122404418,-0.074855260,0.149876841,0.123883238,0.123299450,0.136493472,-0.110604907,-0.077721048,0.169905290,0.145951563,-1.135321651,0.730824746,-6.915934835,-1.680575285,-1.208101992,-1.194980224
13.300000000,0.107232737,0.121681855,-0.121681855,-0.074438988,0.148893259,0.122860330,0.122570353,0.135772335,-0.109914443,-0.077292355,0.168907127,0.144918852,-1.133567084,0.770989690,-6.924334783,-1.683145081,-1.208711491,-1.194284966
13.305000000,0.106490763,0.120961638,-0.120961638,-0.074024068,0.147912869,0.121840741,0.121843408,0.135049966,-0.109224747,-0.076864709,0.167912435,0.143888781,-1.133125644,0.777217759,-6.922800142,-1.682544418,-1.208135213,-1.193720434
13.310000000,0.105751213,0.120243773,-0.120243773,-0.073610503,0.146935681,0.120824482,0.121118945,0.134331132,-0.108535816,-0.076440328,0.166920704,0.142861992,-1.132714870,0.777510300,-6.919410706,-1.681625349,-1.207520995,-1.193104508
13.315000000,0.105014094,0.119528267,-0.119528267,-0.073198298,0.145961705,0.119811564,0.120396990,0.133616547,-0.107847992,-0.076018015,0.165931698,0.141838130,-1.132796483,0.771063435,-6.915807570,-1.680758401,-1.206227465,-1.192525349
13.320000000,0.104279413,0.118815129,-0.118815129,-0.072787456,0.144990951,0.118801997,0.119677365,0.132904827,-0.107161476,-0.075596417,0.164945681,0.140817037,-1.132302363,0.771130838,-6.917312819,-1.681293214,-1.205558319,-1.191911946
13.325000000,0.103547177,0.118104364,-0.118104364,-0.072377982,0.144023428,0.117795791,0.118960106,0.132195564,-0.106476004,-0.075175067,0.163962472,0.139799274,-1.131807480,0.774841765,-6.922232186,-1.682992261,-1.204789468,-1.191282412
13.330000000,0.102817395,0.117395981,-0.117395981,-0.071969879,0.143059147,0.116792955,0.118245135,0.131488317,-0.105791789,-0.074753757,0.162982284,0.138784638,-1.131207441,0.778505591,-6.927651938,-1.684869284,-1.204087666,-1.190626537
13.335000000,0.102090073,0.116689986,-0.116689986,-0.071563153,0.142098117,0.115793501,0.117532490,0.130783531,-0.105109349,-0.074332163,0.162005015,0.137773377,-1.130711830,0.785030709,-6.935368961,-1.687684720,-1.203317314,-1.189965893
13.340000000,0.101365219,0.115986386,-0.115986386,-0.071157806,0.141140348,0.114797437,0.116963994,0.130221499,-0.104565174,-0.073994228,0.161225446,0.136966249,-1.140749363,0.738256479,-6.810927488,-1.653317772,-1.213978590,-1.200177882
13.345000000,0.100642839,0.115285189,-0.115285189,-0.070753843,0.140185848,0.113804774,0.116113755,0.129380889,-0.103747435,-0.073493934,0.160057605,0.135735759,-1.128533322,0.795977910,-6.942096524,-1.686122078,-1.199173575,-1.184728815
13.350000000,0.099922942,0.114586400,-0.114586400,-0.070351268,0.139234628,0.112815521,0.115407164,0.128678162,-0.103057762,-0.073086219,0.159080196,0.134719336,-1.127828841,0.802505764,-6.965638906,-1.694400365,-1.198057739,-1.186835260
13.355000000,0.099205533,0.113890027,-0.113890027,-0.069950085,0.138286696,0.111829689,0.114843439,0.128118761,-0.102513508,-0.072746241,0.158302857,0.133930569,-1.137637782,0.756008561,-6.863712164,-1.669651917,-1.209071707,-1.196849184
13.360400000,0.098433535,0.113140666,-0.113140666,-0.069518375,0.137266634,0.110768842,0.114000374,0.127284227,-0.101701894,-0.072233242,0.157142195,0.132715337,-1.129662083,0.793101638,-6.952499932,-1.692472257,-1.199276078,-1.185867830
13.365000000,0.097778209,0.112504556,-0.112504556,-0.069151910,0.136400735,0.109868322,0.113299456,0.126586866,-0.101019932,-0.071815544,0.156172923,0.131697054,-1.124220779,0.817620700,-7.027217319,-1.714541629,-1.193230572,-1.182026687
13.370000000,0.097068308,0.111815472,-0.111815472,-0.068754925,0.135462724,0.108892807,0.112740317,0.126032447,-0.100480728,-0.071473192,0.155401006,0.130912839,-1.134039006,0.767667321,-6.919582424,-1.688522208,-1.204285912,-1.193111402
13.375000000,0.096360924,0.111128829,-0.111128829,-0.068359348,0.134528037,0.107920749,0.111904001,0.125207618,-0.099685166,-0.070951131,0.154253876,0.129725092,-1.122064004,0.808864576,-7.054586444,-1.727313367,-1.191908386,-1.178700729
13.380000000,0.095656063,0.110444636,-0.110444636,-0.067965181,0.133596685,0.106952159,0.111209078,0.124521881,-0.099023967,-0.070524278,0.153299504,0.128737832,-1.121499877,0.811228224,-7.062941938,-1.733054610,-1.191579512,-1.180990894
13.385000000,0.094953731,0.109762899,-0.109762899,-0.067572430,0.132668675,0.105987045,0.110516877,0.123842441,-0.098376976,-0.070091239,0.152352913,0.127782248,-1.123071601,0.760716629,-7.044415186,-1.731187654,-1.190339374,-1.180986110
13.390000000,0.094253936,0.109083624,-0.109083624,-0.067181096,0.131744017,0.105025417,0.109827390,0.123167005,-0.097740576,-0.069661930,0.151413842,0.126819969,-1.121684434,0.792353002,-7.035275246,-1.730330884,-1.191542037,-1.180688020
13.395000000,0.093556684,0.108406817,-0.108406817,-0.066791185,0.130822719,0.104067283,0.109140620,0.122491803,-0.097110592,-0.069242415,0.150480646,0.125858607,-1.121726287,0.793008920,-7.004820014,-1.721651828,-1.191455901,-1.180405521
13.400000000,0.092861982,0.107732484,-0.107732484,-0.066402700,0.129904790,0.103112652,0.108456905,0.121820058,-0.096484287,-0.068837566,0.149551612,0.124898812,-1.121759222,0.793503322,-6.967156912,-1.709931776,-1.191191322,-1.179989828
13.405000000,0.092169835,0.107060633,-0.107060633,-0.066015643,0.128990237,0.102161534,0.107912079,0.121284721,-0.095983837,-0.068524857,0.148810929,0.124132454,-1.131798176,0.751100608,-6.811298075,-1.664002853,-1.201543591,-1.189902711
13.410000000,0.091480250,0.106391269,-0.106391269,-0.065630020,0.128079071,0.101213936,0.107098150,0.120482524,-0.095225478,-0.068079455,0.147700697,0.122958993,-1.120844921,0.813712801,-6.891400852,-1.678380494,-1.187413673,-1.175096504
13.415000000,0.090793234,0.105724398,-0.105724398,-0.065245833,0.127171298,0.100269869,0.106422302,0.119810373,-0.094581760,-0.067720983,0.146771932,0.121981067,-1.120443981,0.823946956,-6.893568078,-1.678538018,-1.186704316,-1.176637373
13.420200000,0.090081469,0.105033503,-0.105033503,-0.064847806,0.126230824,0.099291791,0.105748977,0.119141582,-0.093940282,-0.067351005,0.145849828,0.121046791,-1.122042318,0.814786418,-6.874042359,-1.673598941,-1.188877552,-1.178536506
13.425000000,0.089426933,0.104398160,-0.104398160,-0.064481782,0.125365967,0.098392356,0.105078188,0.118477296,-0.093299331,-0.066974509,0.144933668,0.120104178,-1.119624933,0.828170068,-6.907778469,-1.682961199,-1.186199549,-1.175548925
13.430000000,0.088747660,0.103738805,-0.103738805,-0.064101925,0.124468425,0.097458928,0.104409918,0.117816894,-0.092657727,-0.066593492,0.144021604,0.119165234,-1.120894748,0.789912309,-6.911679830,-1.684712440,-1.184571405,-1.175956603
13.435000000,0.088070980,0.103081967,-0.103081967,-0.063723518,0.123574310,0.096529064,0.103744122,0.117158870,-0.092018384,-0.066204885,0.143114599,0.118230542,-1.119167880,0.828251709,-6.942286460,-1.694860348,-1.185304754,-1.175345325
13.440000000,0.087396900,0.102427652,-0.102427652,-0.063346564,0.122683629,0.095602771,0.103080693,0.116500572,-0.091380836,-0.065810606,0.142212053,0.117295719,-1.118726012,0.833545055,-6.960006604,-1.700846034,-1.184925847,-1.174854593
13.445000000,0.086725424,0.101775866,-0.101775866,-0.062971068,0.121796390,0.094680058,0.102419995,0.115847292,-0.090746467,-0.065414052,0.141312933,0.116363760,-1.118346121,0.828605140,-6.972784282,-1.706222621,-1.184415420,-1.174287720
13.450000000,0.086056560,0.101126614,-0.101126614,-0.062597031,0.120912602,0.093760933,0.101762086,0.115200100,-0.090116462,-0.065016057,0.140416720,0.115434405,-1.118403685,0.816669866,-6.979564426,-1.709809449,-1.183257740,-1.173725827
13.455000000,0.085390312,0.100479902,-0.100479902,-0.062224458,0.120032271,0.092845404,0.101106764,0.114556869,-0.089491223,-0.064617703,0.139523611,0.114508019,-1.117959510,0.814129980,-6.986601476,-1.713138057,-1.182651864,-1.173136595
13.460200000,0.084700197,0.099810022,-0.099810022,-0.061838538,0.119120402,0.091897077,0.100454060,0.113916582,-0.088870518,-0.064220169,0.138633233,0.113584117,-1.119332194,0.808249563,-6.968826353,-1.709377189,-1.183976077,-1.174421150
13.465000000,0.084065690,0.099194121,-0.099194121,-0.061483714,0.118282011,0.091025165,0.099803826,0.113278108,-0.088253300,-0.063826278,0.137745353,0.112659128,-1.116659064,0.821930754,-6.992265639,-1.715927854,-1.180782866,-1.171065628
13.470000000,0.083407327,0.098555063,-0.098555063,-0.061115550,0.117412098,0.090120471,0.099155958,0.112641027,-0.087638162,-0.063437737,0.136859280,0.111738871,-1.116038066,0.829105039,-6.993924138,-1.717165054,-1.180043871,-1.170837151
13.475000000,0.082751603,0.097918567,-0.097918567,-0.060748862,0.116545673,0.089219404,0.098510587,0.112007124,-0.087028182,-0.063050224,0.135976880,0.110827813,-1.117061670,0.791620423,-6.980535401,-1.714103312,-1.178043697,-1.170337782
13.480000000,0.082098524,0.097284637,-0.097284637,-0.060383653,0.115682742,0.088321971,0.097996026,0.111501186,-0.086543574,-0.062741607,0.135273606,0.110100127,-1.124746099,0.793289722,-6.871903025,-1.684020807,-1.189003803,-1.179351046
13.485200000,0.081422134,0.096628080,-0.096628080,-0.060005408,0.114789009,0.087392504,0.097354644,0.110866436,-0.085938918,-0.062360458,0.134397598,0.109184199,-1.125873220,0.778596754,-6.839429619,-1.671534891,-1.188025883,-1.178032055
13.490000000,0.080800323,0.096024502,-0.096024502,-0.059657684,0.113967393,0.086538038,0.096587052,0.110099785,-0.085199218,-0.061927812,0.133340702,0.108044606,-1.110784214,0.889288989,-6.992710012,-1.709473706,-1.172553413,-1.162373578
13.495200000,0.080129462,0.095373313,-0.095373313,-0.059282531,0.113080966,0.085616169,0.095949430,0.109459421,-0.084578318,-0.061567873,0.132457828,0.107140007,-1.112417008,0.869154176,-6.988822778,-1.711581630,-1.173719364,-1.166976705
13.500000000,0.079512765,0.094774699,-0.094774699,-0.058937667,0.112266108,0.084768731,0.095314282,0.108830278,-0.083970308,-0.061189077,0.131585103,0.106262308,-1.110001240,0.851794566,-7.024095373,-1.725597233,-1.171647211,-1.164132238
13.505000000,0.078872990,0.094153684,-0.094153684,-0.058579898,0.111420757,0.083889580,0.094681782,0.108210735,-0.083371130,-0.060803781,0.130720296,0.105379169,-1.109755710,0.837282313,-7.029649434,-1.730413858,-1.171695975,-1.164429940
13.510000000,0.078235892,0.093535267,-0.093535267,-0.058223626,0.110578941,0.083014107,0.094177813,0.107719399,-0.082898333,-0.060493635,0.130033852,0.104676952,-1.118481591,0.794894981,-6.916327761,-1.700091645,-1.181646499,-1.173541603
13.515000000,0.077601475,0.092919453,-0.092919453,-0.057868852,0.109740669,0.082142318,0.093550344,0.107107975,-0.082310427,-0.060114079,0.129180200,0.103786941,-1.117443952,0.804638540,-6.902113786,-1.693307402,-1.179984540,-1.170268023
13.520000000,0.076969745,0.092306246,-0.092306246,-0.057515582,0.108905947,0.081274221,0.092800295,0.106370104,-0.081594432,-0.059683785,0.128151618,0.102685948,-1.108109315,0.843528259,-7.008565122,-1.718994802,-1.165517026,-1.158250638
13.525000000,0.076340706,0.091695652,-0.091695652,-0.057163816,0.108074780,0.080409822,0.092177544,0.105751766,-0.081000073,-0.059318463,0.127294083,0.101805506,-1.106245802,0.876697112,-7.047971530,-1.735290895,-1.166079297,-1.160071089
13.530000000,0.075714362,0.091087674,-0.091087674,-0.056813558,0.107247176,0.079549128,0.091681213,0.105260768,-0.080534499,-0.059012624,0.126615238,0.101124426,-1.115899450,0.801348283,-6.938677867,-1.707710606,-1.175419744,-1.169295863
13.535000000,0.075090720,0.090482319,-0.090482319,-0.056464810,0.106423140,0.078692146,0.090939830,0.104533249,-0.079846360,-0.058554337,0.125606886,0.100075712,-1.104673016,0.866634134,-7.051764873,-1.740253410,-1.165293941,-1.156398613
13.540000000,0.074469783,0.089879589,-0.089879589,-0.056117575,0.105602679,0.077838881,0.090324705,0.103928674,-0.079271993,-0.058186292,0.124768902,0.099209801,-1.104949051,0.856682029,-7.037353549,-1.737041794,-1.164929125,-1.158670573
13.545000000,0.073851556,0.089279490,-0.089279490,-0.055771855,0.104785800,0.076989340,0.089712685,0.103330503,-0.078706185,-0.057820293,0.123938507,0.098364821,-1.105054035,0.844323773,-7.017979166,-1.732924393,-1.165077618,-1.158221258
13.550000000,0.073236044,0.088682026,-0.088682026,-0.055427654,0.103972507,0.076143530,0.089103910,0.102737786,-0.078146688,-0.057459199,0.123114109,0.097516363,-1.105181034,0.840037884,-6.996898460,-1.727435579,-1.164982363,-1.158006346
13.555000000,0.072623251,0.088087202,-0.088087202,-0.055084973,0.103162806,0.075301456,0.088619161,0.102265526,-0.077701433,-0.057176246,0.122458069,0.096838844,-1.113670964,0.805926537,-6.869860872,-1.690635325,-1.174397023,-1.166752564
13.560000000,0.072013181,0.087495021,-0.087495021,-0.054743815,0.102356705,0.074463124,0.087895501,0.101558347,-0.077031164,-0.056768300,0.121477159,0.095807716,-1.103979338,0.865679753,-6.948646348,-1.707619022,-1.162767469,-1.154002738
13.565000000,0.071405840,0.086905488,-0.086905488,-0.054404183,0.101554208,0.073628541,0.087295114,0.100966472,-0.076463721,-0.056443015,0.120657727,0.094949853,-1.105129131,0.838694564,-6.935345720,-1.702673193,-1.160821036,-1.155758121
13.570000000,0.070801230,0.086318607,-0.086318607,-0.054066079,0.100755321,0.072797712,0.086816832,0.100494930,-0.076011831,-0.056178338,0.120006241,0.094287671,-1.111677624,0.843393481,-6.840131340,-1.676058470,-1.171412755,-1.164185836
13.575000000,0.070199357,0.085734382,-0.085734382,-0.053729504,0.099960049,0.071970644,0.086102352,0.099787348,-0.075332025,-0.055779867,0.119034221,0.093266338,-1.102334140,0.888790288,-6.951053482,-1.703875244,-1.159418443,-1.151445133
13.580000000,0.069600224,0.085152817,-0.085152817,-0.053394462,0.099168399,0.071147341,0.085509802,0.099199364,-0.074756526,-0.055453900,0.118222232,0.092416412,-1.101828342,0.891242121,-6.971258004,-1.710387675,-1.158583414,-1.152858020
13.585000000,0.069003835,0.084573916,-0.084573916,-0.053060955,0.098380375,0.070327810,0.084920112,0.098618726,-0.074187794,-0.055112894,0.117416905,0.091600362,-1.101883510,0.872459754,-6.987541904,-1.718165624,-1.158216762,-1.152604324
13.590000000,0.068410195,0.083997683,-0.083997683,-0.052728985,0.097595982,0.069512055,0.084333134,0.098044532,-0.073626405,-0.054761394,0.116618937,0.090781007,-1.101630027,0.864487080,-7.003789065,-1.725304570,-1.158245154,-1.152319519
13.595000000,0.067819308,0.083424122,-0.083424122,-0.052398554,0.096815226,0.068700083,0.083749048,0.097475009,-0.073071063,-0.054405386,0.115826464,0.089962893,-1.101391669,0.862337352,-7.016062036,-1.730889724,-1.157967605,-1.151882421
13.600000000,0.067231177,0.082853236,-0.082853236,-0.052069664,0.096038112,0.067891898,0.083167846,0.096908662,-0.072521188,-0.054049184,0.115038400,0.089146612,-1.101074283,0.862626272,-7.021649924,-1.733950273,-1.157593052,-1.151360142
13.605000000,0.066645805,0.082285029,-0.082285029,-0.051742318,0.095264645,0.067087505,0.082589542,0.096345162,-0.071976664,-0.053695053,0.114253964,0.088332648,-1.100750464,0.867334292,-7.024078652,-1.735908554,-1.157105044,-1.150761177
13.610000000,0.066063197,0.081719505,-0.081719505,-0.051416517,0.094494830,0.066286911,0.082014107,0.095784533,-0.071437214,-0.053344611,0.113472826,0.087521030,-1.101927334,0.830669310,-7.008542145,-1.732022502,-1.155286377,-1.150270518
13.615000000,0.065483357,0.081156667,-0.081156667,-0.051092264,0.093728671,0.065490119,0.081441280,0.095224431,-0.070902439,-0.052998084,0.112695230,0.086712518,-1.100115650,0.872327249,-7.016521067,-1.734943876,-1.155653064,-1.149488867
13.620000000,0.064906287,0.080596518,-0.080596518,-0.050769560,0.092966173,0.064697135,0.080984867,0.094775724,-0.070476859,-0.052724228,0.112075654,0.086067984,-1.108732571,0.815007000,-6.899920071,-1.701360745,-1.163369951,-1.157589897
13.625200000,0.064309078,0.080016820,-0.080016820,-0.050435594,0.092177064,0.063876475,0.080303233,0.094104371,-0.069833345,-0.052336833,0.111148875,0.085086165,-1.099565959,0.895218417,-6.964350791,-1.713407312,-1.154612034,-1.146586911
13.630000000,0.063760475,0.079484303,-0.079484303,-0.050128809,0.091452180,0.063122608,0.079737580,0.093540115,-0.069292271,-0.052019361,0.110373338,0.084265650,-1.097458570,0.909783364,-7.004319878,-1.726357509,-1.150948729,-1.145471281
13.635000000,0.063191738,0.078932243,-0.078932243,-0.049810765,0.090700693,0.062341074,0.079174466,0.092981520,-0.068758010,-0.051690935,0.109602674,0.083479937,-1.096959477,0.892650084,-7.008401125,-1.729943301,-1.150768796,-1.145407011
13.640000000,0.062625786,0.078382886,-0.078382886,-0.049494278,0.089952885,0.061563367,0.078614080,0.092432284,-0.068230213,-0.051359071,0.108838787,0.082697078,-1.096538012,0.879678958,-7.006876337,-1.731272695,-1.150497270,-1.144965074
13.645000000,0.062062621,0.077836235,-0.077836235,-0.049179350,0.089208760,0.060789490,0.078056470,0.091888828,-0.067707568,-0.051027234,0.108080451,0.081915465,-1.096108392,0.876238286,-7.004959321,-1.731805700,-1.150123838,-1.144459671
13.650000000,0.061502247,0.077292292,-0.077292292,-0.048865983,0.088468323,0.060019448,0.077501718,0.091348721,-0.067188698,-0.050698018,0.107326583,0.081136369,-1.095722238,0.881594077,-7.002349291,-1.731512986,-1.149645750,-1.143878964
13.655000000,0.060944667,0.076751062,-0.076751062,-0.048554177,0.087731577,0.059253245,0.076949834,0.090811375,-0.066672825,-0.050372724,0.106576657,0.080360050,-1.096852075,0.845744171,-6.984640242,-1.726265782,-1.147871666,-1.143428178
13.660000000,0.060389883,0.076212545,-0.076212545,-0.048243936,0.086998526,0.058490885,0.076400599,0.090274511,-0.066160064,-0.050049492,0.105830640,0.079586157,-1.095035890,0.888421241,-6.996152919,-1.729931339,-1.148162887,-1.142642513
13.665000000,0.059837899,0.075676747,-0.075676747,-0.047935260,0.086269174,0.057732372,0.075853929,0.089736460,-0.065649464,-0.049727759,0.105088586,0.078815302,-1.094522340,0.892987029,-6.993181663,-1.729050177,-1.147562431,-1.141971958
13.670000000,0.059288716,0.075143668,-0.075143668,-0.047628151,0.085543525,0.056977709,0.075310096,0.089202529,-0.065140580,-0.049411178,0.104349936,0.078047874,-1.093997136,0.892978340,-6.985751021,-1.726810936,-1.146908394,-1.141230069
13.675000000,0.058742339,0.074613312,-0.074613312,-0.047322611,0.084821582,0.056226901,0.074769136,0.088673242,-0.064633366,-0.049098934,0.103614466,0.077284786,-1.093882398,0.884845538,-6.976446409,-1.724008394,-1.145760511,-1.140576073
13.680000000,0.058198770,0.074085681,-0.074085681,-0.047018641,0.084103349,0.055479951,0.074230889,0.088146981,-0.064127695,-0.048789556,0.102882577,0.076525111,-1.093389497,0.886047511,-6.973230730,-1.722744605,-1.145096076,-1.139883237
13.685000000,0.057658011,0.073560778,-0.073560778,-0.046716242,0.083388829,0.054736863,0.073695404,0.087623173,-0.063623083,-0.048482085,0.102154024,0.075768538,-1.092853026,0.890359657,-6.973765635,-1.722714668,-1.144305337,-1.139134632
13.690000000,0.057120065,0.073038606,-0.073038606,-0.046415417,0.082678026,0.053997641,0.073162597,0.087101263,-0.063119863,-0.048175149,0.101428876,0.075015740,-1.092202539,0.895506338,-6.977283574,-1.723742457,-1.143560231,-1.138385306
13.695000000,0.056584933,0.072519166,-0.072519166,-0.046116165,0.081970943,0.053262286,0.072632496,0.086581956,-0.062618274,-0.047868400,0.100707116,0.074266587,-1.091594912,0.901960312,-6.982964036,-1.725619924,-1.142812477,-1.137605662
13.700000000,0.056052620,0.072002461,-0.072002461,-0.045818489,0.081267582,0.052530804,0.072105122,0.086066106,-0.062118783,-0.047561536,0.099988838,0.073521257,-1.092511031,0.864647504,-6.976011106,-1.723785963,-1.140878893,-1.137001074
13.705000000,0.055523126,0.071488493,-0.071488493,-0.045522390,0.080567948,0.051803196,0.071580287,0.085551860,-0.061621955,-0.047253468,0.099274325,0.072779194,-1.090534629,0.905478514,-6.997516631,-1.730678782,-1.140982542,-1.136095227
13.710000000,0.054996454,0.070977265,-0.070977265,-0.045227870,0.079872042,0.051079466,0.071057840,0.085036723,-0.061127736,-0.046943205,0.098563870,0.072041001,-1.089763644,0.911014835,-7.006691889,-1.733919443,-1.140300394,-1.135342775
13.715000000,0.054472606,0.070468778,-0.070468778,-0.044934928,0.079179868,0.050359617,0.070538116,0.084526273,-0.060636440,-0.046634818,0.097857105,0.071306929,-1.089121394,0.908630575,-7.008792620,-1.735294083,-1.139600540,-1.134545936
13.720000000,0.053951585,0.069963034,-0.069963034,-0.044643567,0.078491428,0.049643652,0.070021220,0.084021346,-0.060148651,-0.046328472,0.097153813,0.070577075,-1.088895408,0.898094061,-7.006421263,-1.735380993,-1.138423196,-1.133817159
13.725000000,0.053433391,0.069460035,-0.069460035,-0.044353787,0.077806725,0.048931572,0.069507025,0.083519951,-0.059664643,-0.046023511,0.096454223,0.069851054,-1.088336508,0.897841010,-7.007962711,-1.736357665,-1.137688007,-1.133077742
13.730000000,0.052918028,0.068959783,-0.068959783,-0.044065590,0.077125761,0.048223382,0.068995579,0.083021241,-0.059183812,-0.045720432,0.095758168,0.069128358,-1.087723289,0.901035990,-7.009669790,-1.737307305,-1.136881244,-1.132285140
13.735000000,0.052405497,0.068462280,-0.068462280,-0.043778977,0.076448540,0.047519083,0.068486836,0.082524650,-0.058706200,-0.045419366,0.095065757,0.068409805,-1.087069787,0.904711269,-7.010257197,-1.737870018,-1.136120166,-1.131509310
13.740000000,0.051895799,0.067967528,-0.067967528,-0.043493948,0.075775062,0.046818678,0.067980832,0.082030666,-0.058231684,-0.045120845,0.094376936,0.067695226,-1.086429930,0.910954186,-7.010592210,-1.738314005,-1.135369308,-1.130714523
13.745000000,0.051388936,0.067475528,-0.067475528,-0.043210505,0.075105330,0.046122169,0.067577967,0.081637473,-0.057854294,-0.044884016,0.093828641,0.067126292,-1.094607549,0.843451746,-6.904545933,-1.707875272,-1.141804379,-1.137743720
13.750200000,0.050864808,0.066966768,-0.066966768,-0.042917406,0.074412786,0.045401934,0.066976651,0.081049996,-0.057288715,-0.044536192,0.093010015,0.066265714,-1.085804994,0.919024471,-6.988081083,-1.728959469,-1.134048517,-1.128227789
13.755000000,0.050383722,0.066499789,-0.066499789,-0.042648378,0.073777114,0.044740847,0.066477643,0.080554212,-0.056812296,-0.044252759,0.092326983,0.065543770,-1.083346977,0.943211429,-7.022488830,-1.738613635,-1.130959347,-1.126981530
13.760000000,0.049885374,0.066016054,-0.066016054,-0.042369696,0.073118633,0.044056038,0.065981328,0.080063285,-0.056340537,-0.043964275,0.091648259,0.064850575,-1.082697274,0.933623070,-7.028853458,-1.742520286,-1.130558764,-1.126650208
13.765000000,0.049389867,0.065535076,-0.065535076,-0.042092603,0.072463906,0.043375134,0.065487875,0.079581002,-0.055875844,-0.043671313,0.090975973,0.064161567,-1.082546740,0.915046059,-7.028463869,-1.744461408,-1.129812297,-1.126122898
13.770000000,0.048897202,0.065056857,-0.065056857,-0.041817099,0.071812934,0.042698134,0.064997246,0.079104328,-0.055417099,-0.043377568,0.090309541,0.063474332,-1.082142756,0.910199424,-7.028691309,-1.745685283,-1.129403516,-1.125532503
13.775000000,0.048407380,0.064581398,-0.064581398,-0.041543185,0.071165720,0.042025043,0.064606926,0.078725889,-0.055053252,-0.043144088,0.089779696,0.062926389,-1.088233479,0.883484863,-6.942289019,-1.721602071,-1.136529302,-1.132212510
13.780000000,0.047920403,0.064108700,-0.064108700,-0.041270862,0.070522264,0.041355860,0.064024618,0.078158729,-0.054509723,-0.042800265,0.088989192,0.062092106,-1.080447218,0.928613259,-7.027064395,-1.743447925,-1.126830708,-1.121499635
13.785000000,0.047436271,0.063638765,-0.063638765,-0.041000130,0.069882568,0.040690587,0.063542347,0.077685701,-0.054052656,-0.042524588,0.088329247,0.061398210,-1.079907147,0.937059894,-7.032472753,-1.745285557,-1.125760462,-1.122298452
13.790000000,0.046954986,0.063171592,-0.063171592,-0.040730990,0.069246632,0.040029225,0.063062952,0.077217439,-0.053602207,-0.042244242,0.087675029,0.060733622,-1.080873286,0.892910442,-7.021204687,-1.743481683,-1.124400573,-1.121924886
13.795000000,0.046476548,0.062707183,-0.062707183,-0.040463442,0.068614459,0.039371776,0.062586182,0.076752527,-0.053158133,-0.041961076,0.087027580,0.060067967,-1.079069041,0.929347190,-7.035801532,-1.749089369,-1.124983647,-1.121299097
13.800000000,0.046000958,0.062245538,-0.062245538,-0.040197487,0.067986049,0.038718241,0.062112055,0.076287891,-0.052718789,-0.041677197,0.086386017,0.059404532,-1.078591890,0.930979385,-7.034514800,-1.749492982,-1.124633902,-1.120719883
13.805000000,0.045528217,0.061786659,-0.061786659,-0.039933125,0.067361403,0.038068620,0.061640926,0.075827960,-0.052283060,-0.041398342,0.085748992,0.058744693,-1.078176224,0.929467551,-7.025566082,-1.747251640,-1.124179617,-1.120094751
13.810000000,0.045058325,0.061330545,-0.061330545,-0.039670356,0.066740522,0.037422914,0.061172849,0.075372786,-0.051850651,-0.041124670,0.085115782,0.058087504,-1.078125036,0.920399307,-7.012576847,-1.743668950,-1.123193865,-1.119446105
13.815000000,0.044591282,0.060877198,-0.060877198,-0.039409180,0.066123407,0.036781125,0.060707696,0.074920531,-0.051420655,-0.040856378,0.084486333,0.057433190,-1.077763826,0.921681703,-7.001908345,-1.739994896,-1.122571276,-1.118754058
13.820000000,0.044127090,0.060426617,-0.060426617,-0.039149599,0.065510057,0.036143252,0.060245484,0.074470429,-0.050992247,-0.040592244,0.083860421,0.056782520,-1.077311353,0.926684519,-6.996701076,-1.738160548,-1.121894330,-1.118042055
13.825000000,0.043665749,0.059978803,-0.059978803,-0.038891611,0.064900474,0.035509296,0.059877752,0.074111502,-0.050650479,-0.040383028,0.083362374,0.056264729,-1.082945639,0.902995563,-6.912410875,-1.713570597,-1.128564733,-1.124292446
13.830000000,0.043207258,0.059533756,-0.059533756,-0.038635218,0.064294657,0.034879257,0.059329388,0.073574787,-0.050137537,-0.040072177,0.082618217,0.055475824,-1.075423345,0.952277568,-7.001393186,-1.736826009,-1.119243205,-1.113961877
13.835000000,0.042751618,0.059091477,-0.059091477,-0.038380419,0.063692608,0.034253137,0.058875027,0.073127797,-0.049705397,-0.039818410,0.081997834,0.054827299,-1.076127767,0.915204341,-6.998446319,-1.736151341,-1.117468077,-1.115205288
13.840000000,0.042298829,0.058651965,-0.058651965,-0.038127215,0.063094326,0.033630934,0.058423245,0.072684142,-0.049278309,-0.039557504,0.081383299,0.054199932,-1.074251612,0.951540114,-7.022851566,-1.744805659,-1.117866476,-1.114367650
13.845000000,0.041848891,0.058215220,-0.058215220,-0.037875604,0.062499811,0.033012648,0.057974096,0.072242353,-0.048855485,-0.039292182,0.080774630,0.053571225,-1.073744130,0.948949704,-7.028751892,-1.747556287,-1.117470333,-1.113807778
13.850000000,0.041401805,0.057781243,-0.057781243,-0.037625588,0.061909063,0.032398281,0.057527873,0.071806676,-0.048436642,-0.039027795,0.080170678,0.052945844,-1.073221177,0.945141672,-7.030586551,-1.749117688,-1.116989727,-1.113135632
13.855000000,0.040957569,0.057350033,-0.057350033,-0.037377166,0.061322082,0.031787831,0.057173015,0.071461864,-0.048104598,-0.038817199,0.079690509,0.052447848,-1.078797392,0.911982632,-6.951381060,-1.727015560,-1.123280564,-1.119202090
13.860000000,0.040516183,0.056921590,-0.056921590,-0.037130339,0.060738867,0.031181298,0.056644227,0.070948197,-0.047608846,-0.038505522,0.078972867,0.051688656,-1.072068163,0.946931589,-7.033482593,-1.748956509,-1.113863851,-1.109296670
13.865000000,0.040077648,0.056495914,-0.056495914,-0.036885105,0.060159419,0.030578681,0.056206590,0.070520114,-0.047194850,-0.038249090,0.078373711,0.051064265,-1.071554913,0.949830996,-7.047779893,-1.754803076,-1.112871021,-1.110338228
13.870000000,0.039641962,0.056073004,-0.056073004,-0.036641465,0.059583736,0.029979981,0.055771688,0.070095983,-0.046787117,-0.037989075,0.077780484,0.050460168,-1.070898062,0.947315623,-7.050277786,-1.756919144,-1.112582384,-1.109603434
13.875200000,0.039191872,0.055636111,-0.055636111,-0.036389769,0.058989019,0.029361486,0.055339496,0.069676391,-0.046385044,-0.037729743,0.077193511,0.049855429,-1.071419607,0.943794184,-7.034704782,-1.753584060,-1.113656386,-1.110296924
13.880000000,0.038779139,0.055235480,-0.055235480,-0.036158964,0.058443664,0.028794326,0.054910105,0.069260624,-0.045987665,-0.037473391,0.076611616,0.049251320,-1.071195949,0.910719743,-7.032351841,-1.752924422,-1.110596696,-1.108085992
13.885000000,0.038351999,0.054820865,-0.054820865,-0.035920103,0.057879273,0.028207369,0.054483395,0.068845403,-0.045593493,-0.037220885,0.076033685,0.048651265,-1.069412321,0.953743174,-7.043583362,-1.756572321,-1.110842421,-1.107640916
13.890000000,0.037927707,0.054409014,-0.054409014,-0.035682834,0.057318644,0.027624325,0.054143978,0.068512222,-0.045280741,-0.037019732,0.075574750,0.048175503,-1.075573386,0.906417588,-6.958786531,-1.732098682,-1.116365261,-1.113422968
13.895200000,0.037489462,0.053983620,-0.053983620,-0.035437762,0.056739579,0.027022108,0.053637911,0.068015281,-0.044812062,-0.036729529,0.074890528,0.047448732,-1.068494302,0.971058753,-7.014588938,-1.745137118,-1.109958339,-1.104977880
13.900000000,0.037087661,0.053593600,-0.053593600,-0.035213070,0.056208668,0.026469969,0.053218693,0.067600103,-0.044416588,-0.036498703,0.074320048,0.046839745,-1.066700977,0.976092626,-7.027698225,-1.748068803,-1.107170705,-1.103708990
13.905200000,0.036655333,0.053173950,-0.053173950,-0.034971308,0.055637422,0.025875883,0.052802207,0.067190666,-0.044025040,-0.036265133,0.073754471,0.046263700,-1.067408812,0.959891821,-7.012717557,-1.745115658,-1.108232189,-1.104914960
13.910000000,0.036258992,0.052789230,-0.052789230,-0.034749669,0.055113725,0.025331247,0.052388717,0.066788228,-0.043638496,-0.036028159,0.073194651,0.045687730,-1.065923057,0.959764788,-7.028480023,-1.750457926,-1.106361519,-1.102746574
13.915000000,0.035848921,0.052391183,-0.052391183,-0.034520353,0.054571887,0.024767746,0.052060041,0.066469160,-0.043331669,-0.035837889,0.072749939,0.045227677,-1.070901335,0.934516438,-6.959937503,-1.731498862,-1.112358357,-1.108648877
13.920000000,0.035441691,0.051995894,-0.051995894,-0.034292625,0.054033803,0.024208148,0.051570533,0.065993933,-0.042874432,-0.035553475,0.072087176,0.044531478,-1.064498659,0.975036432,-7.038917368,-1.753052652,-1.104255064,-1.099621373
13.925000000,0.035037300,0.051603361,-0.051603361,-0.034066486,0.053499471,0.023652451,0.051165698,0.065599072,-0.042492797,-0.035319731,0.071535356,0.043954227,-1.065577217,0.935159940,-7.035063360,-1.753024133,-1.102509726,-1.100577933
13.930000000,0.034635747,0.051213583,-0.051213583,-0.033841933,0.052968888,0.023100655,0.050763658,0.065207801,-0.042117581,-0.035081082,0.070989547,0.043399097,-1.063846543,0.969982225,-7.054328908,-1.760324622,-1.103018874,-1.099920690
13.935200000,0.034221141,0.050811134,-0.050811134,-0.033610080,0.052421058,0.022530921,0.050443987,0.064895550,-0.041821477,-0.034887526,0.070557326,0.042954040,-1.070690660,0.914642862,-6.966744424,-1.736032928,-1.109571566,-1.106690264
13.940000000,0.033841149,0.050442284,-0.050442284,-0.033397585,0.051918964,0.022008752,0.049967777,0.064430581,-0.041381060,-0.034602508,0.069914196,0.042276480,-1.062248037,0.987078309,-7.060908904,-1.761902430,-1.101192810,-1.096384963
13.945000000,0.033448100,0.050060760,-0.050060760,-0.033177787,0.051399618,0.021468641,0.049573796,0.064042767,-0.041012690,-0.034371990,0.069378814,0.041716006,-1.062027028,0.979402391,-7.061820338,-1.763257648,-1.100313702,-1.097582662
13.950000000,0.033057883,0.049681985,-0.049681985,-0.032959573,0.050884013,0.020932421,0.049182728,0.063661553,-0.040651001,-0.034140457,0.068849224,0.041176184,-1.061732094,0.967875528,-7.055335722,-1.762754171,-1.100036729,-1.096939895
13.955200000,0.032655057,0.049290971,-0.049290971,-0.032734309,0.050351749,0.020378875,0.048794675,0.063286428,-0.040294821,-0.033910732,0.068324916,0.040635228,-1.062779441,0.964024041,-7.033202978,-1.757370884,-1.101219068,-1.097537130
13.960000000,0.032285933,0.048932670,-0.048932670,-0.032527890,0.049864014,0.019871640,0.048409570,0.062914930,-0.039942441,-0.033685028,0.067804992,0.040094881,-1.060922501,0.964015621,-7.038962024,-1.758700434,-1.098958762,-1.095449807
13.965000000,0.031904196,0.048562127,-0.048562127,-0.032314419,0.049359616,0.019347074,0.048103570,0.062619577,-0.039661547,-0.033509296,0.067391305,0.039663832,-1.065542316,0.941952505,-6.964811830,-1.737025426,-1.104320103,-1.100796925
13.970000000,0.031525283,0.048194324,-0.048194324,-0.032102526,0.048858947,0.018826387,0.047647952,0.062178364,-0.039240894,-0.033252410,0.066774379,0.039012971,-1.060870547,0.948094533,-7.015866253,-1.749001642,-1.095754980,-1.092390336
13.975200000,0.031134205,0.047814714,-0.047814714,-0.031883831,0.048342205,0.018288985,0.047270923,0.061807757,-0.038886959,-0.033045041,0.066261602,0.038475395,-1.059970574,0.989392833,-7.020566107,-1.750179157,-1.097149368,-1.094139588
13.980000000,0.030775915,0.047466930,-0.047466930,-0.031683471,0.047868787,0.017796638,0.046896489,0.061437259,-0.038537110,-0.032831765,0.065754522,0.037955273,-1.058435051,0.995333570,-7.038812248,-1.756111483,-1.095450672,-1.092046202
13.985000000,0.030405456,0.047107333,-0.047107333,-0.031476306,0.047379289,0.017287569,0.046599003,0.061145263,-0.038259583,-0.032660819,0.065352040,0.037539222,-1.062867651,0.965010814,-6.973463892,-1.738118043,-1.100809995,-1.097379496
13.990000000,0.030037810,0.046750468,-0.046750468,-0.031270714,0.046893508,0.016782366,0.046156230,0.060715407,-0.037846393,-0.032406551,0.064753244,0.036913157,-1.057347113,0.982558395,-7.035986150,-1.755362622,-1.093429898,-1.089388795
13.995200000,0.029658439,0.046382221,-0.046382221,-0.031058566,0.046392236,0.016261051,0.045790133,0.060358747,-0.037503013,-0.032194379,0.064255308,0.036388584,-1.057829768,0.980657766,-7.038900992,-1.757889641,-1.093713132,-1.090926028
14.000000000,0.029310946,0.046044917,-0.046044917,-0.030864244,0.045933084,0.015783541,0.045426950,0.060006193,-0.037164351,-0.031979341,0.063762166,0.035883827,-1.056409690,0.982976380,-7.054855949,-1.763283210,-1.092023889,-1.088930353
14.005000000,0.028951723,0.045696228,-0.045696228,-0.030663362,0.045458433,0.015289912,0.045066546,0.059657448,-0.036829638,-0.031765094,0.063273867,0.035379361,-1.055937205,0.981727243,-7.057034803,-1.765017347,-1.091661766,-1.088625974
14.010000000,0.028595302,0.045350258,-0.045350258,-0.030464048,0.044987484,0.014800133,0.044709025,0.059312671,-0.036499502,-0.031552352,0.062790639,0.034881259,-1.055514879,0.984308882,-7.055644231,-1.765335627,-1.091324986,-1.088038557
14.015200000,0.028227593,0.044993331,-0.044993331,-0.030258420,0.044501620,0.014294843,0.044354432,0.058971509,-0.036173440,-0.031342645,0.062311885,0.034385225,-1.057484993,0.940116911,-7.024991727,-1.756644361,-1.090990211,-1.088613465
14.020000000,0.027890853,0.044666465,-0.044666465,-0.030070112,0.044056677,0.013832110,0.044002599,0.058631228,-0.035850462,-0.031136684,0.061837151,0.033889353,-1.054846804,0.988969944,-7.047413750,-1.762783779,-1.089891447,-1.086421841
14.025000000,0.027542819,0.044328636,-0.044328636,-0.029875487,0.043596810,0.013353857,0.043653428,0.058288773,-0.035529731,-0.030931990,0.061365865,0.033397848,-1.054390949,0.995105475,-7.048020044,-1.763249037,-1.089342569,-1.086047027
14.030000000,0.027197574,0.043993515,-0.043993515,-0.029682423,0.043140629,0.012879436,0.043307138,0.057950771,-0.035211745,-0.030731400,0.060898457,0.032912549,-1.053907259,0.993114243,-7.040015388,-1.761051354,-1.088846532,-1.085340074
14.035200000,0.026841475,0.043647857,-0.043647857,-0.029483288,0.042670105,0.012390099,0.042963756,0.057618134,-0.034896107,-0.030535727,0.060434636,0.032429752,-1.054623482,0.978141537,-7.015318865,-1.753793229,-1.088961936,-1.085678896
14.040000000,0.026515439,0.043331381,-0.043331381,-0.029300965,0.042239304,0.011942074,0.042623129,0.057288520,-0.034582819,-0.030342760,0.059974258,0.031948259,-1.053282571,0.984694796,-7.023867144,-1.755827470,-1.087100430,-1.083632032
14.045000000,0.026178541,0.043004362,-0.043004362,-0.029112567,0.041794152,0.011479124,0.042352672,0.057026557,-0.034332397,-0.030190943,0.059607825,0.031566199,-1.057034235,0.968994688,-6.964512591,-1.738452954,-1.091711075,-1.088283166
14.050000000,0.025844418,0.042680036,-0.042680036,-0.028925722,0.041352666,0.011019986,0.041950055,0.056634113,-0.033956347,-0.029967634,0.059061791,0.030988307,-1.051758500,1.003443396,-7.024138827,-1.753068216,-1.084717575,-1.080560548
14.055000000,0.025513066,0.042358400,-0.042358400,-0.028740426,0.040914842,0.010564657,0.041617310,0.056307434,-0.033640227,-0.029784416,0.058607020,0.030509042,-1.050971358,1.012616388,-7.040037577,-1.758450211,-1.083900589,-1.080912947
14.060000000,0.025184481,0.042039451,-0.042039451,-0.028556678,0.040480674,0.010113130,0.041287207,0.055985716,-0.033328936,-0.029594686,0.058157509,0.030051336,-1.051871787,0.965801153,-7.033818016,-1.757848298,-1.082606125,-1.080467221
14.065000000,0.024858660,0.041723183,-0.041723183,-0.028374475,0.040050158,0.009665400,0.040959621,0.055667309,-0.033022731,-0.029400591,0.057713801,0.029593768,-1.050044311,1.005460768,-7.058485582,-1.766390373,-1.082984710,-1.079779022
14.070000000,0.024535598,0.041409594,-0.041409594,-0.028193815,0.039623287,0.009221462,0.040699413,0.055412581,-0.032780519,-0.029243442,0.057362496,0.029229207,-1.054743859,0.960003580,-6.999150033,-1.749630733,-1.086975559,-1.084105257
14.075000000,0.024215291,0.041098679,-0.041098679,-0.028014696,0.039200057,0.008781310,0.040376524,0.055097065,-0.032479976,-0.029051244,0.056927120,0.028769748,-1.052832527,0.994925173,-7.008503057,-1.751448860,-1.086453889,-1.081803402
14.080000000,0.023897735,0.040790435,-0.040790435,-0.027837115,0.038780462,0.008344938,0.039992308,0.054717889,-0.032116539,-0.028829216,0.056404815,0.028206791,-1.047678922,1.025557572,-7.075803084,-1.769781368,-1.079198662,-1.075275222
14.085000000,0.023582925,0.040484856,-0.040484856,-0.027661070,0.038364495,0.007912340,0.039674884,0.054405337,-0.031816542,-0.028642974,0.055971308,0.027758396,-1.047206265,1.015042820,-7.085152188,-1.774875316,-1.078731547,-1.075849302
14.090000000,0.023270858,0.040181939,-0.040181939,-0.027486558,0.037952151,0.007483510,0.039360244,0.054100977,-0.031525228,-0.028450821,0.055544116,0.027326260,-1.046775524,1.002869030,-7.087626615,-1.778114054,-1.078513427,-1.075365204
14.095000000,0.022961527,0.039881679,-0.039881679,-0.027313577,0.037543425,0.007058441,0.039048401,0.053802277,-0.031240950,-0.028258641,0.055122771,0.026893901,-1.046387395,0.998759908,-7.084081547,-1.778471166,-1.078244638,-1.074891346
14.100000000,0.022654929,0.039584071,-0.039584071,-0.027142124,0.037138309,0.006637128,0.038739444,0.053507267,-0.030962126,-0.028070248,0.054706212,0.026463758,-1.046008386,1.001916715,-7.077632850,-1.777323274,-1.077877106,-1.074315471
14.105000000,0.022351060,0.039289112,-0.039289112,-0.026972197,0.036736797,0.006219563,0.038433399,0.053215130,-0.030687546,-0.027887643,0.054293757,0.026036241,-1.047132837,0.962014727,-7.051683953,-1.769632002,-1.076459156,-1.073859480
14.110000000,0.022049913,0.038996795,-0.038996795,-0.026803792,0.036338884,0.005805740,0.038130056,0.052922828,-0.030416208,-0.027710399,0.053885434,0.025611717,-1.045453669,1.009000684,-7.057548431,-1.771021677,-1.076695428,-1.073131686
14.115000000,0.021751484,0.038707117,-0.038707117,-0.026636907,0.035944562,0.005395652,0.037889313,0.052687735,-0.030200325,-0.027571977,0.053561606,0.025274024,-1.049887367,0.965877304,-6.987247015,-1.749833839,-1.080234109,-1.077108021
14.120000000,0.021455768,0.038420072,-0.038420072,-0.026471540,0.035553825,0.004989292,0.037590739,0.052395748,-0.029930496,-0.027407878,0.053160008,0.024849187,-1.047980533,1.004222802,-6.976379727,-1.743754991,-1.079760506,-1.074929816
14.125000000,0.021162761,0.038135656,-0.038135656,-0.026307687,0.035166666,0.004586653,0.037235646,0.052043544,-0.029599844,-0.027224837,0.052678183,0.024327864,-1.043294679,1.036687504,-7.028402326,-1.756233575,-1.072947564,-1.068791474
14.130000000,0.020872455,0.037853864,-0.037853864,-0.026145345,0.034783077,0.004187728,0.036942501,0.051752548,-0.029323738,-0.027070461,0.052278113,0.023917097,-1.042875025,1.029761255,-7.035683027,-1.759461049,-1.072473963,-1.069499825
14.135000000,0.020584847,0.037574689,-0.037574689,-0.025984511,0.034403053,0.003792510,0.036652107,0.051469226,-0.029052673,-0.026908466,0.051883868,0.023517325,-1.042461458,1.020046789,-7.041798396,-1.762857671,-1.072182253,-1.068903209
14.140000000,0.020299931,0.037298127,-0.037298127,-0.025825183,0.034026586,0.003400990,0.036364451,0.051191788,-0.028785646,-0.026742985,0.051495108,0.023117553,-1.042057343,1.016287410,-7.046975139,-1.765381400,-1.071870112,-1.068409024
14.145000000,0.020017701,0.037024173,-0.037024173,-0.025667356,0.033653667,0.003013162,0.036079606,0.050918536,-0.028521946,-0.026576741,0.051110945,0.022720665,-1.041659956,1.019588282,-7.052700000,-1.767789289,-1.071485691,-1.067831216
14.150000000,0.019738152,0.036752820,-0.036752820,-0.025511029,0.033284291,0.002629017,0.035797595,0.050648798,-0.028261480,-0.026410863,0.050730780,0.022326010,-1.042761277,0.978116839,-7.041487008,-1.764905539,-1.070072968,-1.067347514
14.155000000,0.019461277,0.036484064,-0.036484064,-0.025356198,0.032918449,0.002248547,0.035518237,0.050379555,-0.028004396,-0.026244960,0.050354418,0.021933912,-1.041069461,1.024442888,-7.062465349,-1.771501295,-1.070198215,-1.066578579
14.160000000,0.019187071,0.036217899,-0.036217899,-0.025202859,0.032556133,0.001871745,0.035241434,0.050108855,-0.027750759,-0.026077445,0.049981907,0.021545185,-1.040596301,1.027439174,-7.067680667,-1.773775075,-1.069671367,-1.065938491
14.165000000,0.018915528,0.035954318,-0.035954318,-0.025051009,0.032197336,0.001498603,0.035021965,0.049895590,-0.027550147,-0.025945907,0.049686384,0.021236668,-1.043599375,1.006572458,-7.017246604,-1.759548030,-1.073331752,-1.069402850
14.170000000,0.018646642,0.035693316,-0.035693316,-0.024900645,0.031842050,0.001129111,0.034695999,0.049581269,-0.027251351,-0.025755305,0.049246171,0.020768741,-1.039524470,1.022190106,-7.058635591,-1.770538590,-1.067429176,-1.063053736
14.175000000,0.018380406,0.035434887,-0.035434887,-0.024751763,0.031490266,0.000763261,0.034427040,0.049320283,-0.027003107,-0.025599702,0.048880174,0.020382251,-1.039020741,1.024341463,-7.065836916,-1.773507507,-1.066639767,-1.063312779
14.180000000,0.018116815,0.035179026,-0.035179026,-0.024604360,0.031141976,0.000401046,0.034213846,0.049114608,-0.026807302,-0.025475020,0.048590327,0.020086505,-1.041770179,1.007177777,-7.018701940,-1.760379005,-1.070260994,-1.066661388
14.185000000,0.017855862,0.034925724,-0.034925724,-0.024458432,0.030797171,0.000042455,0.033896976,0.048808776,-0.026517452,-0.025290196,0.048160731,0.019635189,-1.037695395,1.028965494,-7.064138843,-1.772864160,-1.064977107,-1.060668265
14.190000000,0.017597541,0.034674977,-0.034674977,-0.024313976,0.030455844,-0.000312519,0.033635730,0.048555924,-0.026276862,-0.025139288,0.047804793,0.019266482,-1.037170140,1.034302980,-7.070532490,-1.775699962,-1.064519533,-1.061177436
14.195000000,0.017341844,0.034426778,-0.034426778,-0.024170987,0.030117985,-0.000663886,0.033377128,0.048307291,-0.026040908,-0.024987670,0.047453827,0.018908212,-1.038183106,0.988860661,-7.053736227,-1.771414801,-1.063239504,-1.060629160
14.200000000,0.017088766,0.034181121,-0.034181121,-0.024029463,0.029783586,-0.001011656,0.033121046,0.048061095,-0.025809129,-0.024836878,0.047107669,0.018549350,-1.036483404,1.029496281,-7.067310731,-1.775952326,-1.063468190,-1.059903463
14.205000000,0.016838299,0.033937998,-0.033937998,-0.023889399,0.029452638,-0.001355836,0.032867458,0.047813625,-0.025580508,-0.024686550,0.046766012,0.018194003,-1.036047116,1.034562337,-7.065494674,-1.775532407,-1.063044022,-1.059298724
14.210000000,0.016590437,0.033697404,-0.033697404,-0.023750792,0.029125130,-0.001696438,0.032616570,0.047570142,-0.025354251,-0.024541326,0.046428191,0.017842285,-1.035596875,1.034074110,-7.057708452,-1.773296023,-1.062595605,-1.058648067
14.215000000,0.016345172,0.033459331,-0.033459331,-0.023613637,0.028801055,-0.002033471,0.032368427,0.047331399,-0.025130267,-0.024400844,0.046093756,0.017493560,-1.035503759,1.022690836,-7.044964500,-1.769517946,-1.061712017,-1.058010054
14.220000000,0.016102498,0.033223773,-0.033223773,-0.023477931,0.028480403,-0.002366943,0.032122912,0.047095468,-0.024908428,-0.024263658,0.045762728,0.017147516,-1.035162016,1.024508956,-7.039613250,-1.767570588,-1.061151626,-1.057325881
14.225000000,0.015862407,0.032990721,-0.032990721,-0.023343669,0.028163164,-0.002696866,0.031928470,0.046908567,-0.024731624,-0.024156234,0.045500112,0.016873271,-1.037638022,1.014006108,-6.995896625,-1.754586319,-1.064268192,-1.060297672
14.230000000,0.015624891,0.032760171,-0.032760171,-0.023210848,0.027849329,-0.003023249,0.031639684,0.046628353,-0.024466684,-0.023998148,0.045109697,0.016457221,-1.033888196,1.041306699,-7.039205545,-1.765299287,-1.059199771,-1.054576608
14.235000000,0.015389945,0.032532113,-0.032532113,-0.023079463,0.027538888,-0.003346103,0.031449098,0.046441946,-0.024287687,-0.023896737,0.044849964,0.016180674,-1.036295180,1.028985989,-7.001929060,-1.754039923,-1.062082264,-1.058230551
14.240000000,0.015157559,0.032306542,-0.032306542,-0.022949510,0.027231830,-0.003665438,0.031166280,0.046166956,-0.024021494,-0.023741737,0.044464640,0.015780149,-1.033968102,1.012058598,-7.041090229,-1.765034404,-1.056527159,-1.052954887
14.245000000,0.014927726,0.032083448,-0.032083448,-0.022820985,0.026928146,-0.003981264,0.030979510,0.045983885,-0.023844620,-0.023636361,0.044209783,0.015513289,-1.034660095,1.049454686,-7.032749244,-1.763670391,-1.060527536,-1.056555124
14.250000000,0.014700440,0.031862826,-0.031862826,-0.022693884,0.026627826,-0.004293591,0.030701933,0.045708671,-0.023584069,-0.023470615,0.043833412,0.015121058,-1.031250946,1.058416578,-7.084339665,-1.779055014,-1.055722331,-1.051262238
14.255000000,0.014475690,0.031644667,-0.031644667,-0.022568202,0.026330859,-0.004602432,0.030473369,0.045485462,-0.023368809,-0.023333941,0.043522286,0.014796675,-1.030719431,1.053268976,-7.094461398,-1.783764323,-1.055275155,-1.051510764
14.260000000,0.014253471,0.031428964,-0.031428964,-0.022443934,0.026037234,-0.004907797,0.030247421,0.045269170,-0.023160203,-0.023194291,0.043216161,0.014486121,-1.030600070,1.034758273,-7.092792660,-1.785226349,-1.054686564,-1.051025213
14.265000000,0.014033773,0.031215708,-0.031215708,-0.022321077,0.025746942,-0.005209696,0.030024012,0.045056966,-0.022958139,-0.023053992,0.042914999,0.014175667,-1.030303472,1.033277814,-7.094136550,-1.786872532,-1.054413867,-1.050526665
14.270000000,0.013816589,0.031004892,-0.031004892,-0.022199625,0.025459970,-0.005508141,0.029847245,0.044889472,-0.022799983,-0.022943550,0.042676952,0.013929268,-1.032541535,1.021414370,-7.054835207,-1.776182094,-1.057319683,-1.053269242
14.275200000,0.013593375,0.030788223,-0.030788223,-0.022074801,0.025165031,-0.005814872,0.029585026,0.044638543,-0.022567743,-0.022782399,0.042324172,0.013556375,-1.029783249,1.042109643,-7.080481396,-1.783144073,-1.053620993,-1.048870101
14.280000000,0.013389728,0.030590548,-0.030590548,-0.021960919,0.024895947,-0.006094715,0.029369272,0.044430237,-0.022374874,-0.022656390,0.042031586,0.013247173,-1.028760056,1.052222900,-7.083482239,-1.783807714,-1.052267807,-1.048149345
14.285000000,0.013180035,0.030387003,-0.030387003,-0.021843656,0.024618873,-0.006382867,0.029198451,0.044265736,-0.022223015,-0.022558183,0.041800283,0.013009590,-1.030996943,1.030649239,-7.036575181,-1.770366061,-1.055050764,-1.050916765
14.290000000,0.012972821,0.030185865,-0.030185865,-0.021727780,0.024345076,-0.006667611,0.028945232,0.044023888,-0.021998363,-0.022416514,0.041457895,0.012652285,-1.028082857,1.039961703,-7.057991648,-1.775579488,-1.050651607,-1.046201362
14.295000000,0.012768078,0.029987126,-0.029987126,-0.021613285,0.024074544,-0.006948960,0.028736838,0.043823553,-0.021810714,-0.022304742,0.041174772,0.012354920,-1.027568439,1.045335677,-7.054075683,-1.773983213,-1.050098772,-1.046281482
14.300000000,0.012565797,0.029790777,-0.029790777,-0.021500168,0.023807265,-0.007226926,0.028571865,0.043664302,-0.021662631,-0.022214890,0.040951569,0.012127201,-1.029639737,1.034947846,-7.017501018,-1.763453823,-1.052899050,-1.048829843
14.305000000,0.012365970,0.029596809,-0.029596809,-0.021388422,0.023543228,-0.007501520,0.028327416,0.043428161,-0.021441496,-0.022082965,0.040621251,0.011778835,-1.026741197,1.050831259,-7.047844141,-1.770963055,-1.048570470,-1.044037051
14.310000000,0.012168587,0.029405213,-0.029405213,-0.021278043,0.023282420,-0.007772755,0.028126276,0.043231657,-0.021256761,-0.021974972,0.040348420,0.011493090,-1.026391406,1.054483555,-7.053134077,-1.772616238,-1.048144405,-1.044273178
14.315200000,0.011965892,0.029208462,-0.029208462,-0.021164694,0.023014593,-0.008051290,0.027927631,0.043038593,-0.021075002,-0.021864228,0.040080033,0.011218913,-1.026457189,1.051403764,-7.050253643,-1.772466482,-1.048424581,-1.044289088
14.320000000,0.011781117,0.029029105,-0.029029105,-0.021061366,0.022770446,-0.008305199,0.027731419,0.042848926,-0.020895967,-0.021752470,0.039815859,0.010944161,-1.025568101,1.054702931,-7.060299870,-1.775736713,-1.047388334,-1.042990543
14.325000000,0.011591011,0.028844574,-0.028844574,-0.020955057,0.022519254,-0.008566434,0.027537674,0.042662370,-0.020718974,-0.021641389,0.039555094,0.010672535,-1.025145693,1.059230821,-7.064643014,-1.777442279,-1.047015757,-1.042553590
14.330000000,0.011403313,0.028662379,-0.028662379,-0.020850093,0.022271243,-0.008824362,0.027346429,0.042479225,-0.020544863,-0.021530521,0.039297881,0.010405439,-1.026281703,1.014567394,-7.050897815,-1.773709319,-1.045721196,-1.042129029
14.335000000,0.011218012,0.028482511,-0.028482511,-0.020746471,0.022026400,-0.009078995,0.027157512,0.042296908,-0.020373959,-0.021418889,0.039044272,0.010140300,-1.024583334,1.061849062,-7.073085163,-1.780734875,-1.045950352,-1.041425987
14.340000000,0.011035098,0.028304962,-0.028304962,-0.020644184,0.021784711,-0.009330346,0.026970858,0.042112400,-0.020205412,-0.021306604,0.038794172,0.009878180,-1.024162729,1.067512284,-7.075979738,-1.781693060,-1.045486688,-1.040848524
14.345000000,0.010854563,0.028129720,-0.028129720,-0.020543226,0.021546165,-0.009578430,0.026786689,0.041932387,-0.020039412,-0.021197725,0.038546977,0.009619215,-1.023740365,1.065219011,-7.073288463,-1.781419573,-1.045011494,-1.040218116
14.350000000,0.010676395,0.027956777,-0.027956777,-0.020443593,0.021310747,-0.009823261,0.026605009,0.041757804,-0.019876285,-0.021091890,0.038302467,0.009363347,-1.023629336,1.050612469,-7.064237115,-1.779222351,-1.044127465,-1.039626965
14.355000000,0.010500586,0.027786122,-0.027786122,-0.020345278,0.021078445,-0.010064850,0.026425688,0.041586400,-0.019716166,-0.020987967,0.038060863,0.009109846,-1.023296178,1.051480703,-7.062806514,-1.778961036,-1.043600409,-1.038984618
14.360000000,0.010327124,0.027617747,-0.027617747,-0.020248276,0.020849246,-0.010303214,0.026284016,0.041451165,-0.019589316,-0.020906770,0.037869480,0.008909133,-1.024892401,1.043753546,-7.031836929,-1.769939597,-1.045668171,-1.040978783
14.365000000,0.010156000,0.027451640,-0.027451640,-0.020152582,0.020623134,-0.010538366,0.026074154,0.041248279,-0.019401015,-0.020787410,0.037585712,0.008605432,-1.022226884,1.065647056,-7.063199021,-1.778098762,-1.041932830,-1.036658822
14.370000000,0.009987203,0.027287793,-0.027287793,-0.020058189,0.020400098,-0.010770319,0.025901820,0.041080323,-0.019243228,-0.020692860,0.037350409,0.008356163,-1.021701834,1.073226645,-7.065672556,-1.778629066,-1.041259457,-1.036579280
14.375000000,0.009820722,0.027126194,-0.027126194,-0.019965091,0.020180123,-0.010999090,0.025731756,0.040916110,-0.019088412,-0.020597666,0.037118835,0.008119774,-1.022720310,1.025241170,-7.050194241,-1.774496017,-1.040007455,-1.036174223
14.380000000,0.009656548,0.026966834,-0.026966834,-0.019873283,0.019963195,-0.011224691,0.025563756,0.040752902,-0.018936956,-0.020500449,0.036891517,0.007884658,-1.020894086,1.074159440,-7.073347227,-1.781787146,-1.040296252,-1.035525705
14.385000000,0.009494669,0.026809701,-0.026809701,-0.019782758,0.019749300,-0.011447138,0.025397829,0.040587394,-0.018788281,-0.020400307,0.036668188,0.007651913,-1.020430588,1.079674840,-7.079792175,-1.784169021,-1.039887841,-1.034966228
14.390000000,0.009335075,0.026654787,-0.026654787,-0.019693511,0.019538424,-0.011666446,0.025234235,0.040426882,-0.018642063,-0.020303261,0.036448105,0.007422590,-1.019974781,1.075695977,-7.076018704,-1.783563299,-1.039471305,-1.034384322
14.395000000,0.009177754,0.026502079,-0.026502079,-0.019605536,0.019330551,-0.011882630,0.025073029,0.040272471,-0.018498474,-0.020209892,0.036230919,0.007195845,-1.019888605,1.058735859,-7.065280077,-1.780840035,-1.038631915,-1.033812870
14.400000000,0.009022696,0.026351567,-0.026351567,-0.019518825,0.019125669,-0.012095704,0.024914096,0.040121424,-0.018357423,-0.020119154,0.036016822,0.006972013,-1.019583632,1.059920511,-7.062904387,-1.780079382,-1.038179924,-1.033237814
14.405000000,0.008869889,0.026203241,-0.026203241,-0.019433374,0.018923761,-0.012305685,0.024757486,0.039972151,-0.018218150,-0.020030373,0.035805618,0.006750924,-1.019203287,1.064120872,-7.062723171,-1.779993142,-1.037636590,-1.032625371
14.410000000,0.008719322,0.026057089,-0.026057089,-0.019349175,0.018724813,-0.012512588,0.024603142,0.039824067,-0.018080676,-0.019943101,0.035597226,0.006532579,-1.018777434,1.069325104,-7.063067827,-1.780042088,-1.037087069,-1.031993201
14.415000000,0.008570983,0.025913100,-0.025913100,-0.019266223,0.018528809,-0.012716428,0.024451055,0.039678034,-0.017944870,-0.019857653,0.035391594,0.006317628,-1.018305587,1.075444596,-7.063773819,-1.780258440,-1.036585938,-1.031369855
14.420000000,0.008424862,0.025771264,-0.025771264,-0.019184510,0.018335735,-0.012917221,0.024301206,0.039534973,-0.017810732,-0.019774207,0.035188853,0.006106102,-1.019427959,1.028870958,-7.045521596,-1.774687843,-1.035199816,-1.030919363
14.425000000,0.008280947,0.025631568,-0.025631568,-0.019104031,0.018145576,-0.013114983,0.024182845,0.039421040,-0.017704839,-0.019707691,0.035028869,0.005938669,-1.019077629,1.078075586,-7.044625978,-1.774596573,-1.037798606,-1.032395472
14.430000000,0.008139225,0.025494002,-0.025494002,-0.019024779,0.017958315,-0.013309731,0.024007532,0.039246129,-0.017547034,-0.019607051,0.034792861,0.005685709,-1.016974277,1.086961296,-7.070264189,-1.781097695,-1.034537344,-1.028782328
14.435200000,0.007994149,0.025353180,-0.025353180,-0.018943650,0.017766622,-0.013509089,0.023863819,0.039104934,-0.017415106,-0.019528009,0.034597659,0.005478008,-1.016747025,1.084636609,-7.067703218,-1.780775399,-1.034346299,-1.029025427
14.440000000,0.007862315,0.025225212,-0.025225212,-0.018869928,0.017592427,-0.013690249,0.023750416,0.038995585,-0.017312096,-0.019463696,0.034443741,0.005319963,-1.017784766,1.067408191,-7.047578893,-1.775522710,-1.035419573,-1.030116021
14.445000000,0.007727103,0.025093965,-0.025093965,-0.018794315,0.017413767,-0.013876052,0.023582930,0.038836405,-0.017160685,-0.019366945,0.034216039,0.005079365,-1.015825693,1.072340966,-7.074587378,-1.783676259,-1.032233295,-1.026744816
14.450000000,0.007594037,0.024964800,-0.024964800,-0.018719903,0.017237943,-0.014058906,0.023445654,0.038705625,-0.017035465,-0.019288431,0.034028861,0.004885833,-1.015404893,1.074941026,-7.077793888,-1.784817599,-1.031861239,-1.026846039
14.455000000,0.007463104,0.024837706,-0.024837706,-0.018646684,0.017064937,-0.014238829,0.023337328,0.038602243,-0.016937947,-0.019224439,0.033881987,0.004736150,-1.016529203,1.067710452,-7.059017317,-1.779959801,-1.033497155,-1.028316851
14.460000000,0.007334291,0.024712671,-0.024712671,-0.018574651,0.016894734,-0.014415837,0.023177427,0.038449825,-0.016794948,-0.019129061,0.033665327,0.004507921,-1.014387932,1.087222233,-7.087752270,-1.788443061,-1.030733391,-1.025003237
14.465000000,0.007207587,0.024589682,-0.024589682,-0.018503796,0.016727317,-0.014589948,0.023046479,0.038324544,-0.016676878,-0.019053308,0.033487091,0.004319274,-1.015565950,1.039802520,-7.070054249,-1.783173634,-1.029411213,-1.024993049
14.470000000,0.007082979,0.024468727,-0.024468727,-0.018434114,0.016562668,-0.014761180,0.022917496,0.038200206,-0.016563114,-0.018975756,0.033312869,0.004140893,-1.013789887,1.088500092,-7.092664506,-1.790794688,-1.029810311,-1.024409935
14.475200000,0.006955595,0.024345079,-0.024345079,-0.018362879,0.016394353,-0.014936225,0.022790437,0.038074396,-0.016452588,-0.018896736,0.033142626,0.003963807,-1.013664767,1.088785032,-7.088645727,-1.790017846,-1.029878734,-1.024286726
14.480000000,0.006839997,0.024232871,-0.024232871,-0.018298236,0.016241610,-0.015095075,0.022665579,0.037953419,-0.016344802,-0.018821868,0.032975361,0.003788668,-1.013046824,1.088332799,-7.086868320,-1.789890385,-1.029098581,-1.023279581
14.485000000,0.006721598,0.024117943,-0.024117943,-0.018232026,0.016085166,-0.015257774,0.022542973,0.037837340,-0.016239620,-0.018750998,0.032810466,0.003616239,-1.013060942,1.071092612,-7.073293412,-1.786271197,-1.028309262,-1.022871225
14.490000000,0.006605243,0.024005000,-0.024005000,-0.018166958,0.015931423,-0.015417664,0.022422478,0.037723563,-0.016137229,-0.018682563,0.032648461,0.003447494,-1.012851644,1.075211515,-7.069712476,-1.785100461,-1.027948054,-1.022375561
14.495000000,0.006490918,0.023894027,-0.023894027,-0.018103027,0.015780362,-0.015574765,0.022304134,0.037611003,-0.016036264,-0.018616988,0.032489187,0.003280832,-1.012556064,1.079440345,-7.065596464,-1.783611085,-1.027493368,-1.021840326
14.500000000,0.006378610,0.023785012,-0.023785012,-0.018040223,0.015631966,-0.015729094,0.022187859,0.037499714,-0.015936504,-0.018554156,0.032332633,0.003116984,-1.012200949,1.084080247,-7.061924721,-1.782221013,-1.027073366,-1.021311705
14.505000000,0.006268305,0.023677942,-0.023677942,-0.017978539,0.015486218,-0.015880669,0.022067824,0.037403601,-0.015901495,-0.018532401,0.032226972,0.003055089,-1.005333048,0.971512365,-6.576303237,-1.645357083,-1.057014042,-1.035219285
14.510000000,0.006159990,0.023572803,-0.023572803,-0.017917968,0.015343099,-0.016029511,0.021939725,0.037309868,-0.015901321,-0.018532872,0.032220442,0.003030766,-1.006331694,1.009756459,-6.496943753,-1.619112373,-1.069528973,-1.037761420
14.515000000,0.006053652,0.023469583,-0.023469583,-0.017858503,0.015202591,-0.016175637,0.021814907,0.037197696,-0.015901178,-0.018533341,0.032219952,0.002995500,-1.008959989,1.053339571,-6.423813502,-1.594747607,-1.077821774,-1.046437775
14.520000000,0.005949275,0.023368267,-0.023368267,-0.017800134,0.015064675,-0.016319067,0.021717938,0.037100087,-0.015901028,-0.018533774,0.032219157,0.002963501,-1.011916584,1.069349850,-6.345486500,-1.569947790,-1.085364318,-1.052146829
14.525000000,0.005846847,0.023268842,-0.023268842,-0.017742855,0.014929334,-0.016459819,0.021576303,0.036949628,-0.015900807,-0.018534395,0.032218409,0.002907999,-1.013136647,1.080400188,-6.267132987,-1.545335934,-1.092526091,-1.056604350
14.530000000,0.005746353,0.023171295,-0.023171295,-0.017686657,0.014796548,-0.016597914,0.021461117,0.036824623,-0.015900585,-0.018534900,0.032217749,0.002856396,-1.014814770,1.081227537,-6.186788734,-1.520432092,-1.098288602,-1.057145116
14.535000000,0.005647778,0.023075611,-0.023075611,-0.017631534,0.014666299,-0.016733371,0.021348023,0.036701853,-0.015900385,-0.018535296,0.032216631,0.002806882,-1.015196573,1.079806958,-6.112493566,-1.497807465,-1.106431567,-1.065731723
14.540000000,0.005551109,0.022981776,-0.022981776,-0.017577475,0.014538568,-0.016866209,0.021236671,0.036581209,-0.015900174,-0.018535681,0.032215241,0.002749618,-1.016250542,1.080624328,-6.034847040,-1.473698304,-1.111609661,-1.065039762
14.545000000,0.005456331,0.022889777,-0.022889777,-0.017524474,0.014413335,-0.016996449,0.021126753,0.036462357,-0.015899916,-0.018535981,0.032214022,0.002694070,-1.016015476,1.080840322,-5.965133489,-1.452411995,-1.119597218,-1.073598191
14.550000000,0.005363430,0.022799600,-0.022799600,-0.017472523,0.014290582,-0.017124111,0.021018188,0.036345281,-0.015899829,-0.018536335,0.032212396,0.002630824,-1.016711519,1.084002934,-5.889836761,-1.428885144,-1.124201971,-1.071826863
14.555000000,0.005272390,0.022711229,-0.022711229,-0.017421612,0.014170288,-0.017249214,0.020910804,0.036230174,-0.015899667,-0.018536678,0.032210751,0.002571129,-1.016041497,1.089858987,-5.823647835,-1.408421277,-1.132043185,-1.080333833
14.560000000,0.005183196,0.022624651,-0.022624651,-0.017371734,0.014052434,-0.017371779,0.020804574,0.036116798,-0.015899507,-0.018537035,0.032208498,0.002503798,-1.016736487,1.079381342,-5.749178309,-1.385748900,-1.135983350,-1.077728942
14.565000000,0.005095835,0.022539851,-0.022539851,-0.017322881,0.013937001,-0.017491828,0.020699402,0.036006091,-0.015899321,-0.018537368,0.032206391,0.002440369,-1.015750088,1.081174847,-5.686180609,-1.366458473,-1.143772860,-1.086227733
14.570000000,0.005010290,0.022456815,-0.022456815,-0.017275043,0.013823969,-0.017609380,0.020595353,0.035896251,-0.015899182,-0.018537664,0.032203607,0.002369566,-1.016277278,1.086060812,-5.616628826,-1.344561077,-1.147121073,-1.082750643
14.575000000,0.004926547,0.022375527,-0.022375527,-0.017228213,0.013713316,-0.017724457,0.020492335,0.035787639,-0.015899154,-0.018537881,0.032200946,0.002303487,-1.015074594,1.090874226,-5.557311662,-1.326272803,-1.154826366,-1.091193910
14.580000000,0.004844589,0.022295973,-0.022295973,-0.017182381,0.013605024,-0.017837079,0.020390486,0.035681221,-0.015898885,-0.018538166,0.032197321,0.002230857,-1.015553105,1.081718699,-5.488538213,-1.305243110,-1.157593636,-1.087217658
14.585000000,0.004764403,0.022218138,-0.022218138,-0.017137540,0.013499071,-0.017947268,0.020289665,0.035575886,-0.015898861,-0.018538340,0.032193985,0.002162155,-1.014374220,1.088987612,-5.432574343,-1.287872054,-1.165190151,-1.095480726
14.590000000,0.004685971,0.022142006,-0.022142006,-0.017093680,0.013395437,-0.018055045,0.020190134,0.035472164,-0.015898848,-0.018538440,0.032189461,0.002087102,-1.014929920,1.094528690,-5.368361729,-1.267549807,-1.167262330,-1.090648672
14.595000000,0.004609279,0.022067562,-0.022067562,-0.017050793,0.013294102,-0.018160432,0.020091689,0.035370362,-0.015898752,-0.018538571,0.032185315,0.002016929,-1.013580552,1.089942460,-5.313804599,-1.251165033,-1.174736988,-1.099052642
14.600000000,0.004534310,0.021994792,-0.021994792,-0.017008869,0.013195043,-0.018263451,0.019994662,0.035271193,-0.015898636,-0.018538796,0.032178726,0.001943117,-1.014115362,1.093137953,-5.254950184,-1.232396168,-1.175984424,-1.093836195
14.605000000,0.004461049,0.021923679,-0.021923679,-0.016967901,0.013098241,-0.018364124,0.019898760,0.035174109,-0.015898766,-0.018538878,0.032173009,0.001873094,-1.012572250,1.099694668,-5.187879372,-1.212498085,-1.183418416,-1.102248982
14.610000000,0.004389479,0.021854207,-0.021854207,-0.016927878,0.013003674,-0.018462472,0.019823160,0.035097563,-0.015898557,-0.018538965,0.032165959,0.001816651,-1.012887590,1.088405576,-5.145650020,-1.199305462,-1.187817224,-1.104338374
14.615000000,0.004319584,0.021786362,-0.021786362,-0.016888792,0.012911320,-0.018558519,0.019729845,0.035004658,-0.015898545,-0.018539036,0.032157806,0.001738707,-1.013612818,1.088112878,-5.093428906,-1.182606872,-1.188227420,-1.098254470
14.620000000,0.004251348,0.021720127,-0.021720127,-0.016850634,0.012821157,-0.018652286,0.019619636,0.034894567,-0.015898709,-0.018538929,0.032146726,0.001652793,-1.012433238,1.097517617,-5.042062150,-1.166334306,-1.191062219,-1.099330373
14.625000000,0.004184754,0.021655486,-0.021655486,-0.016813394,0.012733165,-0.018743796,0.019547582,0.034822485,-0.015898783,-0.018538840,0.032134770,0.001603750,-1.012572573,1.090129917,-4.985265555,-1.149401121,-1.194124689,-1.101789750
14.630000000,0.004119786,0.021592423,-0.021592423,-0.016777063,0.012647321,-0.018833072,0.019441236,0.034715399,-0.015898574,-0.018539014,0.032113676,0.001532182,-1.011309969,1.100472775,-4.947286562,-1.136700017,-1.196782585,-1.102452453
14.635000000,0.004056427,0.021530922,-0.021530922,-0.016741632,0.012563603,-0.018920138,0.019353931,0.034628139,-0.015898776,-0.018539161,0.032096076,0.001474655,-1.009361289,1.101181487,-4.877985566,-1.116800817,-1.203810038,-1.110841404
14.640000000,0.003994660,0.021470966,-0.021470966,-0.016707091,0.012481989,-0.019005015,0.019268205,0.034543829,-0.015898673,-0.018539337,0.032077787,0.001408264,-1.010025310,1.095083310,-4.841848665,-1.104734723,-1.203050075,-1.104292406
14.645000000,0.003934469,0.021412539,-0.021412539,-0.016673431,0.012402456,-0.019087728,0.019183912,0.034460503,-0.015898575,-0.018539541,0.032060799,0.001346414,-1.008555792,1.102080792,-4.801807515,-1.092279180,-1.209495362,-1.112781465
14.650000000,0.003875835,0.021355625,-0.021355625,-0.016640643,0.012324982,-0.019168300,0.019101575,0.034379405,-0.015898325,-0.018539760,0.032040914,0.001279991,-1.009508072,1.113847083,-4.771432597,-1.081258249,-1.208216160,-1.105844303
14.655000000,0.003818742,0.021300206,-0.021300206,-0.016608716,0.012249544,-0.019246754,0.019020743,0.034300557,-0.015898492,-0.018539991,0.032022338,0.001218665,-1.007755855,1.099730842,-4.695510674,-1.060378110,-1.214610857,-1.114349102
14.660000000,0.003763173,0.021246266,-0.021246266,-0.016577641,0.012176118,-0.019323115,0.018941779,0.034225469,-0.015898386,-0.018540261,0.032001187,0.001152189,-1.008678015,1.102004097,-4.673658955,-1.052004227,-1.212917504,-1.107063039
14.665000000,0.003709109,0.021193788,-0.021193788,-0.016547408,0.012104683,-0.019397407,0.018864375,0.034151719,-0.015898221,-0.018540507,0.031980959,0.001091400,-1.006946528,1.099337176,-4.631622316,-1.039593419,-1.218954713,-1.115470249
14.670000000,0.003656534,0.021142754,-0.021142754,-0.016518007,0.012035214,-0.019469654,0.018788857,0.034079558,-0.015897951,-0.018540787,0.031958499,0.001024398,-1.007895860,1.105221486,-4.606556357,-1.030386271,-1.217015884,-1.107911567
14.675000000,0.003605429,0.021093148,-0.021093148,-0.016489429,0.011967688,-0.019539880,0.018729568,0.034022600,-0.015897856,-0.018541001,0.031941555,0.000972661,-1.008037538,1.103143184,-4.567318984,-1.018370415,-1.219177829,-1.109376201
14.680000000,0.003555777,0.021044952,-0.021044952,-0.016461663,0.011902081,-0.019608109,0.018642822,0.033939407,-0.015897968,-0.018541330,0.031912737,0.000901092,-1.007032444,1.106131057,-4.520365974,-1.004120162,-1.220220641,-1.109073006
14.685000000,0.003507560,0.020998148,-0.020998148,-0.016434699,0.011838370,-0.019674368,0.018572133,0.033872217,-0.015897900,-0.018541581,0.031888480,0.000844662,-1.005035335,1.114107607,-4.482590561,-0.992554447,-1.226074361,-1.116828419
14.690000000,0.003460759,0.020952720,-0.020952720,-0.016408528,0.011776531,-0.019738679,0.018503226,0.033806505,-0.015897516,-0.018541836,0.031863663,0.000779136,-1.006105230,1.105516569,-4.461611636,-0.985231391,-1.223494155,-1.108877901
14.695000000,0.003415356,0.020908648,-0.020908648,-0.016383138,0.011716539,-0.019801070,0.018436011,0.033743914,-0.015897774,-0.018542084,0.031839750,0.000720311,-1.004436913,1.114569944,-4.389394848,-0.964779018,-1.228931116,-1.116803227
14.700000000,0.003371333,0.020865916,-0.020865916,-0.016358520,0.011658370,-0.019861564,0.018370778,0.033682857,-0.015897560,-0.018542305,0.031813651,0.000656346,-1.005546052,1.103105074,-4.383615570,-0.961622074,-1.225939485,-1.108729903
14.705000000,0.003328672,0.020824506,-0.020824506,-0.016334663,0.011602001,-0.019920188,0.018307203,0.033624079,-0.015897533,-0.018542501,0.031788314,0.000599263,-1.003735906,1.106008997,-4.349040787,-0.951300458,-1.231133352,-1.116578740
14.710000000,0.003287353,0.020784398,-0.020784398,-0.016311557,0.011547405,-0.019976967,0.018245559,0.033565797,-0.015897136,-0.018542679,0.031761141,0.000536015,-1.004938534,1.109927369,-4.335397207,-0.945618684,-1.227938443,-1.108409601
14.715200000,0.003245785,0.020744049,-0.020744049,-0.016288312,0.011492480,-0.020034087,0.018185565,0.033508644,-0.015897446,-0.018542862,0.031735078,0.000479320,-1.003227979,1.113373600,-4.263973099,-0.925726898,-1.233129160,-1.116096890
14.720000000,0.003208667,0.020708020,-0.020708020,-0.016267555,0.011443436,-0.020085093,0.018127483,0.033453929,-0.015897332,-0.018542973,0.031706732,0.000418092,-1.004442774,1.097500151,-4.258112193,-0.923058608,-1.229469028,-1.107709599
14.725000000,0.003171263,0.020671712,-0.020671712,-0.016246638,0.011394012,-0.020136492,0.018082245,0.033410135,-0.015897308,-0.018543069,0.031684842,0.000371055,-1.004490712,1.117141301,-4.237230509,-0.915407274,-1.230318687,-1.108497718
14.730000000,0.003135125,0.020636634,-0.020636634,-0.016226429,0.011346262,-0.020186151,0.018016368,0.033346029,-0.015896909,-0.018543149,0.031649744,0.000305514,-1.003796834,1.132602458,-4.233292028,-0.912381782,-1.230235943,-1.107608579
14.735000000,0.003100235,0.020602767,-0.020602767,-0.016206918,0.011300161,-0.020234096,0.017963076,0.033295418,-0.015897252,-0.018543207,0.031620562,0.000254109,-1.001522485,1.111081267,-4.157446186,-0.892588215,-1.235183316,-1.114478664
14.740000000,0.003066572,0.020570091,-0.020570091,-0.016188094,0.011255681,-0.020280354,0.017911503,0.033249057,-0.015897092,-0.018542993,0.031590966,0.000194234,-1.002918126,1.107314016,-4.161814153,-0.892177725,-1.231150776,-1.106037521
14.745000000,0.003034118,0.020538589,-0.020538589,-0.016169945,0.011212798,-0.020324951,0.017861611,0.033203504,-0.015897169,-0.018542720,0.031562174,0.000141948,-1.001033330,1.109216479,-4.138086639,-0.885193110,-1.235672590,-1.113192926
14.750000000,0.003002852,0.020508240,-0.020508240,-0.016152461,0.011171486,-0.020367916,0.017823049,0.033167207,-0.015897240,-0.018542498,0.031537921,0.000097936,-1.001081137,1.111144581,-4.116413428,-0.878329889,-1.236446904,-1.113026646
14.755000000,0.002972755,0.020479025,-0.020479025,-0.016135630,0.011131718,-0.020409274,0.017767290,0.033113370,-0.015897462,-0.018542092,0.031502889,0.000028570,-1.000834238,1.120456949,-4.067937086,-0.864174772,-1.236090594,-1.111426262
14.760000000,0.002943806,0.020450925,-0.020450925,-0.016119442,0.011093467,-0.020449054,0.017722898,0.033070015,-0.015897526,-0.018541593,0.031473056,-0.000031377,-1.002434765,1.116854145,-4.076341381,-0.865014091,-1.231368881,-1.102924939
14.765000000,0.002915986,0.020423921,-0.020423921,-0.016103885,0.011056708,-0.020487282,0.017688632,0.033036868,-0.015897604,-0.018541257,0.031448732,-0.000073593,-1.002457940,1.118087969,-4.057050973,-0.858864648,-1.231432790,-1.103279366
14.770000000,0.002889275,0.020397993,-0.020397993,-0.016088947,0.011021413,-0.020523988,0.017639053,0.032989530,-0.015897657,-0.018540567,0.031410472,-0.000131955,-1.001692510,1.127992352,-4.055702313,-0.857164594,-1.230735106,-1.102109065
14.775000000,0.002863651,0.020373121,-0.020373121,-0.016074618,0.010987556,-0.020559199,0.017598017,0.032951436,-0.015898236,-0.018540283,0.031388853,-0.000159786,-0.999417336,1.125436199,-4.019614583,-0.847288364,-1.237019654,-1.108440793
14.780000000,0.002839095,0.020349284,-0.020349284,-0.016060886,0.010955109,-0.020592944,0.017558762,0.032914334,-0.015897983,-0.018540024,0.031364964,-0.000204482,-1.001028343,1.104075390,-4.022444368,-0.847506352,-1.231924208,-1.100393233
14.785000000,0.002815585,0.020326464,-0.020326464,-0.016047739,0.010924046,-0.020625249,0.017521029,0.032876731,-0.015898065,-0.018539755,0.031342356,-0.000234177,-1.000805558,1.110349256,-4.009508360,-0.843115763,-1.233110665,-1.101598566
14.790000000,0.002793102,0.020304640,-0.020304640,-0.016035166,0.010894337,-0.020656145,0.017491660,0.032845846,-0.015898130,-0.018539536,0.031326432,-0.000252511,-1.000735447,1.113842877,-3.994805141,-0.838376593,-1.233835931,-1.102094758
14.795000000,0.002771623,0.020283791,-0.020283791,-0.016023155,0.010865957,-0.020685660,0.017449204,0.032799242,-0.015898649,-0.018539180,0.031303382,-0.000278053,-0.999090465,1.148015615,-3.962631243,-0.828417016,-1.237726346,-1.108576363
14.800000000,0.002751128,0.020263897,-0.020263897,-0.016011694,0.010838877,-0.020713823,0.017415039,0.032763296,-0.015898937,-0.018539034,0.031287613,-0.000289910,-0.998716843,1.128927360,-3.941285690,-0.822775259,-1.240547362,-1.109668861
14.805000000,0.002731596,0.020244938,-0.020244938,-0.016000772,0.010813069,-0.020740663,0.017381711,0.032729203,-0.015898335,-0.018539151,0.031280437,-0.000307425,-1.000571290,1.131232225,-3.956465554,-0.825553263,-1.235485889,-1.102156592
14.810000000,0.002713006,0.020226893,-0.020226893,-0.015990376,0.010788504,-0.020766210,0.017350861,0.032694695,-0.015898939,-0.018539050,0.031264407,-0.000320826,-0.999108998,1.141388610,-3.918199611,-0.814963413,-1.240252427,-1.110768960
14.815200000,0.002694647,0.020209072,-0.020209072,-0.015980109,0.010764247,-0.020791437,0.017320725,0.032660491,-0.015898701,-0.018539081,0.031254463,-0.000335551,-0.999247010,1.166610283,-3.887403479,-0.805595869,-1.241040145,-1.111142056
14.820000000,0.002678563,0.020193459,-0.020193459,-0.015971115,0.010742994,-0.020813540,0.017292451,0.032627387,-0.015898422,-0.018538984,0.031240860,-0.000357808,-1.000689194,1.200028167,-3.926445183,-0.813382435,-1.237528223,-1.103704379
14.825000000,0.002662667,0.020178030,-0.020178030,-0.015962225,0.010721990,-0.020835383,0.017271750,0.032601429,-0.015898711,-0.018538902,0.031221743,-0.000398260,-0.999481660,1.148779654,-3.863878184,-0.798837610,-1.238311269,-1.110437134
14.830000000,0.002647626,0.020163430,-0.020163430,-0.015953814,0.010702116,-0.020856052,0.017243048,0.032562445,-0.015898827,-0.018538618,0.031182744,-0.000454642,-0.999106763,1.182796405,-3.859168189,-0.795877889,-1.237410289,-1.108449665
14.835000000,0.002633417,0.020149638,-0.020149638,-0.015945869,0.010683342,-0.020875577,0.017223186,0.032537360,-0.015898878,-0.018538531,0.031171285,-0.000464531,-0.998797786,1.217426149,-3.886282458,-0.801079342,-1.240358437,-1.108500443
14.840000000,0.002620019,0.020136632,-0.020136632,-0.015938376,0.010665638,-0.020893988,0.017196464,0.032498319,-0.015898971,-0.018538332,0.031140861,-0.000528681,-0.999608165,1.162836888,-3.862152100,-0.796105224,-1.234924728,-1.105529401
14.845000000,0.002607409,0.020124392,-0.020124392,-0.015931325,0.010648977,-0.020911316,0.017176369,0.032467771,-0.015898557,-0.018538192,0.031107811,-0.000583221,-1.000206421,1.175121671,-3.877384747,-0.798751810,-1.229819775,-1.097545685
14.850000000,0.002595565,0.020112895,-0.020112895,-0.015924701,0.010633327,-0.020927592,0.017157027,0.032436863,-0.015898974,-0.018538037,0.031075744,-0.000626678,-0.998068496,1.179159431,-3.826342549,-0.785248396,-1.232770510,-1.102891389
14.855200000,0.002584035,0.020101703,-0.020101703,-0.015918254,0.010618092,-0.020943436,0.017138728,0.032404441,-0.015899000,-0.018537883,0.031042722,-0.000672056,-0.997748266,1.183050974,-3.844939607,-0.789492795,-1.231555365,-1.101227794
14.860000000,0.002574083,0.020092043,-0.020092043,-0.015912688,0.010604942,-0.020957111,0.017121587,0.032373001,-0.015898714,-0.018537724,0.031009995,-0.000722070,-0.999811460,1.240453417,-3.876999012,-0.794842085,-1.225520141,-1.092660183
14.865000000,0.002564400,0.020082644,-0.020082644,-0.015907274,0.010592148,-0.020970417,0.017108652,0.032349191,-0.015899190,-0.018537641,0.030983931,-0.000753686,-0.999707327,1.192160551,-3.831289767,-0.784375995,-1.224331445,-1.092215211
14.870000000,0.002555391,0.020073900,-0.020073900,-0.015902236,0.010580244,-0.020982797,0.017090551,0.032310827,-0.015898913,-0.018537458,0.030943091,-0.000803174,-0.999191625,1.206924921,-3.858751177,-0.790479944,-1.221858644,-1.088873293
14.875000000,0.002547034,0.020065788,-0.020065788,-0.015897563,0.010569202,-0.020994280,0.017076124,0.032279498,-0.015899335,-0.018537305,0.030909432,-0.000839454,-0.996891061,1.245084026,-3.804270189,-0.775080506,-1.225026521,-1.094797399
14.880000000,0.002539305,0.020058286,-0.020058286,-0.015893240,0.010558990,-0.021004901,0.017062658,0.032249686,-0.015899351,-0.018537203,0.030875757,-0.000878937,-0.996783770,1.263868160,-3.834097422,-0.781640180,-1.223597239,-1.093167802
14.885000000,0.002532181,0.020051370,-0.020051370,-0.015889256,0.010549576,-0.021014691,0.017050468,0.032218826,-0.015898991,-0.018537073,0.030842402,-0.000922685,-0.998652782,1.267031786,-3.860450452,-0.787790759,-1.217632529,-1.085240353
14.890000000,0.002525638,0.020045019,-0.020045019,-0.015885598,0.010540931,-0.021023682,0.017039304,0.032188094,-0.015899514,-0.018536926,0.030809610,-0.000960341,-0.998405600,1.228420885,-3.815536003,-0.777223864,-1.215957407,-1.084173926
14.895000000,0.002519653,0.020039209,-0.020039209,-0.015882250,0.010533022,-0.021031907,0.017029006,0.032157567,-0.015899576,-0.018536768,0.030775957,-0.000992431,-0.996284995,1.235652373,-3.815597107,-0.777025819,-1.218439727,-1.088378680
14.900000000,0.002514201,0.020033917,-0.020033917,-0.015879202,0.010525818,-0.021039399,0.017019714,0.032126988,-0.015899235,-0.018536619,0.030742126,-0.001030884,-0.998087016,1.248903272,-3.842647492,-0.782967776,-1.212653275,-1.080909121
14.905000000,0.002509259,0.020029120,-0.020029120,-0.015876438,0.010519288,-0.021046190,0.017012965,0.032102705,-0.015899178,-0.018536529,0.030715594,-0.001058408,-0.998307044,1.293163582,-3.852387861,-0.783659070,-1.211220193,-1.080285166
14.910000000,0.002504802,0.020024794,-0.020024794,-0.015873946,0.010513399,-0.021052314,0.017003970,0.032066266,-0.015899680,-0.018536394,0.030674855,-0.001096141,-0.997823873,1.258501278,-3.817658251,-0.775710455,-1.209094157,-1.078542960
14.915200000,0.002500656,0.020020770,-0.020020770,-0.015871627,0.010507921,-0.021058011,0.016997178,0.032035891,-0.015899736,-0.018536259,0.030641241,-0.001124653,-0.995848063,1.265912081,-3.812067581,-0.774099763,-1.211312101,-1.082492387
14.920000000,0.002497248,0.020017462,-0.020017462,-0.015869722,0.010503418,-0.021062694,0.016992393,0.032011460,-0.015899818,-0.018536138,0.030614068,-0.001149668,-0.995726689,1.270403559,-3.810833113,-0.773422147,-1.209860414,-1.081353901
14.925000000,0.002494102,0.020014408,-0.020014408,-0.015867962,0.010499261,-0.021067018,0.016986306,0.031975336,-0.015899877,-0.018535984,0.030573637,-0.001188759,-0.995132145,1.278608691,-3.785954762,-0.766492204,-1.207600146,-1.079425554
14.930000000,0.002491344,0.020011730,-0.020011730,-0.015866420,0.010495616,-0.021070808,0.016981562,0.031945212,-0.015899841,-0.018535846,0.030539765,-0.001222202,-0.997309267,1.288704804,-3.818766646,-0.774165387,-1.201813643,-1.072626030
14.935000000,0.002488948,0.020009405,-0.020009405,-0.015865080,0.010492451,-0.021074100,0.016976627,0.031915106,-0.015899908,-0.018535707,0.030506251,-0.001247864,-0.993490585,1.295327391,-3.812818328,-0.772560541,-1.203709503,-1.076581851
14.940000000,0.002486890,0.020007407,-0.020007407,-0.015863929,0.010489732,-0.021076928,0.016971846,0.031884957,-0.015899614,-0.018535594,0.030471979,-0.001277275,-0.995870510,1.307755190,-3.837678259,-0.778084874,-1.198102641,-1.070149468
14.945000000,0.002485145,0.020005713,-0.020005713,-0.015862953,0.010487426,-0.021079326,0.016968013,0.031860753,-0.015899665,-0.018535526,0.030445038,-0.001298264,-0.995196148,1.313757096,-3.839896066,-0.778346259,-1.196598111,-1.069540691
14.950000000,0.002483687,0.020004298,-0.020004298,-0.015862138,0.010485500,-0.021081329,0.016962230,0.031824832,-0.015899958,-0.018535421,0.030404439,-0.001327245,-0.994388717,1.318520864,-3.822225321,-0.773474641,-1.194347000,-1.068053440
14.955000000,0.002482492,0.020003138,-0.020003138,-0.015861470,0.010483920,-0.021082972,0.016957332,0.031794911,-0.015900011,-0.018535308,0.030371089,-0.001348864,-0.990616136,1.324830581,-3.816565495,-0.771994780,-1.196167250,-1.071476252
14.960000000,0.002481533,0.020002207,-0.020002207,-0.015860933,0.010482653,-0.021084290,0.016953720,0.031770971,-0.015900073,-0.018535229,0.030344317,-0.001368103,-0.992179735,1.330653828,-3.817141464,-0.771834897,-1.194765643,-1.070473634
14.965000000,0.002480784,0.020001480,-0.020001480,-0.015860515,0.010481664,-0.021085318,0.016949464,0.031741242,-0.015899780,-0.018535119,0.030311098,-0.001395372,-0.992569242,1.342780081,-3.842120186,-0.777454356,-1.189215316,-1.064459890
14.970000000,0.002480221,0.020000934,-0.020000934,-0.015860200,0.010480920,-0.021086093,0.016945154,0.031711462,-0.015900191,-0.018535049,0.030278534,-0.001417498,-0.990222883,1.343510755,-3.794259753,-0.765217281,-1.190879430,-1.067844300
14.975000000,0.002479817,0.020000541,-0.020000541,-0.015859974,0.010480385,-0.021086648,0.016940202,0.031675881,-0.015900111,-0.018534907,0.030238842,-0.001443898,-0.990151795,1.353990678,-3.821820864,-0.771946507,-1.188723377,-1.066427473
14.980000000,0.002479545,0.020000277,-0.020000277,-0.015859822,0.010480026,-0.021087022,0.016936256,0.031646149,-0.015899858,-0.018534803,0.030206124,-0.001468829,-0.990543600,1.365730717,-3.844112413,-0.776881459,-1.183274526,-1.060787841
14.985000000,0.002479380,0.020000117,-0.020000117,-0.015859729,0.010479808,-0.021087248,0.016932090,0.031616952,-0.015900266,-0.018534719,0.030174013,-0.001487637,-0.984367138,1.327066006,-3.791633928,-0.764923126,-1.184926743,-1.063932936
14.990400000,0.002479291,0.020000031,-0.020000031,-0.015859680,0.010479691,-0.021087371,0.016929198,0.031592750,-0.015900299,-0.018534652,0.030147926,-0.001503326,-0.988705910,1.372035189,-3.799249165,-0.765163410,-1.183504892,-1.063185317
14.995000000,0.002479264,0.020000004,-0.020000004,-0.015859664,0.010479655,-0.021087408,0.016924506,0.031557347,-0.015900406,-0.018534522,0.030109507,-0.001528882,-0.988345104,1.393329042,-3.826528238,-0.771329051,-1.181429361,-1.061787236
15.000000000,0.002479259,0.020000000,-0.020000000,-0.015859662,0.010479649,-0.021087414,0.016920715,0.031527742,-0.015900035,-0.018534429,0.030077436,-0.001551010,-0.988619603,1.401664934,-3.857723286,-0.778800729,-1.176152657,-1.056578822
15.005000000,0.002479259,0.020000000,-0.020000000,-0.015859662,0.010479649,-0.021087414,0.016916857,0.031498405,-0.015900495,-0.018534336,0.030045853,-0.001567326,-0.987048968,1.397800957,-3.800314744,-0.764264554,-1.177719253,-1.059677735
15.010000000,0.002479259,0.020000000,-0.020000000,-0.015859662,0.010479649,-0.021087414,0.016913070,0.031469121,-0.015900486,-0.018534248,0.030013820,-0.001586603,-0.987282761,1.405517453,-3.832683958,-0.772037437,-1.172675940,-1.054723356
15.015000000,0.002479259,0.020000000,-0.020000000,-0.015859662,0.010479649,-0.021087414,0.016909256,0.031439841,-0.015900551,-0.018534146,0.029982839,-0.001602061,-0.985797329,1.411109312,-3.830117747,-0.771357602,-1.174295256,-1.057773179
15.020000000,0.002479259,0.020000000,-0.020000000,-0.015859662,0.010479649,-0.021087414,0.016905516,0.031410549,-0.015900212,-0.018534049,0.029951323,-0.001620596,-0.986127152,1.422412960,-3.859023795,-0.778123281,-1.169326470,-1.052984761
15.025000000,0.002479259,0.020000000,-0.020000000,-0.015859662,0.010479649,-0.021087414,0.016901723,0.031381247,-0.015900647,-0.018533958,0.029920695,-0.001635469,-0.984739297,1.421384804,-3.806352776,-0.764701110,-1.170858610,-1.055919749
15.030200000,0.002479259,0.020000000,-0.020000000,-0.015859662,0.010479649,-0.021087414,0.016898000,0.031351979,-0.015900600,-0.018533868,0.029889549,-0.001652887,-0.985049374,1.430492122,-3.839673899,-0.772701815,-1.165983890,-1.051291952
15.035000000,0.002479259,0.020000000,-0.020000000,-0.015859662,0.010479649,-0.021087414,0.016894225,0.031322695,-0.015900661,-0.018533763,0.029859359,-0.001666925,-0.983652057,1.436874292,-3.835145441,-0.771488060,-1.167539158,-1.054194733
15.040000000,0.002479259,0.020000000,-0.020000000,-0.015859662,0.010479649,-0.021087414,0.016890521,0.031293386,-0.015900347,-0.018533668,0.029828709,-0.001683664,-0.983997322,1.448742853,-3.861745159,-0.777627755,-1.162741803,-1.049734653
15.045000000,0.002479259,0.020000000,-0.020000000,-0.015859662,0.010479649,-0.021087414,0.016886762,0.031264054,-0.015900765,-0.018533577,0.029798783,-0.001696656,-0.982646934,1.448961866,-3.812260814,-0.764977301,-1.164196893,-1.052542923
15.050000000,0.002479259,0.020000000,-0.020000000,-0.015859662,0.010479649,-0.021087414,0.016883079,0.031234747,-0.015900703,-0.018533487,0.029768546,-0.001712445,-0.982957988,1.458655440,-3.845741807,-0.773013194,-1.159509312,-1.048211094
15.055000000,0.002479259,0.020000000,-0.020000000,-0.015859662,0.010479649,-0.021087414,0.016879339,0.031205423,-0.015900759,-0.018533378,0.029739111,-0.001725008,-0.981580148,1.465103866,-3.840544423,-0.771638565,-1.160986170,-1.050985412
15.060000000,0.002479259,0.020000000,-0.020000000,-0.015859662,0.010479649,-0.021087414,0.016875674,0.031176069,-0.015900470,-0.018533283,0.029709441,-0.001740430,-0.981920102,1.476886310,-3.865136950,-0.777255091,-1.156384853,-1.046799917
15.065000000,0.002479259,0.020000000,-0.020000000,-0.015859662,0.010479649,-0.021087414,0.016871956,0.031146691,-0.015900879,-0.018533192,0.029680558,-0.001752282,-0.980602531,1.477575141,-3.817888569,-0.765160027,-1.157783533,-1.049460366
15.070000000,0.002479259,0.020000000,-0.020000000,-0.015859662,0.010479649,-0.021087414,0.016868306,0.031117337,-0.015900810,-0.018533103,0.029651187,-0.001766516,-0.980886758,1.487330259,-3.851336482,-0.773196997,-1.153245800,-1.045412342
15.075000000,0.002479259,0.020000000,-0.020000000,-0.015859662,0.010479649,-0.021087414,0.016864606,0.031087965,-0.015900866,-0.018532993,0.029622873,-0.001777838,-0.979559043,1.493592917,-3.845870202,-0.771769837,-1.154715150,-1.048051074
15.080000000,0.002479259,0.020000000,-0.020000000,-0.015859662,0.010479649,-0.021087414,0.016860975,0.031058567,-0.015900592,-0.018532900,0.029594106,-0.001791676,-0.979867971,1.505085300,-3.868973418,-0.777011120,-1.150255630,-1.044147501
15.085000000,0.002479259,0.020000000,-0.020000000,-0.015859662,0.010479649,-0.021087414,0.016857293,0.031029145,-0.015900997,-0.018532809,0.029566162,-0.001802484,-0.978589967,1.505953151,-3.823198196,-0.765285665,-1.151613450,-1.046671697
15.090000000,0.002479259,0.020000000,-0.020000000,-0.015859662,0.010479649,-0.021087414,0.016853680,0.030999750,-0.015900923,-0.018532713,0.029537972,-0.001816138,-0.978871561,1.515656723,-3.856551499,-0.773309150,-1.147277424,-1.042821402
15.095000000,0.002479259,0.020000000,-0.020000000,-0.015859662,0.010479649,-0.021087414,0.016850017,0.030970339,-0.015900981,-0.018532600,0.029510546,-0.001826460,-0.977566237,1.521755864,-3.851112765,-0.771903827,-1.148664121,-1.045349893
15.100000000,0.002479259,0.020000000,-0.020000000,-0.015859662,0.010479649,-0.021087414,0.016847078,0.030946839,-0.015901036,-0.018532534,0.029488544,-0.001835895,-0.977185376,1.527098994,-3.851851244,-0.771849112,-1.147528284,-1.044817475
15.105000000,0.002479259,0.020000000,-0.020000000,-0.015859662,0.010479649,-0.021087414,0.016842585,0.030912024,-0.015901123,-0.018532414,0.029455824,-0.001850888,-0.972240052,1.493835789,-3.820784082,-0.764936308,-1.145640579,-1.043886407
15.110000000,0.002479259,0.020000000,-0.020000000,-0.015859662,0.010479649,-0.021087414,0.016839047,0.030882503,-0.015901189,-0.018532330,0.029428591,-0.001864220,-0.977320434,1.550191516,-3.852853622,-0.770863903,-1.141643352,-1.040254665
15.115000000,0.002479259,0.020000000,-0.020000000,-0.015859662,0.010479649,-0.021087414,0.016836310,0.030858539,-0.015901106,-0.018532257,0.029407139,-0.001872956,-0.976510820,1.549190110,-3.862383193,-0.773370379,-1.140404045,-1.040073328
15.120000000,0.002479259,0.020000000,-0.020000000,-0.015859662,0.010479649,-0.021087414,0.016831883,0.030823325,-0.015900895,-0.018532142,0.029375140,-0.001884527,-0.976091274,1.568746657,-3.886919556,-0.778948332,-1.138777253,-1.039477959
15.125000000,0.002479259,0.020000000,-0.020000000,-0.015859662,0.010479649,-0.021087414,0.016828277,0.030793765,-0.015901353,-0.018532055,0.029348996,-0.001893022,-0.974777707,1.565217590,-3.830103905,-0.764520083,-1.139994009,-1.041621511
15.130000000,0.002479259,0.020000000,-0.020000000,-0.015859662,0.010479649,-0.021087414,0.016824737,0.030764257,-0.015901342,-0.018531974,0.029322618,-0.001904419,-0.974932671,1.572789337,-3.862079780,-0.772260863,-1.135984635,-1.038217800
15.135000000,0.002479259,0.020000000,-0.020000000,-0.015859662,0.010479649,-0.021087414,0.016821840,0.030741051,-0.015901359,-0.018531888,0.029301928,-0.001912329,-0.975005386,1.583961030,-3.858922449,-0.770999014,-1.135071895,-1.037921055
15.140000000,0.002479259,0.020000000,-0.020000000,-0.015859662,0.010479649,-0.021087414,0.016817625,0.030705235,-0.015901066,-0.018531784,0.029271076,-0.001923041,-0.973938841,1.589685848,-3.888609601,-0.778452984,-1.133350551,-1.037429980
15.145000000,0.002479259,0.020000000,-0.020000000,-0.015859662,0.010479649,-0.021087414,0.016814056,0.030675707,-0.015901494,-0.018531697,0.029245850,-0.001930907,-0.972800195,1.588914605,-3.836327011,-0.765092679,-1.134541029,-1.039497522
15.150000000,0.002479259,0.020000000,-0.020000000,-0.015859662,0.010479649,-0.021087414,0.016810559,0.030646217,-0.015901446,-0.018531608,0.029220514,-0.001941895,-0.973038607,1.597887222,-3.869334978,-0.773077543,-1.130694677,-1.036226652
15.155000000,0.002479259,0.020000000,-0.020000000,-0.015859662,0.010479649,-0.021087414,0.016807014,0.030616709,-0.015901507,-0.018531506,0.029195765,-0.001950126,-0.971875418,1.604469917,-3.864980647,-0.771882165,-1.131894970,-1.038437267
15.160000000,0.002479259,0.020000000,-0.020000000,-0.015859662,0.010479649,-0.021087414,0.016803528,0.030587176,-0.015901196,-0.018531416,0.029170813,-0.001960509,-0.972148428,1.616190027,-3.891447467,-0.778053516,-1.128115879,-1.035284970
15.165000000,0.002479259,0.020000000,-0.020000000,-0.015859662,0.010479649,-0.021087414,0.016800002,0.030557620,-0.015901608,-0.018531329,0.029146480,-0.001968290,-0.971047605,1.616688948,-3.842391111,-0.765481872,-1.129248921,-1.037409250
15.170000000,0.002479259,0.020000000,-0.020000000,-0.015859662,0.010479649,-0.021087414,0.016797174,0.030533948,-0.015901654,-0.018531254,0.029127013,-0.001975281,-0.970646623,1.622476261,-3.841930329,-0.765120223,-1.128245139,-1.037010153
15.175000000,0.002479259,0.020000000,-0.020000000,-0.015859662,0.010479649,-0.021087414,0.016792992,0.030498545,-0.015901600,-0.018531134,0.029098210,-0.001986974,-0.970154013,1.632901508,-3.870518567,-0.772135500,-1.126728973,-1.036372415
15.180000000,0.002479259,0.020000000,-0.020000000,-0.015859662,0.010479649,-0.021087414,0.016789520,0.030468968,-0.015901315,-0.018531044,0.029074237,-0.001997450,-0.970400763,1.644547041,-3.894957410,-0.777772051,-1.123061672,-1.033354329
15.185000000,0.002479259,0.020000000,-0.020000000,-0.015859662,0.010479649,-0.021087414,0.016786004,0.030439366,-0.015901718,-0.018530958,0.029050853,-0.002004868,-0.969326591,1.645514250,-3.848146723,-0.765759661,-1.124152877,-1.035364396
15.190000000,0.002479259,0.020000000,-0.020000000,-0.015859662,0.010479649,-0.021087414,0.016782543,0.030409788,-0.015901649,-0.018530873,0.029027252,-0.002014250,-0.969539859,1.655134129,-3.881251004,-0.773763719,-1.120592796,-1.032433788
15.195000000,0.002479259,0.020000000,-0.020000000,-0.015859662,0.010479649,-0.021087414,0.016779028,0.030380194,-0.015901702,-0.018530768,0.029004415,-0.002021600,-0.968447623,1.661614855,-3.875956298,-0.772354450,-1.121733989,-1.034435326
15.200000000,0.002479259,0.020000000,-0.020000000,-0.015859662,0.010479649,-0.021087414,0.016775570,0.030350573,-0.015901430,-0.018530679,0.028981263,-0.002030667,-0.968673692,1.672961890,-3.898897668,-0.777610826,-1.118213393,-1.031618227
15.205000000,0.002479259,0.020000000,-0.020000000,-0.015859662,0.010479649,-0.021087414,0.016772063,0.030320927,-0.015901830,-0.018530597,0.028958774,-0.002037307,-0.967632238,1.674108350,-3.853573940,-0.765973379,-1.119274997,-1.033543952
15.210000000,0.002479259,0.020000000,-0.020000000,-0.015859662,0.010479649,-0.021087414,0.016768612,0.030291307,-0.015901756,-0.018530513,0.028936035,-0.002046116,-0.967829527,1.683673020,-3.886594150,-0.773963590,-1.115847336,-1.030756341
15.215000000,0.002479259,0.020000000,-0.020000000,-0.015859662,0.010479649,-0.021087414,0.016765140,0.030261668,-0.015901809,-0.018530412,0.028913997,-0.002052828,-0.966766461,1.689993224,-3.881267447,-0.772559593,-1.116950550,-1.032682542
15.220000000,0.002479259,0.020000000,-0.020000000,-0.015859662,0.010479649,-0.021087414,0.016761718,0.030232008,-0.015901544,-0.018530325,0.028891724,-0.002061273,-0.966985577,1.701122702,-3.903154803,-0.777549173,-1.113571339,-1.030007237
15.225000000,0.002479259,0.020000000,-0.020000000,-0.015859662,0.010479649,-0.021087414,0.016758121,0.030202911,-0.015901942,-0.018530242,0.028870073,-0.002067720,-0.962088076,1.661512763,-3.851362682,-0.765757035,-1.114542426,-1.031763113
15.230000000,0.002479259,0.020000000,-0.020000000,-0.015859662,0.010479649,-0.021087414,0.016754918,0.030173170,-0.015902000,-0.018530162,0.028848201,-0.002076039,-0.966310589,1.718584017,-3.883152501,-0.771634289,-1.111351335,-1.029132173
15.235000000,0.002479259,0.020000000,-0.020000000,-0.015859662,0.010479649,-0.021087414,0.016752340,0.030149018,-0.015901919,-0.018530095,0.028831080,-0.002081763,-0.965861264,1.717471751,-3.892597782,-0.774129670,-1.110473601,-1.029022557
15.240000000,0.002479259,0.020000000,-0.020000000,-0.015859662,0.010479649,-0.021087414,0.016748270,0.030113541,-0.015901707,-0.018529987,0.028805551,-0.002089507,-0.965543821,1.737137672,-3.917019096,-0.779691454,-1.109193079,-1.028633366
15.245000000,0.002479259,0.020000000,-0.020000000,-0.015859662,0.010479649,-0.021087414,0.016744981,0.030083724,-0.015902169,-0.018529925,0.028784727,-0.002095189,-0.964392275,1.729526855,-3.861926585,-0.765842201,-1.110171948,-1.030272674
15.250000000,0.002479259,0.020000000,-0.020000000,-0.015859662,0.010479649,-0.021087414,0.016741749,0.030054047,-0.015902111,-0.018529843,0.028763783,-0.002103309,-0.964550450,1.738319272,-3.894525562,-0.773759988,-1.107020881,-1.027713293
15.255200000,0.002479259,0.020000000,-0.020000000,-0.015859662,0.010479649,-0.021087414,0.016738520,0.030024413,-0.015902129,-0.018529755,0.028743472,-0.002109390,-0.963607885,1.745478816,-3.890739625,-0.772696226,-1.108010407,-1.029487388
15.260000000,0.002479259,0.020000000,-0.020000000,-0.015859662,0.010479649,-0.021087414,0.016735345,0.029994704,-0.015901812,-0.018529675,0.028722914,-0.002117135,-0.963805119,1.757360501,-3.914100816,-0.778075672,-1.104888172,-1.027036004
15.265000000,0.002479259,0.020000000,-0.020000000,-0.015859662,0.010479649,-0.021087414,0.016732153,0.029965090,-0.015902280,-0.018529616,0.028703008,-0.002123045,-0.962981843,1.761985217,-3.865757188,-0.765520817,-1.105841282,-1.028706453
15.270000000,0.002479259,0.020000000,-0.020000000,-0.015859662,0.010479649,-0.021087414,0.016729609,0.029941337,-0.015902297,-0.018529558,0.028687029,-0.002128481,-0.962682873,1.767551051,-3.866297728,-0.765432988,-1.105015808,-1.028398302
15.275000000,0.002479259,0.020000000,-0.020000000,-0.015859662,0.010479649,-0.021087414,0.016726453,0.029911579,-0.015902253,-0.018529498,0.028667084,-0.002136592,-0.962737616,1.772160390,-3.900616450,-0.773952726,-1.102027808,-1.025951938
15.280000000,0.002479259,0.020000000,-0.020000000,-0.015859662,0.010479649,-0.021087414,0.016722640,0.029875919,-0.015901922,-0.018529387,0.028643561,-0.002144417,-0.962292957,1.785515401,-3.919113802,-0.778229110,-1.100797066,-1.025727178
15.285000000,0.002479259,0.020000000,-0.020000000,-0.015859662,0.010479649,-0.021087414,0.016719470,0.029846266,-0.015902389,-0.018529332,0.028624287,-0.002149502,-0.961500861,1.790207314,-3.870862129,-0.765688916,-1.101702035,-1.027216488
15.290000000,0.002479259,0.020000000,-0.020000000,-0.015859662,0.010479649,-0.021087414,0.016716331,0.029816476,-0.015902337,-0.018529278,0.028604906,-0.002156541,-0.961546009,1.794715126,-3.904665895,-0.774084741,-1.098822982,-1.024896777
15.295000000,0.002479259,0.020000000,-0.020000000,-0.015859662,0.010479649,-0.021087414,0.016713812,0.029792687,-0.015902360,-0.018529221,0.028589781,-0.002161582,-0.961266174,1.800367847,-3.905606837,-0.774102200,-1.098097709,-1.024755470
15.300000000,0.002479259,0.020000000,-0.020000000,-0.015859662,0.010479649,-0.021087414,0.016710640,0.029762970,-0.015902362,-0.018529136,0.028571075,-0.002166410,-0.960361834,1.807537524,-3.901879833,-0.773046550,-1.098944712,-1.026273663
15.305000000,0.002479259,0.020000000,-0.020000000,-0.015859662,0.010479649,-0.021087414,0.016706881,0.029727300,-0.015902490,-0.018529056,0.028548594,-0.002173712,-0.960058304,1.818405222,-3.875751739,-0.765810281,-1.097736156,-1.025848426
15.310000000,0.002479259,0.020000000,-0.020000000,-0.015859662,0.010479649,-0.021087414,0.016703765,0.029697476,-0.015902440,-0.018529000,0.028529993,-0.002181131,-0.960097450,1.822947830,-3.909720864,-0.774250571,-1.094969314,-1.023588294
15.315000000,0.002479259,0.020000000,-0.020000000,-0.015859662,0.010479649,-0.021087414,0.016700612,0.029667730,-0.015902445,-0.018528914,0.028511910,-0.002186372,-0.959230344,1.830146118,-3.905941181,-0.773181236,-1.095833887,-1.025148163
15.320000000,0.002479259,0.020000000,-0.020000000,-0.015859662,0.010479649,-0.021087414,0.016697505,0.029637912,-0.015902130,-0.018528837,0.028493595,-0.002192848,-0.959388761,1.841981191,-3.929196348,-0.778550472,-1.093057558,-1.023024451
15.325000000,0.002479259,0.020000000,-0.020000000,-0.015859662,0.010479649,-0.021087414,0.016694386,0.029608186,-0.015902594,-0.018528782,0.028475899,-0.002197971,-0.958664342,1.846753949,-3.881102676,-0.766048674,-1.093912384,-1.024480292
15.330200000,0.002479259,0.020000000,-0.020000000,-0.015859662,0.010479649,-0.021087414,0.016691292,0.029578323,-0.015902542,-0.018528726,0.028458021,-0.002204383,-0.958685324,1.851212622,-3.914767133,-0.774419131,-1.091263185,-1.022356698
15.335000000,0.002479259,0.020000000,-0.020000000,-0.015859662,0.010479649,-0.021087414,0.016688162,0.029548538,-0.015902550,-0.018528643,0.028440657,-0.002209241,-0.957850625,1.858446090,-3.911006434,-0.773351253,-1.092099510,-1.023855943
15.340000000,0.002479259,0.020000000,-0.020000000,-0.015859662,0.010479649,-0.021087414,0.016685078,0.029518681,-0.015902232,-0.018528567,0.028423105,-0.002215523,-0.957999133,1.870257115,-3.934240417,-0.778721199,-1.089437465,-1.021817675
15.345000000,0.002479259,0.020000000,-0.020000000,-0.015859662,0.010479649,-0.021087414,0.016681980,0.029488918,-0.015902696,-0.018528513,0.028406107,-0.002220406,-0.957302223,1.875081666,-3.886236076,-0.766238897,-1.090252886,-1.023213006
15.350000000,0.002479259,0.020000000,-0.020000000,-0.015859662,0.010479649,-0.021087414,0.016678907,0.029459018,-0.015902643,-0.018528461,0.028388913,-0.002226510,-0.957311816,1.879517567,-3.919859894,-0.774603721,-1.087708664,-1.021181330
15.355000000,0.002479259,0.020000000,-0.020000000,-0.015859662,0.010479649,-0.021087414,0.016675799,0.029429194,-0.015902649,-0.018528380,0.028372212,-0.002231011,-0.956505530,1.886774486,-3.916091332,-0.773531280,-1.088511944,-1.022625850
15.360000000,0.002479259,0.020000000,-0.020000000,-0.015859662,0.010479649,-0.021087414,0.016672735,0.029399300,-0.015902332,-0.018528306,0.028355333,-0.002236985,-0.956643724,1.898576853,-3.939311261,-0.778902377,-1.085954157,-1.020676460
15.365000000,0.002479259,0.020000000,-0.020000000,-0.015859662,0.010479649,-0.021087414,0.016669659,0.029369501,-0.015902793,-0.018528253,0.028338990,-0.002241528,-0.955974206,1.903444962,-3.891376364,-0.766434990,-1.086737343,-1.022018880
15.370000000,0.002479259,0.020000000,-0.020000000,-0.015859662,0.010479649,-0.021087414,0.016666607,0.029339562,-0.015902741,-0.018528199,0.028322484,-0.002247350,-0.955974985,1.907855917,-3.924899155,-0.774778409,-1.084298267,-1.020072193
15.375000000,0.002479259,0.020000000,-0.020000000,-0.015859662,0.010479649,-0.021087414,0.016663520,0.029309703,-0.015902746,-0.018528117,0.028306442,-0.002251747,-0.955196867,1.915138251,-3.921203748,-0.773723486,-1.085068938,-1.021453026
15.380000000,0.002479259,0.020000000,-0.020000000,-0.015859662,0.010479649,-0.021087414,0.016660476,0.029279772,-0.015902431,-0.018528043,0.028290267,-0.002257479,-0.955325681,1.926926647,-3.944360691,-0.779082288,-1.082616944,-1.019584618
15.385000000,0.002479259,0.020000000,-0.020000000,-0.015859662,0.010479649,-0.021087414,0.016657422,0.029249935,-0.015902893,-0.018527994,0.028274554,-0.002261806,-0.954681958,1.931847628,-3.896523755,-0.766636568,-1.083365522,-1.020871893
15.390000000,0.002479259,0.020000000,-0.020000000,-0.015859662,0.010479649,-0.021087414,0.016654983,0.029226002,-0.015902905,-0.018527941,0.028261964,-0.002265682,-0.954424808,1.937455157,-3.897083863,-0.766559412,-1.082714241,-1.020651456
15.395000000,0.002479259,0.020000000,-0.020000000,-0.015859662,0.010479649,-0.021087414,0.016651323,0.029190061,-0.015902841,-0.018527860,0.028243325,-0.002272183,-0.953922063,1.943544117,-3.926321990,-0.773919298,-1.081767427,-1.020297074
15.400000000,0.002479259,0.020000000,-0.020000000,-0.015859662,0.010479649,-0.021087414,0.016648299,0.029160091,-0.015902529,-0.018527788,0.028227826,-0.002278113,-0.954039019,1.955325522,-3.949460674,-0.779276031,-1.079402625,-1.018487388
15.405000000,0.002479259,0.020000000,-0.020000000,-0.015859662,0.010479649,-0.021087414,0.016645263,0.029130220,-0.015902987,-0.018527737,0.028212676,-0.002282368,-0.953416457,1.960283227,-3.901677244,-0.766841122,-1.080109794,-1.019713640
15.410000000,0.002479259,0.020000000,-0.020000000,-0.015859662,0.010479649,-0.021087414,0.016642248,0.029100205,-0.015902937,-0.018527690,0.028197486,-0.002287797,-0.953403379,1.964642626,-3.935056857,-0.775156185,-1.077878444,-1.017921117
15.415000000,0.002479259,0.020000000,-0.020000000,-0.015859662,0.010479649,-0.021087414,0.016639203,0.029070271,-0.015902938,-0.018527612,0.028182715,-0.002291785,-0.952677564,1.971983980,-3.931402240,-0.774106485,-1.078583665,-1.019191038
15.420000000,0.002479259,0.020000000,-0.020000000,-0.015859662,0.010479649,-0.021087414,0.016636195,0.029040265,-0.015902622,-0.018527541,0.028167766,-0.002296951,-0.952783603,1.983747240,-3.954518437,-0.779463948,-1.076315547,-1.017487907
15.425000000,0.002479259,0.020000000,-0.020000000,-0.015859662,0.010479649,-0.021087414,0.016633179,0.029010353,-0.015903081,-0.018527494,0.028153242,-0.002300843,-0.952191416,1.988756679,-3.906832684,-0.767050974,-1.077008410,-1.018666532
15.430000000,0.002479259,0.020000000,-0.020000000,-0.015859662,0.010479649,-0.021087414,0.016630181,0.028980303,-0.015903027,-0.018527446,0.028138641,-0.002305963,-0.952164966,1.993095025,-3.940154115,-0.775355259,-1.074858052,-1.016954235
15.435000000,0.002479259,0.020000000,-0.020000000,-0.015859662,0.010479649,-0.021087414,0.016627155,0.028950333,-0.015903030,-0.018527368,0.028124461,-0.002309777,-0.951466384,2.000459497,-3.936515471,-0.774307694,-1.075541133,-1.018171622
15.440000000,0.002479259,0.020000000,-0.020000000,-0.015859662,0.010479649,-0.021087414,0.016624754,0.028926329,-0.015903048,-0.018527321,0.028113085,-0.002313270,-0.951229541,2.006167328,-3.937538160,-0.774347819,-1.074961288,-1.017971828
15.445000000,0.002479259,0.020000000,-0.020000000,-0.015859662,0.010479649,-0.021087414,0.016621168,0.028890349,-0.015903170,-0.018527250,0.028096206,-0.002319092,-0.950991938,2.017210722,-3.911770470,-0.767209069,-1.074030320,-1.017633247
15.450000000,0.002479259,0.020000000,-0.020000000,-0.015859662,0.010479649,-0.021087414,0.016618189,0.028860262,-0.015903121,-0.018527206,0.028082229,-0.002324396,-0.950958633,2.021576875,-3.945238378,-0.775552339,-1.071961441,-1.015972637
15.455000000,0.002479259,0.020000000,-0.020000000,-0.015859662,0.010479649,-0.021087414,0.016615180,0.028830254,-0.015903121,-0.018527129,0.028068595,-0.002327917,-0.950280919,2.028968840,-3.941626979,-0.774509596,-1.072610302,-1.017147623
15.460000000,0.002479259,0.020000000,-0.020000000,-0.015859662,0.010479649,-0.021087414,0.016612792,0.028806221,-0.015903138,-0.018527083,0.028057626,-0.002331074,-0.950043874,2.034682850,-3.942651311,-0.774551020,-1.072042392,-1.016968298
15.465000000,0.002479259,0.020000000,-0.020000000,-0.015859662,0.010479649,-0.021087414,0.016609822,0.028776135,-0.015902822,-0.018527016,0.028043991,-0.002336165,-0.950134717,2.046413318,-3.965701699,-0.779900018,-1.069965019,-1.015398461
15.470000000,0.002479259,0.020000000,-0.020000000,-0.015859662,0.010479649,-0.021087414,0.016606844,0.028746147,-0.015903277,-0.018526968,0.028030708,-0.002339924,-0.949593085,2.051521763,-3.918204666,-0.767528985,-1.070594468,-1.016456737
15.475000000,0.002479259,0.020000000,-0.020000000,-0.015859662,0.010479649,-0.021087414,0.016603268,0.028710026,-0.015903203,-0.018526896,0.028014823,-0.002344728,-0.949124438,2.057510845,-3.946787278,-0.774729612,-1.069803162,-1.016195333
15.480000000,0.002479259,0.020000000,-0.020000000,-0.015859662,0.010479649,-0.021087414,0.016600311,0.028679906,-0.015902894,-0.018526835,0.028001611,-0.002349626,-0.949205698,2.069269353,-3.969895575,-0.780092965,-1.067792309,-1.014681197
15.485000000,0.002479259,0.020000000,-0.020000000,-0.015859662,0.010479649,-0.021087414,0.016597940,0.028655833,-0.015902912,-0.018526791,0.027991281,-0.002352986,-0.948983441,2.074941717,-3.970629158,-0.780064921,-1.067298582,-1.014585547
15.490000000,0.002479259,0.020000000,-0.020000000,-0.015859662,0.010479649,-0.021087414,0.016594399,0.028619720,-0.015903297,-0.018526753,0.027975902,-0.002357291,-0.948632079,2.078678210,-3.955343594,-0.775938219,-1.066522998,-1.014293738
15.495200000,0.002479259,0.020000000,-0.020000000,-0.015859662,0.010479649,-0.021087414,0.016591423,0.028589638,-0.015903290,-0.018526681,0.027963335,-0.002360313,-0.948002064,2.086096056,-3.951874124,-0.774929538,-1.067118189,-1.015311205
15.500000000,0.002479259,0.020000000,-0.020000000,-0.015859662,0.010479649,-0.021087414,0.016588481,0.028559485,-0.015902974,-0.018526616,0.027950662,-0.002364607,-0.948072113,2.097810706,-3.974855587,-0.780267855,-1.065188313,-1.013882117
15.505000000,0.002479259,0.020000000,-0.020000000,-0.015859662,0.010479649,-0.021087414,0.016585534,0.028529427,-0.015903427,-0.018526573,0.027938353,-0.002367964,-0.947572913,2.102998395,-3.927523875,-0.767934504,-1.065781093,-1.014865636
15.510000000,0.002479259,0.020000000,-0.020000000,-0.015859662,0.010479649,-0.021087414,0.016582601,0.028499228,-0.015903374,-0.018526532,0.027925981,-0.002372269,-0.947510589,2.107254780,-3.960562011,-0.776179804,-1.063958600,-1.013421047
15.515000000,0.002479259,0.020000000,-0.020000000,-0.015859662,0.010479649,-0.021087414,0.016579643,0.028469109,-0.015903374,-0.018526460,0.027913975,-0.002375478,-0.946905410,2.114716109,-3.957005346,-0.775145234,-1.064542807,-1.014450950
15.520000000,0.002479259,0.020000000,-0.020000000,-0.015859662,0.010479649,-0.021087414,0.016576716,0.028438918,-0.015903058,-0.018526396,0.027901827,-0.002379702,-0.946966075,2.126420481,-3.979971320,-0.780482880,-1.062690608,-1.013075705
15.525000000,0.002479259,0.020000000,-0.020000000,-0.015859662,0.010479649,-0.021087414,0.016573784,0.028408823,-0.015903510,-0.018526356,0.027890010,-0.002382850,-0.946486968,2.131652308,-3.932710378,-0.768165025,-1.063258996,-1.014021894
15.530000000,0.002479259,0.020000000,-0.020000000,-0.015859662,0.010479649,-0.021087414,0.016570866,0.028378584,-0.015903458,-0.018526321,0.027878144,-0.002386990,-0.946417177,2.135882134,-3.965675502,-0.776394759,-1.061512557,-1.012635231
15.535000000,0.002479259,0.020000000,-0.020000000,-0.015859662,0.010479649,-0.021087414,0.016567922,0.028348427,-0.015903454,-0.018526252,0.027866598,-0.002389981,-0.945830708,2.143369841,-3.962134489,-0.775361870,-1.062069346,-1.013629153
15.540000000,0.002479259,0.020000000,-0.020000000,-0.015859662,0.010479649,-0.021087414,0.016565009,0.028318199,-0.015903137,-0.018526190,0.027854930,-0.002394023,-0.945884671,2.155064610,-3.985077231,-0.780696984,-1.060291774,-1.012311122
15.545000000,0.002479259,0.020000000,-0.020000000,-0.015859662,0.010479649,-0.021087414,0.016562093,0.028288069,-0.015903587,-0.018526149,0.027843683,-0.002397257,-0.945431901,2.160339575,-3.937901368,-0.768398234,-1.060850061,-1.013203240
15.550000000,0.002479259,0.020000000,-0.020000000,-0.015859662,0.010479649,-0.021087414,0.016559189,0.028257793,-0.015903536,-0.018526115,0.027832302,-0.002401238,-0.945348259,2.164551031,-3.970794770,-0.776612450,-1.059163711,-1.011875962
15.555000000,0.002479259,0.020000000,-0.020000000,-0.015859662,0.010479649,-0.021087414,0.016556260,0.028227598,-0.015903533,-0.018526049,0.027821263,-0.002404202,-0.944785030,2.172064588,-3.967259202,-0.775578150,-1.059705350,-1.012822795
15.560000000,0.002479259,0.020000000,-0.020000000,-0.015859662,0.010479649,-0.021087414,0.016553361,0.028197333,-0.015903214,-0.018525989,0.027810090,-0.002408092,-0.944829168,2.183745322,-3.990183473,-0.780912438,-1.057995890,-1.011560740
15.565000000,0.002479259,0.020000000,-0.020000000,-0.015859662,0.010479649,-0.021087414,0.016551038,0.028173140,-0.015903235,-0.018525952,0.027801352,-0.002410828,-0.944625813,2.189499353,-3.991178800,-0.780951012,-1.057575040,-1.011483546
15.570000000,0.002479259,0.020000000,-0.020000000,-0.015859662,0.010479649,-0.021087414,0.016547567,0.028136849,-0.015903613,-0.018525922,0.027788338,-0.002414529,-0.944306755,2.193277540,-3.975823287,-0.776806923,-1.056930822,-1.011225048
15.575000000,0.002479259,0.020000000,-0.020000000,-0.015859662,0.010479649,-0.021087414,0.016544651,0.028106617,-0.015903604,-0.018525858,0.027777718,-0.002417120,-0.943760025,2.200787158,-3.972410167,-0.775805228,-1.057439198,-1.012089115
15.580000000,0.002479259,0.020000000,-0.020000000,-0.015859662,0.010479649,-0.021087414,0.016542335,0.028082408,-0.015903618,-0.018525819,0.027769202,-0.002419739,-0.943558273,2.206545341,-3.973450564,-0.775853368,-1.057003988,-1.011939422
15.585000000,0.002479259,0.020000000,-0.020000000,-0.015859662,0.010479649,-0.021087414,0.016538875,0.028046116,-0.015903733,-0.018525759,0.027756576,-0.002424102,-0.943374806,2.217764899,-3.948062468,-0.768814920,-1.056306786,-1.011681879
15.590000000,0.002479259,0.020000000,-0.020000000,-0.015859662,0.010479649,-0.021087414,0.016535995,0.028015768,-0.015903683,-0.018525727,0.027746102,-0.002428030,-0.943282560,2.221992965,-3.981035484,-0.777052741,-1.054753453,-1.010445658
15.595000000,0.002479259,0.020000000,-0.020000000,-0.015859662,0.010479649,-0.021087414,0.016533093,0.027985500,-0.015903678,-0.018525662,0.027735901,-0.002430722,-0.942753625,2.229546718,-3.977560592,-0.776031844,-1.055247114,-1.011320896
15.600000000,0.002479259,0.020000000,-0.020000000,-0.015859662,0.010479649,-0.021087414,0.016530218,0.027955161,-0.015903361,-0.018525604,0.027725606,-0.002434283,-0.942785863,2.241212296,-4.000408594,-0.781351596,-1.053673606,-1.010163166
15.605000000,0.002479259,0.020000000,-0.020000000,-0.015859662,0.010479649,-0.021087414,0.016527342,0.027924918,-0.015903806,-0.018525568,0.027715627,-0.002437042,-0.942383585,2.246610454,-3.953492453,-0.769112389,-1.054163876,-1.010950041
15.610000000,0.002479259,0.020000000,-0.020000000,-0.015859662,0.010479649,-0.021087414,0.016524474,0.027894533,-0.015903754,-0.018525542,0.027705560,-0.002440492,-0.942276778,2.250772110,-3.986290407,-0.777310866,-1.052659384,-1.009785871
15.615000000,0.002479259,0.020000000,-0.020000000,-0.015859662,0.010479649,-0.021087414,0.016521582,0.027864229,-0.015903750,-0.018525486,0.027695656,-0.002442919,-0.941763048,2.258275080,-3.982672939,-0.776251523,-1.053127708,-1.010632465
15.620000000,0.002479259,0.020000000,-0.020000000,-0.015859662,0.010479649,-0.021087414,0.016518717,0.027833852,-0.015903427,-0.018525438,0.027685712,-0.002446236,-0.941793045,2.270000480,-4.005529571,-0.781574466,-1.051628800,-1.009526119
15.625000000,0.002479259,0.020000000,-0.020000000,-0.015859662,0.010479649,-0.021087414,0.016515852,0.027803571,-0.015903867,-0.018525411,0.027676099,-0.002448804,-0.941406800,2.275454067,-3.958835566,-0.769388791,-1.052105124,-1.010282648
15.630000000,0.002479259,0.020000000,-0.020000000,-0.015859662,0.010479649,-0.021087414,0.016512994,0.027773150,-0.015903814,-0.018525382,0.027666415,-0.002452134,-0.941302243,2.279608782,-3.991067829,-0.777434268,-1.050676998,-1.009158103
15.635000000,0.002479259,0.020000000,-0.020000000,-0.015859662,0.010479649,-0.021087414,0.016510117,0.027742810,-0.015903811,-0.018525325,0.027657099,-0.002454736,-0.940815370,2.287108201,-3.987815253,-0.776477783,-1.051142238,-1.009956491
15.640000000,0.002479259,0.020000000,-0.020000000,-0.015859662,0.010479649,-0.021087414,0.016507264,0.027712400,-0.015903490,-0.018525272,0.027647591,-0.002457963,-0.940824485,2.298809182,-4.010578230,-0.781780559,-1.049680171,-1.008900221
15.645000000,0.002479259,0.020000000,-0.020000000,-0.015859662,0.010479649,-0.021087414,0.016504411,0.027682084,-0.015903932,-0.018525244,0.027638406,-0.002460519,-0.940458081,2.304310332,-3.963908791,-0.769598567,-1.050145887,-1.009617281
15.650000000,0.002479259,0.020000000,-0.020000000,-0.015859662,0.010479649,-0.021087414,0.016501565,0.027651620,-0.015903876,-0.018525225,0.027629127,-0.002463762,-0.940338173,2.308425292,-3.996520981,-0.777754003,-1.048757430,-1.008541773
15.655000000,0.002479259,0.020000000,-0.020000000,-0.015859662,0.010479649,-0.021087414,0.016499283,0.027627297,-0.015903891,-0.018525194,0.027621835,-0.002465918,-0.940157982,2.314247624,-3.997202264,-0.777699705,-1.048414180,-1.008482472
15.660000000,0.002479259,0.020000000,-0.020000000,-0.015859662,0.010479649,-0.021087414,0.016495853,0.027590794,-0.015903549,-0.018525123,0.027610950,-0.002468779,-0.939875405,2.327665465,-4.015731902,-0.782016126,-1.047814669,-1.008378661
15.665000000,0.002479259,0.020000000,-0.020000000,-0.015859662,0.010479649,-0.021087414,0.016493575,0.027566453,-0.015903562,-0.018525096,0.027603769,-0.002470738,-0.939690220,2.333440487,-4.016595619,-0.782019768,-1.047461400,-1.008269121
15.670000000,0.002479259,0.020000000,-0.020000000,-0.015859662,0.010479649,-0.021087414,0.016490173,0.027529944,-0.015903937,-0.018525077,0.027593200,-0.002473830,-0.939408974,2.337325351,-4.001425131,-0.777920739,-1.046969615,-1.008042891
15.675000000,0.002479259,0.020000000,-0.020000000,-0.015859662,0.010479649,-0.021087414,0.016487901,0.027505591,-0.015903948,-0.018525051,0.027586225,-0.002475821,-0.938988322,2.343439394,-3.997835395,-0.776919739,-1.047445984,-1.008760680
15.680000000,0.002479259,0.020000000,-0.020000000,-0.015859662,0.010479649,-0.021087414,0.016485046,0.027475171,-0.015903931,-0.018524996,0.027577617,-0.002478118,-0.938756864,2.350722198,-3.999199755,-0.776999699,-1.047011073,-1.008628848
15.685000000,0.002479259,0.020000000,-0.020000000,-0.015859662,0.010479649,-0.021087414,0.016481651,0.027438660,-0.015904040,-0.018524952,0.027567314,-0.002481667,-0.938606255,2.362097946,-3.974224601,-0.770065521,-1.046454128,-1.008414814
15.690000000,0.002479259,0.020000000,-0.020000000,-0.015859662,0.010479649,-0.021087414,0.016478825,0.027408127,-0.015903990,-0.018524936,0.027558815,-0.002484913,-0.938479933,2.366221407,-4.006795998,-0.778213043,-1.045177731,-1.007407819
15.695000000,0.002479259,0.020000000,-0.020000000,-0.015859662,0.010479649,-0.021087414,0.016476560,0.027383745,-0.015904001,-0.018524906,0.027552120,-0.002486979,-0.938305848,2.372065359,-4.007444869,-0.778149593,-1.044857203,-1.007350924
15.700000000,0.002479259,0.020000000,-0.020000000,-0.015859662,0.010479649,-0.021087414,0.016473155,0.027347153,-0.015903659,-0.018524838,0.027542122,-0.002489644,-0.938034970,2.385487690,-4.025972441,-0.782467692,-1.044303966,-1.007257530
15.705000000,0.002479259,0.020000000,-0.020000000,-0.015859662,0.010479649,-0.021087414,0.016470332,0.027316728,-0.015904095,-0.018524813,0.027533979,-0.002491720,-0.937713715,2.391108559,-3.979531663,-0.770336413,-1.044722003,-1.007843652
15.710000000,0.002479259,0.020000000,-0.020000000,-0.015859662,0.010479649,-0.021087414,0.016467514,0.027286155,-0.015904037,-0.018524792,0.027525827,-0.002494626,-0.937583236,2.395223902,-4.011692322,-0.778371275,-1.043506391,-1.006884937
15.715400000,0.002479259,0.020000000,-0.020000000,-0.015859662,0.010479649,-0.021087414,0.016464678,0.027255664,-0.015904032,-0.018524756,0.027517864,-0.002496803,-0.937147913,2.402793055,-4.008412190,-0.777400305,-1.043883979,-1.007570268
15.720000000,0.002479259,0.020000000,-0.020000000,-0.015859662,0.010479649,-0.021087414,0.016461863,0.027225106,-0.015903706,-0.018524713,0.027509845,-0.002499591,-0.937143053,2.414464726,-4.031098510,-0.782692817,-1.042657226,-1.006671265
15.725000000,0.002479259,0.020000000,-0.020000000,-0.015859662,0.010479649,-0.021087414,0.016459051,0.027194640,-0.015904141,-0.018524691,0.027502042,-0.002501737,-0.936832206,2.420114891,-3.984747200,-0.770584349,-1.043054733,-1.007276248
15.730000000,0.002479259,0.020000000,-0.020000000,-0.015859662,0.010479649,-0.021087414,0.016456243,0.027164031,-0.015904086,-0.018524677,0.027494280,-0.002504604,-0.936699585,2.424211629,-4.016821219,-0.778598705,-1.041899635,-1.006351138
15.735400000,0.002479259,0.020000000,-0.020000000,-0.015859662,0.010479649,-0.021087414,0.016453415,0.027133505,-0.015904078,-0.018524627,0.027486645,-0.002506744,-0.936273159,2.431869018,-4.013603557,-0.777641971,-1.042257771,-1.007007680
15.740000000,0.002479259,0.020000000,-0.020000000,-0.015859662,0.010479649,-0.021087414,0.016450608,0.027102907,-0.015903756,-0.018524586,0.027478923,-0.002509346,-0.936266092,2.443472976,-4.036246911,-0.782926761,-1.041076628,-1.006150979
15.745000000,0.002479259,0.020000000,-0.020000000,-0.015859662,0.010479649,-0.021087414,0.016447805,0.027072411,-0.015904188,-0.018524562,0.027471490,-0.002511493,-0.935970769,2.449155830,-3.989950411,-0.770830722,-1.041465017,-1.006722664
15.750000000,0.002479259,0.020000000,-0.020000000,-0.015859662,0.010479649,-0.021087414,0.016445003,0.027041761,-0.015904133,-0.018524557,0.027463909,-0.002513996,-0.935820520,2.453197916,-4.022260164,-0.778918347,-1.040323567,-1.005857652
15.755000000,0.002479259,0.020000000,-0.020000000,-0.015859662,0.010479649,-0.021087414,0.016442185,0.027011199,-0.015904123,-0.018524510,0.027456618,-0.002515935,-0.935426892,2.460836463,-4.018747706,-0.777875982,-1.040707800,-1.006482971
15.760000000,0.002479259,0.020000000,-0.020000000,-0.015859662,0.010479649,-0.021087414,0.016439387,0.026980567,-0.015903800,-0.018524467,0.027449275,-0.002518564,-0.935406478,2.472497401,-4.041323476,-0.783143471,-1.039564939,-1.005657640
15.765000000,0.002479259,0.020000000,-0.020000000,-0.015859662,0.010479649,-0.021087414,0.016436591,0.026950031,-0.015904233,-0.018524443,0.027442109,-0.002520556,-0.935119695,2.478238894,-3.995302784,-0.771115831,-1.039933036,-1.006209316
15.770000000,0.002479259,0.020000000,-0.020000000,-0.015859662,0.010479649,-0.021087414,0.016433798,0.026919348,-0.015904184,-0.018524431,0.027434904,-0.002523101,-0.934971746,2.482286226,-4.027157594,-0.779078845,-1.038849029,-1.005367882
15.775000000,0.002479259,0.020000000,-0.020000000,-0.015859662,0.010479649,-0.021087414,0.016430987,0.026888744,-0.015904169,-0.018524398,0.027427899,-0.002524954,-0.934579476,2.489997048,-4.023914089,-0.778110096,-1.039203969,-1.005973689
15.780000000,0.002479259,0.020000000,-0.020000000,-0.015859662,0.010479649,-0.021087414,0.016428196,0.026858072,-0.015903846,-0.018524361,0.027420787,-0.002527318,-0.934560149,2.501587412,-4.046528577,-0.783392603,-1.038108354,-1.005190814
15.785000000,0.002479259,0.020000000,-0.020000000,-0.015859662,0.010479649,-0.021087414,0.016425410,0.026827500,-0.015904275,-0.018524342,0.027413996,-0.002529349,-0.934292525,2.507348622,-4.000401273,-0.771335284,-1.038480542,-1.005708069
15.790000000,0.002479259,0.020000000,-0.020000000,-0.015859662,0.010479649,-0.021087414,0.016422625,0.026796778,-0.015904216,-0.018524333,0.027407138,-0.002531873,-0.934140352,2.511361945,-4.032472251,-0.779364046,-1.037456500,-1.004896334
15.795600000,0.002479259,0.020000000,-0.020000000,-0.015859662,0.010479649,-0.021087414,0.016419824,0.026766141,-0.015904210,-0.018524294,0.027400493,-0.002533718,-0.933764777,2.519039795,-4.029047249,-0.778340755,-1.037786063,-1.005474128
15.800000000,0.002479259,0.020000000,-0.020000000,-0.015859662,0.010479649,-0.021087414,0.016417041,0.026735434,-0.015903885,-0.018524258,0.027393749,-0.002536084,-0.933735207,2.530702379,-4.051677428,-0.783627385,-1.036737578,-1.004720182
15.805000000,0.002479259,0.020000000,-0.020000000,-0.015859662,0.010479649,-0.021087414,0.016414813,0.026710884,-0.015903897,-0.018524241,0.027388470,-0.002537764,-0.933573512,2.536522350,-4.052576789,-0.783642288,-1.036481517,-1.004670872
15.810000000,0.002479259,0.020000000,-0.020000000,-0.015859662,0.010479649,-0.021087414,0.016411483,0.026674055,-0.015904253,-0.018524272,0.027380598,-0.002540111,-0.933314924,2.540526606,-4.037747546,-0.779628470,-1.036093468,-1.004492096
15.815400000,0.002479259,0.020000000,-0.020000000,-0.015859662,0.010479649,-0.021087414,0.016408688,0.026643381,-0.015904232,-0.018524233,0.027374202,-0.002541779,-0.932955785,2.548188701,-4.034207743,-0.778575704,-1.036423750,-1.005015887
15.820000000,0.002479259,0.020000000,-0.020000000,-0.015859662,0.010479649,-0.021087414,0.016405912,0.026612635,-0.015903910,-0.018524199,0.027367716,-0.002544049,-0.932920034,2.559843166,-4.056776544,-0.783847828,-1.035406594,-1.004295051
15.825000000,0.002479259,0.020000000,-0.020000000,-0.015859662,0.010479649,-0.021087414,0.016403689,0.026588055,-0.015903919,-0.018524187,0.027362671,-0.002545682,-0.932762454,2.565665750,-4.057647611,-0.783855273,-1.035167024,-1.004245178
15.830000000,0.002479259,0.020000000,-0.020000000,-0.015859662,0.010479649,-0.021087414,0.016400367,0.026551181,-0.015904272,-0.018524226,0.027355141,-0.002547967,-0.932508459,2.569699995,-4.042903936,-0.779862238,-1.034799209,-1.004069383
15.835000000,0.002479259,0.020000000,-0.020000000,-0.015859662,0.010479649,-0.021087414,0.016397579,0.026520467,-0.015904248,-0.018524193,0.027348997,-0.002549543,-0.932154886,2.577379616,-4.039366307,-0.778809151,-1.035104862,-1.004576518
15.840000000,0.002479259,0.020000000,-0.020000000,-0.015859662,0.010479649,-0.021087414,0.016394809,0.026489683,-0.015903922,-0.018524173,0.027342782,-0.002551756,-0.932120953,2.589029858,-4.061885817,-0.784068446,-1.034141472,-1.003881296
15.845000000,0.002479259,0.020000000,-0.020000000,-0.015859662,0.010479649,-0.021087414,0.016392039,0.026458923,-0.015904333,-0.018524196,0.027336786,-0.002553409,-0.931880626,2.594915186,-4.016006189,-0.772065774,-1.034464776,-1.004342733
15.850000000,0.002479259,0.020000000,-0.020000000,-0.015859662,0.010479649,-0.021087414,0.016389265,0.026428031,-0.015904269,-0.018524217,0.027330762,-0.002555574,-0.931747916,2.599114825,-4.047614737,-0.779960978,-1.033578047,-1.003625037
15.855000000,0.002479259,0.020000000,-0.020000000,-0.015859662,0.010479649,-0.021087414,0.016386488,0.026397266,-0.015904246,-0.018524209,0.027324872,-0.002557194,-0.931370701,2.606647567,-4.044474336,-0.779022600,-1.033848066,-1.004142818
15.860000000,0.002479259,0.020000000,-0.020000000,-0.015859662,0.010479649,-0.021087414,0.016383719,0.026366371,-0.015903909,-0.018524216,0.027318942,-0.002559276,-0.931333718,2.618328083,-4.067000519,-0.784282718,-1.032925130,-1.003479019
15.865000000,0.002479259,0.020000000,-0.020000000,-0.015859662,0.010479649,-0.021087414,0.016380948,0.026335596,-0.015904325,-0.018524216,0.027313184,-0.002560885,-0.931054855,2.623833649,-4.021082979,-0.772285677,-1.033277609,-1.003912490
15.870000000,0.002479259,0.020000000,-0.020000000,-0.015859662,0.010479649,-0.021087414,0.016378195,0.026304708,-0.015904269,-0.018524216,0.027307423,-0.002563072,-0.930931915,2.628185242,-4.053130235,-0.780301360,-1.032357602,-1.003230522
15.875000000,0.002479259,0.020000000,-0.020000000,-0.015859662,0.010479649,-0.021087414,0.016375415,0.026273857,-0.015904256,-0.018524184,0.027301840,-0.002564628,-0.930609505,2.636056340,-4.049638979,-0.779250672,-1.032652353,-1.003720001
15.880000000,0.002479259,0.020000000,-0.020000000,-0.015859662,0.010479649,-0.021087414,0.016372656,0.026242994,-0.015903925,-0.018524175,0.027296126,-0.002566639,-0.930559040,2.647587670,-4.072098344,-0.784502078,-1.031763428,-1.003086030
15.885000000,0.002479259,0.020000000,-0.020000000,-0.015859662,0.010479649,-0.021087414,0.016369899,0.026212158,-0.015904332,-0.018524206,0.027290661,-0.002568238,-0.930338775,2.653562236,-4.026511922,-0.772569944,-1.032070082,-1.003500863
15.890000000,0.002479259,0.020000000,-0.020000000,-0.015859662,0.010479649,-0.021087414,0.016367682,0.026187433,-0.015904334,-0.018524192,0.027286315,-0.002569673,-0.930141546,2.658974152,-4.026856832,-0.772457026,-1.031892314,-1.003411158
15.895000000,0.002479259,0.020000000,-0.020000000,-0.015859662,0.010479649,-0.021087414,0.016364371,0.026150356,-0.015904256,-0.018524183,0.027279803,-0.002572052,-0.929836978,2.665278805,-4.054786618,-0.779482072,-1.031499459,-1.003301726
15.900000000,0.002479259,0.020000000,-0.020000000,-0.015859662,0.010479649,-0.021087414,0.016361612,0.026119387,-0.015903920,-0.018524193,0.027274370,-0.002574085,-0.929797447,2.676950511,-4.077211724,-0.784718232,-1.030652160,-1.002688186
15.905000000,0.002479259,0.020000000,-0.020000000,-0.015859662,0.010479649,-0.021087414,0.016358853,0.026088536,-0.015904331,-0.018524207,0.027269089,-0.002575570,-0.929535174,2.682533101,-4.031482448,-0.772764839,-1.030983450,-1.003080485
15.910000000,0.002479259,0.020000000,-0.020000000,-0.015859662,0.010479649,-0.021087414,0.016356110,0.026057571,-0.015904275,-0.018524219,0.027263801,-0.002577556,-0.929406921,2.686893401,-4.063165413,-0.780679008,-1.030128209,-1.002458380
15.915000000,0.002479259,0.020000000,-0.020000000,-0.015859662,0.010479649,-0.021087414,0.016353340,0.026026642,-0.015904244,-0.018524220,0.027258618,-0.002578889,-0.929099055,2.694855092,-4.059937629,-0.779699082,-1.030401783,-1.002913759
15.920000000,0.002479259,0.020000000,-0.020000000,-0.015859662,0.010479649,-0.021087414,0.016350590,0.025995705,-0.015903910,-0.018524227,0.027253350,-0.002580739,-0.929043696,2.706292632,-4.082298923,-0.784929603,-1.029576351,-1.002334710
15.925000000,0.002479259,0.020000000,-0.020000000,-0.015859662,0.010479649,-0.021087414,0.016348385,0.025970907,-0.015903908,-0.018524248,0.027249318,-0.002582067,-0.928899304,2.712194072,-4.083188163,-0.784937703,-1.029389644,-1.002291398
15.930000000,0.002479259,0.020000000,-0.020000000,-0.015859662,0.010479649,-0.021087414,0.016345632,0.025940016,-0.015904318,-0.018524244,0.027244330,-0.002583437,-0.928645795,2.717822324,-4.037712906,-0.773048000,-1.029703801,-1.002632568
15.935000000,0.002479259,0.020000000,-0.020000000,-0.015859662,0.010479649,-0.021087414,0.016342886,0.025908950,-0.015904263,-0.018524271,0.027239353,-0.002585273,-0.928543091,2.722354807,-4.069378854,-0.780952276,-1.028902276,-1.002042353
15.940000000,0.002479259,0.020000000,-0.020000000,-0.015859662,0.010479649,-0.021087414,0.016339582,0.025871807,-0.015903899,-0.018524259,0.027233345,-0.002587132,-0.928302656,2.735675245,-4.087340299,-0.785130531,-1.028554903,-1.002028071
15.945000000,0.002479259,0.020000000,-0.020000000,-0.015859662,0.010479649,-0.021087414,0.016337381,0.025846978,-0.015903895,-0.018524284,0.027229443,-0.002588245,-0.928160104,2.741602791,-4.088274659,-0.785148476,-1.028375169,-1.001958520
15.950000000,0.002479259,0.020000000,-0.020000000,-0.015859662,0.010479649,-0.021087414,0.016334085,0.025809716,-0.015904252,-0.018524303,0.027223766,-0.002590052,-0.927962916,2.745952439,-4.073103612,-0.781023490,-1.028139300,-1.001804195
15.955000000,0.002479259,0.020000000,-0.020000000,-0.015859662,0.010479649,-0.021087414,0.016331886,0.025784875,-0.015904256,-0.018524325,0.027219977,-0.002591203,-0.927812507,2.751839309,-4.074726185,-0.781229090,-1.027930093,-1.001753365
15.960000000,0.002479259,0.020000000,-0.020000000,-0.015859662,0.010479649,-0.021087414,0.016328584,0.025747618,-0.015903886,-0.018524309,0.027214264,-0.002592798,-0.927576298,2.765185538,-4.092509373,-0.785359959,-1.027591664,-1.001719043
15.965000000,0.002479259,0.020000000,-0.020000000,-0.015859662,0.010479649,-0.021087414,0.016325833,0.025716585,-0.015904291,-0.018524331,0.027209653,-0.002594004,-0.927341170,2.770899706,-4.046967537,-0.773447168,-1.027915989,-1.002029075
15.970000000,0.002479259,0.020000000,-0.020000000,-0.015859662,0.010479649,-0.021087414,0.016323094,0.025685452,-0.015904224,-0.018524382,0.027205052,-0.002595768,-0.927233455,2.775423084,-4.078657116,-0.781357742,-1.027168209,-1.001477521
15.975200000,0.002479259,0.020000000,-0.020000000,-0.015859662,0.010479649,-0.021087414,0.016320342,0.025654396,-0.015904200,-0.018524360,0.027200564,-0.002597019,-0.926926929,2.783177727,-4.075311111,-0.780352730,-1.027400916,-1.001880126
15.980000000,0.002479259,0.020000000,-0.020000000,-0.015859662,0.010479649,-0.021087414,0.016317601,0.025623281,-0.015903871,-0.018524345,0.027196041,-0.002598684,-0.926861205,2.794728641,-4.097721958,-0.785599601,-1.026678738,-1.001368934
15.985000000,0.002479259,0.020000000,-0.020000000,-0.015859662,0.010479649,-0.021087414,0.016314855,0.025592209,-0.015904269,-0.018524385,0.027191680,-0.002599975,-0.926630207,2.800454267,-4.052276576,-0.773710462,-1.026983270,-1.001689616
15.990000000,0.002479259,0.020000000,-0.020000000,-0.015859662,0.010479649,-0.021087414,0.016312661,0.025567314,-0.015904256,-0.018524405,0.027188166,-0.002601139,-0.926486581,2.806303597,-4.052872015,-0.773644772,-1.026797740,-1.001623373
15.995000000,0.002479259,0.020000000,-0.020000000,-0.015859662,0.010479649,-0.021087414,0.016309370,0.025529943,-0.015904171,-0.018524445,0.027182949,-0.002603049,-0.926217568,2.812750724,-4.080464668,-0.780574092,-1.026484442,-1.001539102
16.000000000,0.002479259,0.020000000,-0.020000000,-0.015859662,0.010479649,-0.021087414,0.016307177,0.025505037,-0.015904170,-0.018524440,0.027179529,-0.002604319,-0.926082359,2.818660820,-4.081498728,-0.780620606,-1.026318551,-1.001465155
16.005000000,0.002479259,0.020000000,-0.020000000,-0.015859662,0.010479649,-0.021087414,0.016303889,0.025467684,-0.015904239,-0.018524466,0.027174446,-0.002606196,-0.925925354,2.829986995,-4.057125818,-0.773854646,-1.026087237,-1.001336495
16.010000000,0.002479259,0.020000000,-0.020000000,-0.015859662,0.010479649,-0.021087414,0.016301698,0.025442763,-0.015904235,-0.018524471,0.027171095,-0.002607429,-0.925785582,2.835906224,-4.058083474,-0.773880945,-1.025909335,-1.001267183
16.015000000,0.002479259,0.020000000,-0.020000000,-0.015859662,0.010479649,-0.021087414,0.016298412,0.025405349,-0.015904158,-0.018524488,0.027166146,-0.002609289,-0.925520216,2.842340375,-4.085622578,-0.780798713,-1.025606168,-1.001187081
16.020000000,0.002479259,0.020000000,-0.020000000,-0.015859662,0.010479649,-0.021087414,0.016296221,0.025380410,-0.015904144,-0.018524518,0.027162849,-0.002610479,-0.925383018,2.848268861,-4.086643412,-0.780838932,-1.025439991,-1.001119191
16.025000000,0.002479259,0.020000000,-0.020000000,-0.015859662,0.010479649,-0.021087414,0.016292936,0.025343016,-0.015904222,-0.018524516,0.027157981,-0.002612253,-0.925230161,2.859623490,-4.062501879,-0.774134375,-1.025228330,-1.000994043
16.030000000,0.002479259,0.020000000,-0.020000000,-0.015859662,0.010479649,-0.021087414,0.016290206,0.025311767,-0.015904162,-0.018524593,0.027153944,-0.002613875,-0.925117535,2.864169019,-4.094363015,-0.782092046,-1.024561557,-1.000512391
16.035000000,0.002479259,0.020000000,-0.020000000,-0.015859662,0.010479649,-0.021087414,0.016287464,0.025280599,-0.015904119,-0.018524599,0.027149992,-0.002614975,-0.924830837,2.871965427,-4.090736112,-0.781006653,-1.024759729,-1.000866582
16.040000000,0.002479259,0.020000000,-0.020000000,-0.015859662,0.010479649,-0.021087414,0.016284731,0.025249369,-0.015903788,-0.018524591,0.027145987,-0.002616404,-0.924759291,2.883475905,-4.112982112,-0.786215673,-1.024118559,-1.000427067
16.045000000,0.002479259,0.020000000,-0.020000000,-0.015859662,0.010479649,-0.021087414,0.016282543,0.025224390,-0.015903776,-0.018524628,0.027142889,-0.002617440,-0.924623537,2.889400775,-4.113844638,-0.786216122,-1.023968521,-1.000394159
16.050000000,0.002479259,0.020000000,-0.020000000,-0.015859662,0.010479649,-0.021087414,0.016279266,0.025186903,-0.015904132,-0.018524677,0.027138311,-0.002618905,-0.924432146,2.893860778,-4.099459053,-0.782295605,-1.023778714,-1.000258550
16.055000000,0.002479259,0.020000000,-0.020000000,-0.015859662,0.010479649,-0.021087414,0.016276526,0.025155699,-0.015904100,-0.018524661,0.027134548,-0.002619949,-0.924152247,2.901626416,-4.095901533,-0.781233298,-1.023964768,-1.000582957
16.060000000,0.002479259,0.020000000,-0.020000000,-0.015859662,0.010479649,-0.021087414,0.016273795,0.025124430,-0.015903753,-0.018524683,0.027130733,-0.002621348,-0.924077929,2.913142040,-4.118105328,-0.786430057,-1.023348700,-1.000161257
16.065000000,0.002479259,0.020000000,-0.020000000,-0.015859662,0.010479649,-0.021087414,0.016271609,0.025099421,-0.015903750,-0.018524714,0.027127783,-0.002622391,-0.923943909,2.919091952,-4.119094698,-0.786462975,-1.023206057,-1.000126126
16.070000000,0.002479259,0.020000000,-0.020000000,-0.015859662,0.010479649,-0.021087414,0.016268335,0.025061892,-0.015904121,-0.018524740,0.027123429,-0.002623842,-0.923753692,2.923554658,-4.104887095,-0.782593052,-1.023029845,-0.999991030
16.075000000,0.002479259,0.020000000,-0.020000000,-0.015859662,0.010479649,-0.021087414,0.016265597,0.025030649,-0.015904060,-0.018524754,0.027119843,-0.002624864,-0.923480377,2.931327112,-4.101074850,-0.781459897,-1.023205578,-1.000303732
16.080000000,0.002479259,0.020000000,-0.020000000,-0.015859662,0.010479649,-0.021087414,0.016262868,0.024999342,-0.015903723,-0.018524770,0.027116200,-0.002626240,-0.923404674,2.942833576,-4.123222996,-0.786643447,-1.022613595,-0.999898872
16.085000000,0.002479259,0.020000000,-0.020000000,-0.015859662,0.010479649,-0.021087414,0.016260136,0.024968084,-0.015904129,-0.018524780,0.027112834,-0.002627437,-0.923205155,2.948759373,-4.078315812,-0.774886402,-1.022905954,-1.000124080
16.090000000,0.002479259,0.020000000,-0.020000000,-0.015859662,0.010479649,-0.021087414,0.016257412,0.024936723,-0.015904060,-0.018524849,0.027109346,-0.002628856,-0.923083636,2.953226228,-4.109606417,-0.782699741,-1.022299791,-0.999708932
16.095200000,0.002479259,0.020000000,-0.020000000,-0.015859662,0.010479649,-0.021087414,0.016254677,0.024905445,-0.015904038,-0.018524832,0.027105891,-0.002629877,-0.922816670,2.961064164,-4.106234534,-0.781682546,-1.022479404,-1.000020379
16.100000000,0.002479259,0.020000000,-0.020000000,-0.015859662,0.010479649,-0.021087414,0.016251950,0.024874102,-0.015903696,-0.018524847,0.027102407,-0.002631177,-0.922739314,2.972566104,-4.128364110,-0.786862917,-1.021912368,-0.999635542
16.105000000,0.002479259,0.020000000,-0.020000000,-0.015859662,0.010479649,-0.021087414,0.016249766,0.024849034,-0.015903694,-0.018524872,0.027099718,-0.002632161,-0.922607946,2.978528158,-4.129349164,-0.786895098,-1.021780899,-0.999601806
16.110000000,0.002479259,0.020000000,-0.020000000,-0.015859662,0.010479649,-0.021087414,0.016246496,0.024811413,-0.015904051,-0.018524920,0.027095752,-0.002633530,-0.922421096,2.983038666,-4.115132666,-0.783018453,-1.021624966,-0.999469383
16.115000000,0.002479259,0.020000000,-0.020000000,-0.015859662,0.010479649,-0.021087414,0.016243762,0.024780096,-0.015904000,-0.018524926,0.027092492,-0.002634500,-0.922161020,2.990834032,-4.111412151,-0.781909446,-1.021791260,-0.999757113
16.120000000,0.002479259,0.020000000,-0.020000000,-0.015859662,0.010479649,-0.021087414,0.016241036,0.024748716,-0.015903661,-0.018524944,0.027089186,-0.002635802,-0.922081610,3.002333857,-4.133495127,-0.787078263,-1.021245239,-0.999387248
16.125000000,0.002479259,0.020000000,-0.020000000,-0.015859662,0.010479649,-0.021087414,0.016238306,0.024717385,-0.015904060,-0.018524970,0.027086032,-0.002636840,-0.921884921,3.008324007,-4.088790800,-0.775369754,-1.021508141,-0.999590382
16.130000000,0.002479259,0.020000000,-0.020000000,-0.015859662,0.010479649,-0.021087414,0.016236125,0.024692282,-0.015904056,-0.018524974,0.027083499,-0.002637780,-0.921753104,3.014228068,-4.089406908,-0.775310268,-1.021372832,-0.999535651
16.135000000,0.002479259,0.020000000,-0.020000000,-0.015859662,0.010479649,-0.021087414,0.016232852,0.024654597,-0.015903973,-0.018525014,0.027079742,-0.002639301,-0.921512216,3.020649804,-4.116574830,-0.782130707,-1.021135686,-0.999484181
16.140000000,0.002479259,0.020000000,-0.020000000,-0.015859662,0.010479649,-0.021087414,0.016230127,0.024623180,-0.015903638,-0.018525014,0.027076600,-0.002640639,-0.921429922,3.032131370,-4.138642840,-0.787299294,-1.020604391,-0.999129527
16.145000000,0.002479259,0.020000000,-0.020000000,-0.015859662,0.010479649,-0.021087414,0.016227398,0.024591814,-0.015904033,-0.018525039,0.027073624,-0.002641717,-0.921238240,3.038143726,-4.093911218,-0.775582848,-1.020865883,-0.999309120
16.150000000,0.002479259,0.020000000,-0.020000000,-0.015859662,0.010479649,-0.021087414,0.016224678,0.024560344,-0.015903974,-0.018525091,0.027070609,-0.002643022,-0.921115930,3.042617731,-4.125259027,-0.783414071,-1.020335818,-0.998947847
16.155000000,0.002479259,0.020000000,-0.020000000,-0.015859662,0.010479649,-0.021087414,0.016221947,0.024528952,-0.015903950,-0.018525082,0.027067629,-0.002643962,-0.920868268,3.050484955,-4.121769541,-0.782362912,-1.020499794,-0.999222395
16.160000000,0.002479259,0.020000000,-0.020000000,-0.015859662,0.010479649,-0.021087414,0.016219222,0.024497501,-0.015903618,-0.018525076,0.027064633,-0.002645188,-0.920786129,3.061977699,-4.143866143,-0.787539984,-1.019998954,-0.998886341
16.165000000,0.002479259,0.020000000,-0.020000000,-0.015859662,0.010479649,-0.021087414,0.016216494,0.024466096,-0.015904012,-0.018525098,0.027061772,-0.002646162,-0.920594678,3.068028860,-4.099324621,-0.775871108,-1.020243901,-0.999056652
16.170000000,0.002479259,0.020000000,-0.020000000,-0.015859662,0.010479649,-0.021087414,0.016213774,0.024434589,-0.015903958,-0.018525145,0.027058888,-0.002647432,-0.920473480,3.072486461,-4.130539901,-0.783670415,-1.019743004,-0.998709791
16.175000000,0.002479259,0.020000000,-0.020000000,-0.015859662,0.010479649,-0.021087414,0.016211044,0.024403159,-0.015903931,-0.018525136,0.027056044,-0.002648347,-0.920231124,3.080361491,-4.126981785,-0.782600295,-1.019899418,-0.998974421
16.180000000,0.002479259,0.020000000,-0.020000000,-0.015859662,0.010479649,-0.021087414,0.016208864,0.024377988,-0.015903930,-0.018525141,0.027053776,-0.002649194,-0.920106399,3.086354879,-4.128018550,-0.782645533,-1.019794078,-0.998924103
16.185000000,0.002479259,0.020000000,-0.020000000,-0.015859662,0.010479649,-0.021087414,0.016205592,0.024340235,-0.015903993,-0.018525149,0.027050456,-0.002650621,-0.919957561,3.097870301,-4.104235054,-0.776032279,-1.019662229,-0.998790128
16.190000000,0.002479259,0.020000000,-0.020000000,-0.015859662,0.010479649,-0.021087414,0.016202872,0.024308693,-0.015903945,-0.018525193,0.027047716,-0.002651936,-0.919836522,3.102387051,-4.135826389,-0.783928089,-1.019174358,-0.998468442
16.195000000,0.002479259,0.020000000,-0.020000000,-0.015859662,0.010479649,-0.021087414,0.016200142,0.024277227,-0.015903916,-0.018525186,0.027045019,-0.002652833,-0.919601012,3.110275822,-4.132180805,-0.782832623,-1.019328567,-0.998720774
16.200000000,0.002479259,0.020000000,-0.020000000,-0.015859662,0.010479649,-0.021087414,0.016197418,0.024245699,-0.015903580,-0.018525187,0.027042289,-0.002653983,-0.919515126,3.121756113,-4.154221723,-0.787998221,-1.018862554,-0.998418427
16.205000000,0.002479259,0.020000000,-0.020000000,-0.015859662,0.010479649,-0.021087414,0.016194691,0.024214220,-0.015903977,-0.018525203,0.027039701,-0.002654989,-0.919328435,3.127877849,-4.109878740,-0.776377049,-1.019101700,-0.998542074
16.210000000,0.002479259,0.020000000,-0.020000000,-0.015859662,0.010479649,-0.021087414,0.016192511,0.024188997,-0.015903972,-0.018525211,0.027037621,-0.002655839,-0.919201832,3.133806821,-4.110469131,-0.776310310,-1.018986599,-0.998491997
16.215000000,0.002479259,0.020000000,-0.020000000,-0.015859662,0.010479649,-0.021087414,0.016189790,0.024157407,-0.015903925,-0.018525263,0.027034992,-0.002657048,-0.919079635,3.138321706,-4.142196026,-0.784242651,-1.018524251,-0.998195520
16.220000000,0.002479259,0.020000000,-0.020000000,-0.015859662,0.010479649,-0.021087414,0.016186518,0.024119566,-0.015903559,-0.018525247,0.027031857,-0.002658156,-0.918888134,3.151635144,-4.159350713,-0.788216962,-1.018329436,-0.998221816
16.225000000,0.002479259,0.020000000,-0.020000000,-0.015859662,0.010479649,-0.021087414,0.016183790,0.024088055,-0.015903953,-0.018525263,0.027029373,-0.002659027,-0.918703428,3.157853192,-4.115159369,-0.776630178,-1.018568465,-0.998306550
16.230000000,0.002479259,0.020000000,-0.020000000,-0.015859662,0.010479649,-0.021087414,0.016181069,0.024056435,-0.015903912,-0.018525304,0.027026903,-0.002660244,-0.918580358,3.162299300,-4.146390872,-0.784438798,-1.018119011,-0.998020730
16.235200000,0.002479259,0.020000000,-0.020000000,-0.015859662,0.010479649,-0.021087414,0.016178339,0.024024893,-0.015903873,-0.018525297,0.027024479,-0.002661150,-0.918354944,3.170206367,-4.142663530,-0.783321184,-1.018268005,-0.998250975
16.240000000,0.002479259,0.020000000,-0.020000000,-0.015859662,0.010479649,-0.021087414,0.016175615,0.023993292,-0.015903542,-0.018525298,0.027021999,-0.002662211,-0.918267037,3.181679758,-4.164600272,-0.788460563,-1.017830100,-0.997981379
16.245000000,0.002479259,0.020000000,-0.020000000,-0.015859662,0.010479649,-0.021087414,0.016172886,0.023961738,-0.015903937,-0.018525316,0.027019662,-0.002663170,-0.918085115,3.187864965,-4.120431330,-0.776880763,-1.018065280,-0.998065728
16.250000000,0.002479259,0.020000000,-0.020000000,-0.015859662,0.010479649,-0.021087414,0.016170165,0.023930083,-0.015903892,-0.018525352,0.027017307,-0.002664348,-0.917960838,3.192313753,-4.151645147,-0.784685728,-1.017627071,-0.997802225
16.255000000,0.002479259,0.020000000,-0.020000000,-0.015859662,0.010479649,-0.021087414,0.016167434,0.023898504,-0.015903856,-0.018525347,0.027015026,-0.002665256,-0.917740694,3.200225573,-4.147893544,-0.783560916,-1.017775741,-0.998019484
16.260000000,0.002479259,0.020000000,-0.020000000,-0.015859662,0.010479649,-0.021087414,0.016164709,0.023866864,-0.015903525,-0.018525350,0.027012661,-0.002666289,-0.917651393,3.211697317,-4.169822634,-0.788699579,-1.017353821,-0.997765076
16.265000000,0.002479259,0.020000000,-0.020000000,-0.015859662,0.010479649,-0.021087414,0.016161980,0.023835276,-0.015903916,-0.018525368,0.027010439,-0.002667235,-0.917471877,3.217896592,-4.125600794,-0.777105156,-1.017586962,-0.997829891
16.270000000,0.002479259,0.020000000,-0.020000000,-0.015859662,0.010479649,-0.021087414,0.016159797,0.023809962,-0.015903912,-0.018525379,0.027008711,-0.002668110,-0.917349896,3.223868779,-4.126341035,-0.777075451,-1.017493886,-0.997777027
16.275000000,0.002479259,0.020000000,-0.020000000,-0.015859662,0.010479649,-0.021087414,0.016156525,0.023771962,-0.015903837,-0.018525398,0.027006098,-0.002669429,-0.917132717,3.230286150,-4.153152766,-0.783808227,-1.017320727,-0.997783101
16.280000000,0.002479259,0.020000000,-0.020000000,-0.015859662,0.010479649,-0.021087414,0.016153800,0.023740283,-0.015903508,-0.018525402,0.027003871,-0.002670524,-0.917041196,3.241754567,-4.175051666,-0.788939187,-1.016903518,-0.997541388
16.285000000,0.002479259,0.020000000,-0.020000000,-0.015859662,0.010479649,-0.021087414,0.016151068,0.023708654,-0.015903897,-0.018525423,0.027001820,-0.002671509,-0.916864792,3.247998558,-4.131044221,-0.777397483,-1.017142456,-0.997581317
16.290000000,0.002479259,0.020000000,-0.020000000,-0.015859662,0.010479649,-0.021087414,0.016148344,0.023676923,-0.015903860,-0.018525454,0.026999747,-0.002672684,-0.916738419,3.252441827,-4.162218393,-0.785194978,-1.016728894,-0.997357771
16.295000000,0.002479259,0.020000000,-0.020000000,-0.015859662,0.010479649,-0.021087414,0.016145612,0.023645267,-0.015903820,-0.018525455,0.026997661,-0.002673517,-0.916528346,3.260373519,-4.158375523,-0.784043717,-1.016874194,-0.997554964
16.300000000,0.002479259,0.020000000,-0.020000000,-0.015859662,0.010479649,-0.021087414,0.016143430,0.023619912,-0.015903814,-0.018525468,0.026996000,-0.002674265,-0.916407761,3.266405731,-4.159439554,-0.784096179,-1.016796573,-0.997510570
16.305000000,0.002479259,0.020000000,-0.020000000,-0.015859662,0.010479649,-0.021087414,0.016140101,0.023581918,-0.015903969,-0.018525112,0.026995000,-0.002675075,-0.916226920,3.274057648,-4.141827935,-0.779255431,-1.016896671,-0.997362892
16.310200000,0.002479259,0.020000000,-0.020000000,-0.015859662,0.010479649,-0.021087414,0.016137361,0.023550436,-0.015903596,-0.018525057,0.026993296,-0.002676761,-0.916143473,3.286057911,-4.182326872,-0.789216734,-1.016372480,-0.997220012
16.315000000,0.002479259,0.020000000,-0.020000000,-0.015859662,0.010479649,-0.021087414,0.016134655,0.023518967,-0.015903960,-0.018525039,0.026991068,-0.002677525,-0.916034406,3.293663506,-4.141869648,-0.778541771,-1.016455569,-0.997325830
16.320000000,0.002479259,0.020000000,-0.020000000,-0.015859662,0.010479649,-0.021087414,0.016131937,0.023487366,-0.015903623,-0.018525011,0.026988745,-0.002678164,-0.915817145,3.300431625,-4.185393384,-0.789484535,-1.016093247,-0.997153200
16.325000000,0.002479259,0.020000000,-0.020000000,-0.015859662,0.010479649,-0.021087414,0.016129198,0.023456440,-0.015903872,-0.018524978,0.026986564,-0.002678902,-0.915314324,3.260520556,-4.160104727,-0.784577769,-1.016309898,-0.997098465
16.330000000,0.002479259,0.020000000,-0.020000000,-0.015859662,0.010479649,-0.021087414,0.016126514,0.023424283,-0.015903646,-0.018524965,0.026984317,-0.002679532,-0.915526904,3.316595160,-4.188892932,-0.789798737,-1.015849176,-0.997095129
16.335000000,0.002479259,0.020000000,-0.020000000,-0.015859662,0.010479649,-0.021087414,0.016123787,0.023392750,-0.015903917,-0.018524937,0.026982115,-0.002680053,-0.915310094,3.320125745,-4.169820396,-0.784872986,-1.016058635,-0.997193178
16.340000000,0.002479259,0.020000000,-0.020000000,-0.015859662,0.010479649,-0.021087414,0.016121078,0.023361349,-0.015903662,-0.018524924,0.026980026,-0.002681040,-0.915413996,3.339226138,-4.194243943,-0.790357004,-1.015639260,-0.997027420
16.345000000,0.002479259,0.020000000,-0.020000000,-0.015859662,0.010479649,-0.021087414,0.016118355,0.023329619,-0.015903946,-0.018524902,0.026978004,-0.002681805,-0.914999333,3.334713341,-4.172259516,-0.784961727,-1.015853675,-0.997090178
16.350000000,0.002479259,0.020000000,-0.020000000,-0.015859662,0.010479649,-0.021087414,0.016115630,0.023298015,-0.015903908,-0.018524892,0.026976014,-0.002682778,-0.914939600,3.343507043,-4.179532836,-0.786361035,-1.015464446,-0.996834253
16.355000000,0.002479259,0.020000000,-0.020000000,-0.015859662,0.010479649,-0.021087414,0.016113445,0.023273259,-0.015903961,-0.018524886,0.026974472,-0.002683645,-0.914978202,3.358186035,-4.172330247,-0.783880253,-1.015452334,-0.996745754
16.360000000,0.002479259,0.020000000,-0.020000000,-0.015859662,0.010479649,-0.021087414,0.016110196,0.023234892,-0.015903935,-0.018524858,0.026972028,-0.002684283,-0.914625446,3.357705705,-4.181855728,-0.786442426,-1.015246208,-0.996777368
16.365000000,0.002479259,0.020000000,-0.020000000,-0.015859662,0.010479649,-0.021087414,0.016107474,0.023203588,-0.015904003,-0.018524831,0.026970052,-0.002684945,-0.914654172,3.377920825,-4.179180040,-0.785142477,-1.015440792,-0.996933006
16.370000000,0.002479259,0.020000000,-0.020000000,-0.015859662,0.010479649,-0.021087414,0.016105310,0.023178103,-0.015904047,-0.018524817,0.026968482,-0.002685532,-0.914416784,3.374305926,-4.156195715,-0.779295727,-1.015310805,-0.996853888
16.375000000,0.002479259,0.020000000,-0.020000000,-0.015859662,0.010479649,-0.021087414,0.016102033,0.023140078,-0.015904031,-0.018524785,0.026966203,-0.002686513,-0.914130247,3.379084402,-4.158073636,-0.779611762,-1.015231320,-0.996779465
16.380000000,0.002479259,0.020000000,-0.020000000,-0.015859662,0.010479649,-0.021087414,0.016099328,0.023108556,-0.015903990,-0.018524781,0.026964322,-0.002687519,-0.914092219,3.390503126,-4.186802100,-0.786523075,-1.014849709,-0.996606786
16.385000000,0.002479259,0.020000000,-0.020000000,-0.015859662,0.010479649,-0.021087414,0.016096595,0.023076898,-0.015904058,-0.018524754,0.026962480,-0.002688156,-0.913817431,3.393319895,-4.160675942,-0.779762484,-1.015041761,-0.996685566
16.390000000,0.002479259,0.020000000,-0.020000000,-0.015859662,0.010479649,-0.021087414,0.016093863,0.023045772,-0.015904007,-0.018524747,0.026960672,-0.002689207,-0.913900854,3.411859648,-4.181875157,-0.784385198,-1.014751066,-0.996441096
16.395000000,0.002479259,0.020000000,-0.020000000,-0.015859662,0.010479649,-0.021087414,0.016091160,0.023013668,-0.015904081,-0.018524720,0.026958812,-0.002689692,-0.913515096,3.408539562,-4.162915991,-0.779783865,-1.014826142,-0.996608108
16.400000000,0.002479259,0.020000000,-0.020000000,-0.015859662,0.010479649,-0.021087414,0.016088982,0.022988395,-0.015904018,-0.018524700,0.026957318,-0.002690207,-0.913391133,3.415694882,-4.186661203,-0.785724347,-1.014763904,-0.996617307
16.405000000,0.002479259,0.020000000,-0.020000000,-0.015859662,0.010479649,-0.021087414,0.016085720,0.022950514,-0.015904098,-0.018524690,0.026955193,-0.002691259,-0.913354503,3.428165496,-4.165830670,-0.779816179,-1.014625263,-0.996522567
16.410000000,0.002479259,0.020000000,-0.020000000,-0.015859662,0.010479649,-0.021087414,0.016082992,0.022918821,-0.015903757,-0.018524668,0.026953451,-0.002692111,-0.913129274,3.435419863,-4.209233668,-0.790711132,-1.014338190,-0.996397170
16.415200000,0.002479259,0.020000000,-0.020000000,-0.015859662,0.010479649,-0.021087414,0.016080244,0.022887781,-0.015904004,-0.018524646,0.026951822,-0.002693062,-0.912629687,3.395305483,-4.183986767,-0.785818265,-1.014553497,-0.996258492
16.420000000,0.002479259,0.020000000,-0.020000000,-0.015859662,0.010479649,-0.021087414,0.016077552,0.022855565,-0.015903777,-0.018524642,0.026950095,-0.002693758,-0.912849919,3.451402262,-4.212725247,-0.791029897,-1.014127065,-0.996337161
16.425400000,0.002479259,0.020000000,-0.020000000,-0.015859662,0.010479649,-0.021087414,0.016074817,0.022823931,-0.015904042,-0.018524623,0.026948376,-0.002694365,-0.912645821,3.455302420,-4.193762769,-0.786115635,-1.014329800,-0.996379740
16.430000000,0.002479259,0.020000000,-0.020000000,-0.015859662,0.010479649,-0.021087414,0.016072097,0.022792448,-0.015903783,-0.018524618,0.026946804,-0.002695429,-0.912756541,3.473750118,-4.217977299,-0.791572627,-1.013961653,-0.996264140
16.435000000,0.002479259,0.020000000,-0.020000000,-0.015859662,0.010479649,-0.021087414,0.016069366,0.022760632,-0.015904065,-0.018524605,0.026945255,-0.002696262,-0.912339668,3.469816071,-4.196175220,-0.786199765,-1.014165350,-0.996268043
16.440000000,0.002479259,0.020000000,-0.020000000,-0.015859662,0.010479649,-0.021087414,0.016067178,0.022735281,-0.015904119,-0.018524601,0.026944064,-0.002697053,-0.912232011,3.474475873,-4.175126351,-0.780527212,-1.014098889,-0.996168648
16.445000000,0.002479259,0.020000000,-0.020000000,-0.015859662,0.010479649,-0.021087414,0.016063916,0.022697325,-0.015904083,-0.018524586,0.026942188,-0.002698130,-0.912088379,3.486601661,-4.198927808,-0.786286032,-1.013953912,-0.996181115
16.450000000,0.002479259,0.020000000,-0.020000000,-0.015859662,0.010479649,-0.021087414,0.016061183,0.022665636,-0.015904043,-0.018524586,0.026940556,-0.002698895,-0.911971154,3.492934900,-4.205664870,-0.787647555,-1.013663005,-0.995973052
16.455000000,0.002479259,0.020000000,-0.020000000,-0.015859662,0.010479649,-0.021087414,0.016058449,0.022634251,-0.015904107,-0.018524570,0.026939073,-0.002699733,-0.912015602,3.512427329,-4.202982560,-0.786371925,-1.013845240,-0.996104761
16.460000000,0.002479259,0.020000000,-0.020000000,-0.015859662,0.010479649,-0.021087414,0.016055735,0.022602313,-0.015904067,-0.018524573,0.026937476,-0.002700452,-0.911664307,3.507531263,-4.207883262,-0.787684478,-1.013499940,-0.995890654
16.465000000,0.002479259,0.020000000,-0.020000000,-0.015859662,0.010479649,-0.021087414,0.016052996,0.022570578,-0.015904128,-0.018524548,0.026935987,-0.002701108,-0.911494458,3.514469920,-4.182570166,-0.780988433,-1.013662501,-0.995950260
16.470000000,0.002479259,0.020000000,-0.020000000,-0.015859662,0.010479649,-0.021087414,0.016050284,0.022539015,-0.015904082,-0.018524559,0.026934476,-0.002701977,-0.911459248,3.525169447,-4.210578112,-0.787740595,-1.013318875,-0.995837008
16.475000000,0.002479259,0.020000000,-0.020000000,-0.015859662,0.010479649,-0.021087414,0.016047544,0.022507280,-0.015904142,-0.018524539,0.026933000,-0.002702585,-0.911185571,3.528662639,-4.184821292,-0.781049547,-1.013515853,-0.995861046
16.480000000,0.002479259,0.020000000,-0.020000000,-0.015859662,0.010479649,-0.021087414,0.016045358,0.022481943,-0.015904076,-0.018524528,0.026931852,-0.002703187,-0.911079039,3.536547377,-4.208133164,-0.786856442,-1.013453442,-0.995886012
16.485000000,0.002479259,0.020000000,-0.020000000,-0.015859662,0.010479649,-0.021087414,0.016042094,0.022443943,-0.015904159,-0.018524528,0.026930070,-0.002704080,-0.910889641,3.543599842,-4.187039668,-0.781074756,-1.013341006,-0.995781797
16.490000000,0.002479259,0.020000000,-0.020000000,-0.015859662,0.010479649,-0.021087414,0.016039358,0.022412244,-0.015903818,-0.018524514,0.026928597,-0.002704759,-0.910821842,3.556403975,-4.229902600,-0.791626373,-1.013059127,-0.995739009
16.495000000,0.002479259,0.020000000,-0.020000000,-0.015859662,0.010479649,-0.021087414,0.016036636,0.022380663,-0.015904171,-0.018524523,0.026927229,-0.002705591,-0.910750118,3.562709855,-4.189985872,-0.781132892,-1.013167753,-0.995700985
16.500000000,0.002479259,0.020000000,-0.020000000,-0.015859662,0.010479649,-0.021087414,0.016033898,0.022348918,-0.015903825,-0.018524513,0.026925864,-0.002706360,-0.910512461,3.570722096,-4.233016259,-0.791905942,-1.012927011,-0.995640665
16.505000000,0.002479259,0.020000000,-0.020000000,-0.015859662,0.010479649,-0.021087414,0.016031140,0.022317795,-0.015904065,-0.018524500,0.026924580,-0.002707269,-0.910014150,3.530433775,-4.207810436,-0.787026411,-1.013138969,-0.995442654
16.510000000,0.002479259,0.020000000,-0.020000000,-0.015859662,0.010479649,-0.021087414,0.016028440,0.022285567,-0.015903836,-0.018524507,0.026923182,-0.002707855,-0.910240323,3.586361183,-4.236444675,-0.792220576,-1.012741394,-0.995591128
16.515000000,0.002479259,0.020000000,-0.020000000,-0.015859662,0.010479649,-0.021087414,0.016025701,0.022253857,-0.015904095,-0.018524498,0.026921729,-0.002708292,-0.910044169,3.590782290,-4.217639927,-0.787325254,-1.012928080,-0.995597549
16.520000000,0.002479259,0.020000000,-0.020000000,-0.015859662,0.010479649,-0.021087414,0.016022972,0.022222347,-0.015903835,-0.018524505,0.026920471,-0.002709221,-0.910157936,3.608054691,-4.241502627,-0.792735840,-1.012607939,-0.995516399
16.525000000,0.002479259,0.020000000,-0.020000000,-0.015859662,0.010479649,-0.021087414,0.016020232,0.022190515,-0.015904111,-0.018524500,0.026919231,-0.002710018,-0.909739751,3.605124601,-4.220009125,-0.787403397,-1.012807191,-0.995483962
16.530000000,0.002479259,0.020000000,-0.020000000,-0.015859662,0.010479649,-0.021087414,0.016017487,0.022158719,-0.015904065,-0.018524511,0.026918033,-0.002710929,-0.909680716,3.614219744,-4.227289817,-0.788796876,-1.012519542,-0.995337294
16.535000000,0.002479259,0.020000000,-0.020000000,-0.015859662,0.010479649,-0.021087414,0.016014764,0.022127159,-0.015904125,-0.018524505,0.026916804,-0.002711713,-0.909503990,3.621314865,-4.222628303,-0.787475879,-1.012630731,-0.995417115
16.540000000,0.002479259,0.020000000,-0.020000000,-0.015859662,0.010479649,-0.021087414,0.016012018,0.022095436,-0.015904077,-0.018524516,0.026915535,-0.002712428,-0.909378393,3.628287962,-4.229467347,-0.788842095,-1.012388956,-0.995256268
16.545000000,0.002479259,0.020000000,-0.020000000,-0.015859662,0.010479649,-0.021087414,0.016009273,0.022064063,-0.015904135,-0.018524511,0.026914389,-0.002713220,-0.909410911,3.646339571,-4.226575534,-0.787563320,-1.012599318,-0.995350249
16.550000000,0.002479259,0.020000000,-0.020000000,-0.015859662,0.010479649,-0.021087414,0.016006548,0.022032217,-0.015904088,-0.018524524,0.026913125,-0.002713886,-0.909075094,3.642635280,-4.231900137,-0.788951804,-1.012258498,-0.995175529
16.555000000,0.002479259,0.020000000,-0.020000000,-0.015859662,0.010479649,-0.021087414,0.016003799,0.022000546,-0.015904149,-0.018524513,0.026911950,-0.002714500,-0.908915675,3.649340918,-4.206592124,-0.782255121,-1.012410562,-0.995192637
16.560000000,0.002479259,0.020000000,-0.020000000,-0.015859662,0.010479649,-0.021087414,0.016001595,0.021975930,-0.015904062,-0.018524508,0.026911020,-0.002715185,-0.908482143,3.611110174,-4.222027191,-0.787745938,-1.012405576,-0.995021750
16.565000000,0.002479259,0.020000000,-0.020000000,-0.015859662,0.010479649,-0.021087414,0.015998335,0.021937388,-0.015904155,-0.018524519,0.026909474,-0.002715706,-0.908614813,3.663857993,-4.208767764,-0.782286090,-1.012246335,-0.995136405
16.570000000,0.002479259,0.020000000,-0.020000000,-0.015859662,0.010479649,-0.021087414,0.015995594,0.021906263,-0.015904103,-0.018524536,0.026908176,-0.002716315,-0.908673837,3.679780843,-4.229229703,-0.786817886,-1.012079371,-0.995027262
16.575000000,0.002479259,0.020000000,-0.020000000,-0.015859662,0.010479649,-0.021087414,0.015993420,0.021880873,-0.015903833,-0.018524529,0.026907238,-0.002716715,-0.908615177,3.687638344,-4.255347622,-0.793397704,-1.011916560,-0.995102397
16.580000000,0.002479259,0.020000000,-0.020000000,-0.015859662,0.010479649,-0.021087414,0.015990127,0.021843009,-0.015903833,-0.018524538,0.026905861,-0.002717432,-0.908250899,3.689920198,-4.252859224,-0.792665636,-1.011919885,-0.995054500
16.585000000,0.002479259,0.020000000,-0.020000000,-0.015859662,0.010479649,-0.021087414,0.015987390,0.021811836,-0.015904161,-0.018524558,0.026904903,-0.002718372,-0.908189042,3.696202164,-4.213603156,-0.782343225,-1.011985644,-0.994964638
16.590000000,0.002479259,0.020000000,-0.020000000,-0.015859662,0.010479649,-0.021087414,0.015984644,0.021780440,-0.015903818,-0.018524564,0.026903810,-0.002719027,-0.907950547,3.704293764,-4.256162897,-0.792991358,-1.011794419,-0.994973510
16.595000000,0.002479259,0.020000000,-0.020000000,-0.015859662,0.010479649,-0.021087414,0.015981881,0.021749762,-0.015904049,-0.018524566,0.026902786,-0.002719817,-0.907466198,3.663794940,-4.231239967,-0.788192167,-1.012000219,-0.994761838
16.600000000,0.002479259,0.020000000,-0.020000000,-0.015859662,0.010479649,-0.021087414,0.015979174,0.021717825,-0.015903815,-0.018524586,0.026901653,-0.002720349,-0.907678513,3.720558625,-4.259830383,-0.793344277,-1.011635239,-0.994901230
16.605000000,0.002479259,0.020000000,-0.020000000,-0.015859662,0.010479649,-0.021087414,0.015976424,0.021686525,-0.015904069,-0.018524594,0.026900541,-0.002720855,-0.907494520,3.723160875,-4.240883324,-0.788476927,-1.011853984,-0.994910471
16.610000000,0.002479259,0.020000000,-0.020000000,-0.015859662,0.010479649,-0.021087414,0.015974227,0.021661610,-0.015904117,-0.018524611,0.026899746,-0.002721475,-0.907388539,3.727776471,-4.220431586,-0.782952309,-1.011777719,-0.994796359
16.615000000,0.002479259,0.020000000,-0.020000000,-0.015859662,0.010479649,-0.021087414,0.015970946,0.021624400,-0.015904065,-0.018524629,0.026898491,-0.002722342,-0.907195380,3.737603209,-4.243293526,-0.788562358,-1.011690806,-0.994805769
16.620000000,0.002479259,0.020000000,-0.020000000,-0.015859662,0.010479649,-0.021087414,0.015968752,0.021599548,-0.015904116,-0.018524646,0.026897635,-0.002722832,-0.907090018,3.741712646,-4.222571528,-0.782991876,-1.011661080,-0.994721576
16.625000000,0.002479259,0.020000000,-0.020000000,-0.015859662,0.010479649,-0.021087414,0.015965475,0.021562479,-0.015904065,-0.018524669,0.026896393,-0.002723659,-0.906958549,3.753800375,-4.245903679,-0.788631494,-1.011543143,-0.994752269
16.630200000,0.002479259,0.020000000,-0.020000000,-0.015859662,0.010479649,-0.021087414,0.015962725,0.021531479,-0.015904018,-0.018524704,0.026895327,-0.002724272,-0.906833868,3.759420900,-4.252421550,-0.789959982,-1.011351935,-0.994634812
16.635000000,0.002479259,0.020000000,-0.020000000,-0.015859662,0.010479649,-0.021087414,0.015959975,0.021500985,-0.015904066,-0.018524721,0.026894432,-0.002725050,-0.906859046,3.776142689,-4.249341463,-0.788680615,-1.011520293,-0.994693067
16.640000000,0.002479259,0.020000000,-0.020000000,-0.015859662,0.010479649,-0.021087414,0.015957245,0.021469957,-0.015904014,-0.018524758,0.026893365,-0.002725668,-0.906533114,3.773710712,-4.254427253,-0.789947863,-1.011240016,-0.994558509
16.645000000,0.002479259,0.020000000,-0.020000000,-0.015859662,0.010479649,-0.021087414,0.015954492,0.021439210,-0.015904065,-0.018524769,0.026892404,-0.002726242,-0.906374172,3.779165908,-4.229442526,-0.783387657,-1.011392982,-0.994530913
16.650000000,0.002479259,0.020000000,-0.020000000,-0.015859662,0.010479649,-0.021087414,0.015951765,0.021408708,-0.015903998,-0.018524811,0.026891433,-0.002726993,-0.906348179,3.790520811,-4.257128643,-0.790035448,-1.011076287,-0.994511349
16.655000000,0.002479259,0.020000000,-0.020000000,-0.015859662,0.010479649,-0.021087414,0.015949011,0.021378018,-0.015904052,-0.018524828,0.026890472,-0.002727469,-0.906074206,3.792884463,-4.231556834,-0.783426732,-1.011304611,-0.994451632
16.660000000,0.002479259,0.020000000,-0.020000000,-0.015859662,0.010479649,-0.021087414,0.015946256,0.021347994,-0.015903988,-0.018524874,0.026889580,-0.002728237,-0.906188647,3.808424917,-4.251686487,-0.787889862,-1.011238154,-0.994402734
16.665000000,0.002479259,0.020000000,-0.020000000,-0.015859662,0.010479649,-0.021087414,0.015943534,0.021317116,-0.015904038,-0.018524890,0.026888558,-0.002728664,-0.905786607,3.807492529,-4.233623808,-0.783420692,-1.011161788,-0.994391516
16.670200000,0.002479259,0.020000000,-0.020000000,-0.015859662,0.010479649,-0.021087414,0.015940786,0.021286710,-0.015903695,-0.018524917,0.026887548,-0.002729043,-0.905711976,3.818571318,-4.275207213,-0.793703593,-1.010957633,-0.994419668
16.675000000,0.002479259,0.020000000,-0.020000000,-0.015859662,0.010479649,-0.021087414,0.015938052,0.021256566,-0.015904020,-0.018524959,0.026886661,-0.002729750,-0.905657452,3.825053865,-4.236221586,-0.783442866,-1.010998008,-0.994332063
16.680000000,0.002479259,0.020000000,-0.020000000,-0.015859662,0.010479649,-0.021087414,0.015935858,0.021232323,-0.015903951,-0.018524982,0.026885931,-0.002730195,-0.905447458,3.829930260,-4.259141115,-0.789244751,-1.010996707,-0.994391226
16.685000000,0.002479259,0.020000000,-0.020000000,-0.015859662,0.010479649,-0.021087414,0.015932536,0.021196627,-0.015903890,-0.018525018,0.026884841,-0.002730970,-0.904942049,3.792538566,-4.253636521,-0.789234660,-1.011031132,-0.994110426
16.690400000,0.002479259,0.020000000,-0.020000000,-0.015859662,0.010479649,-0.021087414,0.015929826,0.021165757,-0.015903651,-0.018525065,0.026883859,-0.002731367,-0.905151645,3.849071530,-4.281691252,-0.794253759,-1.010708537,-0.994292189
16.695000000,0.002479259,0.020000000,-0.020000000,-0.015859662,0.010479649,-0.021087414,0.015927076,0.021135516,-0.015903893,-0.018525099,0.026882884,-0.002731750,-0.904975949,3.850096830,-4.262932321,-0.789492620,-1.010881691,-0.994271012
16.700000000,0.002479259,0.020000000,-0.020000000,-0.015859662,0.010479649,-0.021087414,0.015924345,0.021105710,-0.015904034,-0.018525185,0.026881988,-0.002732441,-0.904939415,3.859656250,-4.261304915,-0.788475587,-1.010605178,-0.994224644
16.705000000,0.002479259,0.020000000,-0.020000000,-0.015859662,0.010479649,-0.021087414,0.015921583,0.021075672,-0.015903915,-0.018525241,0.026881194,-0.002732971,-0.904674948,3.862585142,-4.243794631,-0.784008444,-1.010818979,-0.994146117
16.710000000,0.002479259,0.020000000,-0.020000000,-0.015859662,0.010479649,-0.021087414,0.015918844,0.021045976,-0.015903968,-0.018525401,0.026880390,-0.002733669,-0.904658078,3.873962922,-4.264500578,-0.788627937,-1.010530760,-0.994156866
16.715000000,0.002479259,0.020000000,-0.020000000,-0.015859662,0.010479649,-0.021087414,0.015916075,0.021016066,-0.015903828,-0.018525531,0.026879688,-0.002734253,-0.904426323,3.877907534,-4.266952242,-0.789453046,-1.010706687,-0.994140469
16.720000000,0.002479259,0.020000000,-0.020000000,-0.015859662,0.010479649,-0.021087414,0.015913332,0.020986438,-0.015903528,-0.018525717,0.026878952,-0.002734994,-0.904296485,3.889823796,-4.293047835,-0.795644684,-1.010534528,-0.994093090
16.725000000,0.002479259,0.020000000,-0.020000000,-0.015859662,0.010479649,-0.021087414,0.015910553,0.020957348,-0.015903734,-0.018525860,0.026878267,-0.002735785,-0.903877885,3.847468353,-4.240953199,-0.783807402,-1.010623409,-0.993849655
16.730000000,0.002479259,0.020000000,-0.020000000,-0.015859662,0.010479649,-0.021087414,0.015907823,0.020927001,-0.015903665,-0.018526046,0.026877481,-0.002736347,-0.904014070,3.900254034,-4.275077515,-0.790561901,-1.010440438,-0.994006342
16.735000000,0.002479259,0.020000000,-0.020000000,-0.015859662,0.010479649,-0.021087414,0.015905046,0.020897842,-0.015903552,-0.018526125,0.026876797,-0.002736967,-0.903571001,3.862149689,-4.264815302,-0.789477541,-1.010596889,-0.993853184
16.740000000,0.002479259,0.020000000,-0.020000000,-0.015859662,0.010479649,-0.021087414,0.015902326,0.020867644,-0.015903600,-0.018526224,0.026875928,-0.002737439,-0.903738939,3.913921366,-4.277871883,-0.790774433,-1.010348647,-0.993946720
16.745000000,0.002479259,0.020000000,-0.020000000,-0.015859662,0.010479649,-0.021087414,0.015900119,0.020843998,-0.015903515,-0.018526342,0.026875342,-0.002737849,-0.903647156,3.917603751,-4.279106350,-0.790951342,-1.010313162,-0.993924608
16.750000000,0.002479259,0.020000000,-0.020000000,-0.015859662,0.010479649,-0.021087414,0.015896816,0.020808869,-0.015903214,-0.018526536,0.026874513,-0.002738609,-0.903463373,3.929160387,-4.297147263,-0.795203478,-1.010293118,-0.993893333
16.755200000,0.002479259,0.020000000,-0.020000000,-0.015859662,0.010479649,-0.021087414,0.015894068,0.020779794,-0.015903501,-0.018526658,0.026873845,-0.002739379,-0.903413493,3.934365836,-4.252640588,-0.783559787,-1.010341534,-0.993762861
16.760000000,0.002479259,0.020000000,-0.020000000,-0.015859662,0.010479649,-0.021087414,0.015891863,0.020756352,-0.015903452,-0.018526798,0.026873284,-0.002739851,-0.903184222,3.936698553,-4.254434026,-0.783926070,-1.010426811,-0.993738669
16.765000000,0.002479259,0.020000000,-0.020000000,-0.015859662,0.010479649,-0.021087414,0.015888565,0.020721505,-0.015903395,-0.018526975,0.026872430,-0.002740559,-0.903065866,3.947768683,-4.277285493,-0.789408959,-1.010280310,-0.993822037
16.770000000,0.002479259,0.020000000,-0.020000000,-0.015859662,0.010479649,-0.021087414,0.015885801,0.020692383,-0.015902960,-0.018527123,0.026871726,-0.002741097,-0.902937846,3.955602037,-4.299469599,-0.794790393,-1.010116556,-0.993755877
16.775000000,0.002479259,0.020000000,-0.020000000,-0.015859662,0.010479649,-0.021087414,0.015883056,0.020663515,-0.015903275,-0.018527329,0.026871060,-0.002741818,-0.902744512,3.958139914,-4.258525212,-0.784157740,-1.010300580,-0.993627816
16.780000000,0.002479259,0.020000000,-0.020000000,-0.015859662,0.010479649,-0.021087414,0.015880289,0.020635102,-0.015903175,-0.018527459,0.026870388,-0.002742500,-0.902836589,3.971019565,-4.279724926,-0.789059904,-1.010188108,-0.993622945
16.785000000,0.002479259,0.020000000,-0.020000000,-0.015859662,0.010479649,-0.021087414,0.015877549,0.020605869,-0.015903107,-0.018527622,0.026869673,-0.002742983,-0.902498391,3.972437978,-4.281817887,-0.789657223,-1.010207824,-0.993682855
16.790000000,0.002479259,0.020000000,-0.020000000,-0.015859662,0.010479649,-0.021087414,0.015874800,0.020577372,-0.015902730,-0.018527768,0.026868990,-0.002743642,-0.902538661,3.989102074,-4.310943156,-0.796482227,-1.009899278,-0.993618511
16.795000000,0.002479259,0.020000000,-0.020000000,-0.015859662,0.010479649,-0.021087414,0.015872042,0.020548498,-0.015902994,-0.018527958,0.026868329,-0.002744242,-0.902201900,3.983800836,-4.263542276,-0.784469186,-1.010145594,-0.993501087
16.800000000,0.002479259,0.020000000,-0.020000000,-0.015859662,0.010479649,-0.021087414,0.015869304,0.020520060,-0.015902943,-0.018528108,0.026867599,-0.002744895,-0.902161807,3.995023116,-4.286369823,-0.789775747,-1.009831769,-0.993540377
16.805000000,0.002479259,0.020000000,-0.020000000,-0.015859662,0.010479649,-0.021087414,0.015866538,0.020491415,-0.015902820,-0.018528255,0.026866975,-0.002745411,-0.901962958,3.998702079,-4.286498945,-0.789880346,-1.010055272,-0.993549249
16.810000000,0.002479259,0.020000000,-0.020000000,-0.015859662,0.010479649,-0.021087414,0.015863798,0.020463027,-0.015902514,-0.018528456,0.026866285,-0.002746077,-0.901809394,4.010171542,-4.311852208,-0.795891269,-1.009839712,-0.993483302
16.815400000,0.002479259,0.020000000,-0.020000000,-0.015859662,0.010479649,-0.021087414,0.015861023,0.020435129,-0.015902711,-0.018528626,0.026865646,-0.002746774,-0.901401106,3.969026445,-4.260753910,-0.784266734,-1.009914587,-0.993245230
16.820000000,0.002479259,0.020000000,-0.020000000,-0.015859662,0.010479649,-0.021087414,0.015858847,0.020411900,-0.015902711,-0.018528752,0.026865091,-0.002747228,-0.901650347,4.020318400,-4.266051460,-0.783722332,-1.009842786,-0.993337278
16.825000000,0.002479259,0.020000000,-0.020000000,-0.015859662,0.010479649,-0.021087414,0.015855536,0.020377904,-0.015902656,-0.018528953,0.026864320,-0.002747902,-0.901573142,4.033642033,-4.290580385,-0.789530007,-1.009911847,-0.993417640
16.830000000,0.002479259,0.020000000,-0.020000000,-0.015859662,0.010479649,-0.021087414,0.015852791,0.020349451,-0.015902252,-0.018529118,0.026863613,-0.002748438,-0.901254605,4.034477197,-4.313513999,-0.795381713,-1.009688712,-0.993352746
16.835000000,0.002479259,0.020000000,-0.020000000,-0.015859662,0.010479649,-0.021087414,0.015850587,0.020326962,-0.015902179,-0.018529245,0.026863086,-0.002748889,-0.901160391,4.039526796,-4.312427180,-0.794907112,-1.009649069,-0.993327545
16.840000000,0.002479259,0.020000000,-0.020000000,-0.015859662,0.010479649,-0.021087414,0.015847844,0.020298950,-0.015902469,-0.018529459,0.026862450,-0.002749602,-0.900983823,4.042054303,-4.271890905,-0.784379727,-1.009816076,-0.993199715
16.845000000,0.002479259,0.020000000,-0.020000000,-0.015859662,0.010479649,-0.021087414,0.015845081,0.020271391,-0.015902375,-0.018529601,0.026861809,-0.002750248,-0.901073393,4.054535264,-4.293030782,-0.789279374,-1.009712751,-0.993228401
16.850000000,0.002479259,0.020000000,-0.020000000,-0.015859662,0.010479649,-0.021087414,0.015841789,0.020237408,-0.015901976,-0.018529780,0.026860988,-0.002750804,-0.900718701,4.060150647,-4.315805859,-0.794984685,-1.009530294,-0.993222295
16.855200000,0.002479259,0.020000000,-0.020000000,-0.015859662,0.010479649,-0.021087414,0.015839047,0.020209624,-0.015902284,-0.018529963,0.026860351,-0.002751500,-0.900543699,4.062617275,-4.275225719,-0.784450979,-1.009697944,-0.993095454
16.860000000,0.002479259,0.020000000,-0.020000000,-0.015859662,0.010479649,-0.021087414,0.015836841,0.020187351,-0.015902201,-0.018530081,0.026859843,-0.002751956,-0.900440099,4.067164462,-4.276438143,-0.784590671,-1.009668668,-0.993076613
16.865000000,0.002479259,0.020000000,-0.020000000,-0.015859662,0.010479649,-0.021087414,0.015834105,0.020159714,-0.015902153,-0.018530242,0.026859145,-0.002752569,-0.900392373,4.077797347,-4.300147923,-0.790196654,-1.009374426,-0.993117380
16.870000000,0.002479259,0.020000000,-0.020000000,-0.015859662,0.010479649,-0.021087414,0.015830801,0.020126626,-0.015901750,-0.018530426,0.026858399,-0.002753241,-0.900322777,4.092463948,-4.326901609,-0.796621020,-1.009323497,-0.993090489
16.875000000,0.002479259,0.020000000,-0.020000000,-0.015859662,0.010479649,-0.021087414,0.015828046,0.020098852,-0.015902012,-0.018530604,0.026857776,-0.002753838,-0.900000664,4.087349463,-4.280209745,-0.784787144,-1.009551373,-0.992974360
16.880000000,0.002479259,0.020000000,-0.020000000,-0.015859662,0.010479649,-0.021087414,0.015825309,0.020071483,-0.015901955,-0.018530773,0.026857098,-0.002754466,-0.899951114,4.098069889,-4.303409951,-0.790253869,-1.009262547,-0.993011571
16.885000000,0.002479259,0.020000000,-0.020000000,-0.015859662,0.010479649,-0.021087414,0.015822548,0.020043911,-0.015901829,-0.018530917,0.026856495,-0.002754972,-0.899761866,4.101665487,-4.302961176,-0.790167457,-1.009464768,-0.993022955
16.890000000,0.002479259,0.020000000,-0.020000000,-0.015859662,0.010479649,-0.021087414,0.015819812,0.020016599,-0.015901538,-0.018531087,0.026855827,-0.002755593,-0.899600639,4.112725584,-4.327704662,-0.796034769,-1.009268678,-0.992958790
16.895000000,0.002479259,0.020000000,-0.020000000,-0.015859662,0.010479649,-0.021087414,0.015817041,0.019989774,-0.015901737,-0.018531249,0.026855216,-0.002756274,-0.899198925,4.072695098,-4.277419674,-0.784581263,-1.009344230,-0.992724791
16.900200000,0.002479259,0.020000000,-0.020000000,-0.015859662,0.010479649,-0.021087414,0.015814315,0.019961738,-0.015901656,-0.018531463,0.026854555,-0.002756809,-0.899322399,4.122293390,-4.310513700,-0.791181388,-1.009180079,-0.992881088
16.905000000,0.002479259,0.020000000,-0.020000000,-0.015859662,0.010479649,-0.021087414,0.015811562,0.019934633,-0.015901656,-0.018531653,0.026853963,-0.002757402,-0.899369903,4.135328357,-4.306798764,-0.789797941,-1.009327352,-0.992894346
16.910000000,0.002479259,0.020000000,-0.020000000,-0.015859662,0.010479649,-0.021087414,0.015808819,0.019907271,-0.015901249,-0.018531822,0.026853288,-0.002757939,-0.899047284,4.136149921,-4.329190471,-0.795505846,-1.009117995,-0.992829526
16.915000000,0.002479259,0.020000000,-0.020000000,-0.015859662,0.010479649,-0.021087414,0.015806079,0.019880394,-0.015901519,-0.018532009,0.026852666,-0.002758618,-0.898996485,4.141157917,-4.286007499,-0.784207885,-1.009163341,-0.992708225
16.920000000,0.002479259,0.020000000,-0.020000000,-0.015859662,0.010479649,-0.021087414,0.015803880,0.019858677,-0.015901464,-0.018532153,0.026852164,-0.002759080,-0.898782723,4.143254022,-4.287592744,-0.784529745,-1.009236076,-0.992678418
16.925000000,0.002479259,0.020000000,-0.020000000,-0.015859662,0.010479649,-0.021087414,0.015800589,0.019826400,-0.015901388,-0.018532360,0.026851392,-0.002759769,-0.898667127,4.153585622,-4.310181548,-0.789976428,-1.009178874,-0.992759842
16.930000000,0.002479259,0.020000000,-0.020000000,-0.015859662,0.010479649,-0.021087414,0.015797833,0.019799425,-0.015900964,-0.018532518,0.026850757,-0.002760302,-0.898512148,4.160919564,-4.331400936,-0.795118097,-1.008965644,-0.992699982
16.935000000,0.002479259,0.020000000,-0.020000000,-0.015859662,0.010479649,-0.021087414,0.015795095,0.019772685,-0.015901263,-0.018532702,0.026850141,-0.002760993,-0.898344293,4.163119068,-4.291258815,-0.784708772,-1.009120957,-0.992574129
16.940000000,0.002479259,0.020000000,-0.020000000,-0.015859662,0.010479649,-0.021087414,0.015792338,0.019746372,-0.015901166,-0.018532878,0.026849524,-0.002761639,-0.898426857,4.174958879,-4.312098138,-0.789549648,-1.009016473,-0.992606829
16.945000000,0.002479259,0.020000000,-0.020000000,-0.015859662,0.010479649,-0.021087414,0.015789604,0.019719296,-0.015901087,-0.018533057,0.026848882,-0.002762150,-0.898097704,4.176420556,-4.314313534,-0.790181919,-1.009034184,-0.992627913
16.950000000,0.002479259,0.020000000,-0.020000000,-0.015859662,0.010479649,-0.021087414,0.015786862,0.019692910,-0.015900714,-0.018533230,0.026848252,-0.002762776,-0.898113863,4.191991589,-4.342124878,-0.796698256,-1.008756277,-0.992566506
16.955200000,0.002479259,0.020000000,-0.020000000,-0.015859662,0.010479649,-0.021087414,0.015784111,0.019666171,-0.015900966,-0.018533426,0.026847647,-0.002763385,-0.897800202,4.186945079,-4.296057010,-0.785023285,-1.008977329,-0.992449780
16.960000000,0.002479259,0.020000000,-0.020000000,-0.015859662,0.010479649,-0.021087414,0.015781379,0.019639850,-0.015900895,-0.018533611,0.026846987,-0.002764023,-0.897743141,4.197237061,-4.319088424,-0.790454685,-1.008704467,-0.992484638
16.965000000,0.002479259,0.020000000,-0.020000000,-0.015859662,0.010479649,-0.021087414,0.015778623,0.019613314,-0.015900769,-0.018533772,0.026846407,-0.002764542,-0.897560635,4.200755549,-4.318591665,-0.790364374,-1.008892143,-0.992496134
16.970000000,0.002479259,0.020000000,-0.020000000,-0.015859662,0.010479649,-0.021087414,0.015775890,0.019587041,-0.015900472,-0.018533966,0.026845766,-0.002765185,-0.897392012,4.211407571,-4.342764597,-0.796093608,-1.008695180,-0.992431640
16.975000000,0.002479259,0.020000000,-0.020000000,-0.015859662,0.010479649,-0.021087414,0.015773689,0.019565961,-0.015900403,-0.018534128,0.026845284,-0.002765652,-0.897281079,4.214661770,-4.341056142,-0.795521991,-1.008672760,-0.992404725
16.980000000,0.002479259,0.020000000,-0.020000000,-0.015859662,0.010479649,-0.021087414,0.015770400,0.019534527,-0.015900586,-0.018534361,0.026844552,-0.002766442,-0.897114665,4.219223656,-4.325536752,-0.791288591,-1.008621474,-0.992349871
16.985000000,0.002479259,0.020000000,-0.020000000,-0.015859662,0.010479649,-0.021087414,0.015767651,0.019508657,-0.015900582,-0.018534535,0.026843991,-0.002767068,-0.897165550,4.233136761,-4.322245443,-0.789994603,-1.008759426,-0.992362694
16.990000000,0.002479259,0.020000000,-0.020000000,-0.015859662,0.010479649,-0.021087414,0.015765468,0.019487582,-0.015900524,-0.018534690,0.026843476,-0.002767539,-0.896910347,4.231052892,-4.322358717,-0.790112031,-1.008726604,-0.992331866
16.995000000,0.002479259,0.020000000,-0.020000000,-0.015859662,0.010479649,-0.021087414,0.015762176,0.019456444,-0.015900438,-0.018534909,0.026842746,-0.002768329,-0.896791182,4.238620222,-4.301225338,-0.784352070,-1.008599668,-0.992176165
17.000000000,0.002479259,0.020000000,-0.020000000,-0.015859662,0.010479649,-0.021087414,0.015759980,0.019435536,-0.015900381,-0.018535070,0.026842275,-0.002768810,-0.896578196,4.240607682,-4.303008017,-0.784727779,-1.008670826,-0.992143477
17.005000000,0.002479259,0.020000000,-0.020000000,-0.015859662,0.010479649,-0.021087414,0.015756695,0.019404486,-0.015900293,-0.018535304,0.026841529,-0.002769519,-0.896468014,4.250549628,-4.325402309,-0.790138696,-1.008615553,-0.992223944
17.010000000,0.002479259,0.020000000,-0.020000000,-0.015859662,0.010479649,-0.021087414,0.015753943,0.019378524,-0.015899866,-0.018535485,0.026840923,-0.002770070,-0.896305326,4.257732796,-4.346237719,-0.795181137,-1.008416616,-0.992162464
17.015200000,0.002479259,0.020000000,-0.020000000,-0.015859662,0.010479649,-0.021087414,0.015751209,0.019352808,-0.015900153,-0.018535689,0.026840348,-0.002770787,-0.896135556,4.259728579,-4.306490383,-0.784880866,-1.008559211,-0.992037043
17.020000000,0.002479259,0.020000000,-0.020000000,-0.015859662,0.010479649,-0.021087414,0.015748457,0.019327492,-0.015900045,-0.018535900,0.026839766,-0.002771459,-0.896222093,4.270958447,-4.327021083,-0.789659262,-1.008458248,-0.992068058
17.025000000,0.002479259,0.020000000,-0.020000000,-0.015859662,0.010479649,-0.021087414,0.015745726,0.019301438,-0.015899955,-0.018536098,0.026839176,-0.002772007,-0.895898584,4.272540600,-4.329325355,-0.790313380,-1.008476575,-0.992085186
17.030000000,0.002479259,0.020000000,-0.020000000,-0.015859662,0.010479649,-0.021087414,0.015743530,0.019280936,-0.015899849,-0.018536248,0.026838705,-0.002772483,-0.895801750,4.277285955,-4.330489123,-0.790449530,-1.008449518,-0.992060210
17.035000000,0.002479259,0.020000000,-0.020000000,-0.015859662,0.010479649,-0.021087414,0.015740244,0.019250273,-0.015899822,-0.018536496,0.026838004,-0.002773292,-0.895606266,4.282874894,-4.310764344,-0.785077102,-1.008423972,-0.991914469
17.040000000,0.002479259,0.020000000,-0.020000000,-0.015859662,0.010479649,-0.021087414,0.015737515,0.019224896,-0.015899750,-0.018536709,0.026837387,-0.002773961,-0.895532404,4.292493227,-4.333890941,-0.790551198,-1.008178422,-0.991937806
17.045000000,0.002479259,0.020000000,-0.020000000,-0.015859662,0.010479649,-0.021087414,0.015735317,0.019204487,-0.015899654,-0.018536873,0.026836956,-0.002774466,-0.895351604,4.295038429,-4.337266667,-0.791353180,-1.008185437,-0.991909957
17.050000000,0.002479259,0.020000000,-0.020000000,-0.015859662,0.010479649,-0.021087414,0.015732033,0.019174092,-0.015899307,-0.018537111,0.026836300,-0.002775227,-0.895214305,4.306281106,-4.356960988,-0.796048061,-1.008266756,-0.991871957
17.055400000,0.002479259,0.020000000,-0.020000000,-0.015859662,0.010479649,-0.021087414,0.015729272,0.019149263,-0.015899489,-0.018537305,0.026835749,-0.002775959,-0.894806189,4.268381756,-4.308279275,-0.784931823,-1.008243686,-0.991651583
17.060000000,0.002479259,0.020000000,-0.020000000,-0.015859662,0.010479649,-0.021087414,0.015726552,0.019123382,-0.015899401,-0.018537532,0.026835172,-0.002776557,-0.894914495,4.315046495,-4.340416184,-0.791387036,-1.008075075,-0.991796760
17.065000000,0.002479259,0.020000000,-0.020000000,-0.015859662,0.010479649,-0.021087414,0.015723809,0.019098359,-0.015899390,-0.018537743,0.026834649,-0.002777204,-0.894968319,4.327078859,-4.336764402,-0.790064388,-1.008217665,-0.991805136
17.070000000,0.002479259,0.020000000,-0.020000000,-0.015859662,0.010479649,-0.021087414,0.015721628,0.019078090,-0.015899322,-0.018537917,0.026834185,-0.002777713,-0.894714725,4.325174056,-4.336894868,-0.790178456,-1.008187067,-0.991773070
17.075000000,0.002479259,0.020000000,-0.020000000,-0.015859662,0.010479649,-0.021087414,0.015718340,0.019048136,-0.015899230,-0.018538161,0.026833528,-0.002778557,-0.894583222,4.332395346,-4.315800245,-0.784436115,-1.008080585,-0.991614901
17.080000000,0.002479259,0.020000000,-0.020000000,-0.015859662,0.010479649,-0.021087414,0.015715594,0.019023001,-0.015899041,-0.018538387,0.026832984,-0.002779175,-0.894380841,4.336701900,-4.344786296,-0.791663600,-1.007938917,-0.991655480
17.085000000,0.002479259,0.020000000,-0.020000000,-0.015859662,0.010479649,-0.021087414,0.015713398,0.019003495,-0.015899057,-0.018538576,0.026832570,-0.002779776,-0.894465822,4.345112721,-4.338306744,-0.789653034,-1.008037939,-0.991612753
17.090000000,0.002479259,0.020000000,-0.020000000,-0.015859662,0.010479649,-0.021087414,0.015710118,0.018973226,-0.015898627,-0.018538827,0.026831916,-0.002780463,-0.894101577,4.350886362,-4.360046039,-0.795080455,-1.007883638,-0.991593673
17.095000000,0.002479259,0.020000000,-0.020000000,-0.015859662,0.010479649,-0.021087414,0.015707935,0.018953638,-0.015898580,-0.018539005,0.026831498,-0.002781064,-0.894135154,4.361286327,-4.367176837,-0.796530649,-1.007824114,-0.991564404
17.100000000,0.002479259,0.020000000,-0.020000000,-0.015859662,0.010479649,-0.021087414,0.015704638,0.018924210,-0.015898794,-0.018539271,0.026830892,-0.002781944,-0.894024579,4.363046545,-4.341016346,-0.789642847,-1.007937540,-0.991494141
17.105000000,0.002479259,0.020000000,-0.020000000,-0.015859662,0.010479649,-0.021087414,0.015701911,0.018899181,-0.015898691,-0.018539486,0.026830351,-0.002782526,-0.893703441,4.365100378,-4.343481621,-0.790325707,-1.007957326,-0.991508848
17.110000000,0.002479259,0.020000000,-0.020000000,-0.015859662,0.010479649,-0.021087414,0.015699178,0.018874766,-0.015898317,-0.018539701,0.026829816,-0.002783224,-0.893694752,4.379525152,-4.370028975,-0.796546199,-1.007723559,-0.991446364
17.115400000,0.002479259,0.020000000,-0.020000000,-0.015859662,0.010479649,-0.021087414,0.015696430,0.018849986,-0.015898546,-0.018539943,0.026829345,-0.002783841,-0.893411284,4.374977892,-4.325240789,-0.785182968,-1.007909556,-0.991323401
17.120000000,0.002479259,0.020000000,-0.020000000,-0.015859662,0.010479649,-0.021087414,0.015693706,0.018825623,-0.015898458,-0.018540180,0.026828777,-0.002784555,-0.893331525,4.384196898,-4.347860814,-0.790529165,-1.007688509,-0.991354942
17.125000000,0.002479259,0.020000000,-0.020000000,-0.015859662,0.010479649,-0.021087414,0.015690956,0.018801010,-0.015898310,-0.018540398,0.026828323,-0.002785091,-0.893177509,4.387793141,-4.347275444,-0.790424188,-1.007835575,-0.991367003
17.130000000,0.002479259,0.020000000,-0.020000000,-0.015859662,0.010479649,-0.021087414,0.015688768,0.018781752,-0.015898332,-0.018540585,0.026827904,-0.002785590,-0.893077285,4.398915826,-4.347606843,-0.790019361,-1.007815202,-0.991338224
17.135000000,0.002479259,0.020000000,-0.020000000,-0.015859662,0.010479649,-0.021087414,0.015685484,0.018752685,-0.015898172,-0.018540852,0.026827261,-0.002786354,-0.892874931,4.366330123,-4.323083933,-0.784896090,-1.007655604,-0.991234004
17.140000000,0.002479259,0.020000000,-0.020000000,-0.015859662,0.010479649,-0.021087414,0.015683301,0.018732851,-0.015898159,-0.018541032,0.026826867,-0.002786907,-0.892830464,4.405882762,-4.326759864,-0.784357762,-1.007683387,-0.991154072
17.145000000,0.002479259,0.020000000,-0.020000000,-0.015859662,0.010479649,-0.021087414,0.015680013,0.018703710,-0.015898061,-0.018541306,0.026826248,-0.002787589,-0.892640437,4.416739472,-4.350309847,-0.790011397,-1.007718050,-0.991228690
17.150000000,0.002479259,0.020000000,-0.020000000,-0.015859662,0.010479649,-0.021087414,0.015677280,0.018679344,-0.015897648,-0.018541541,0.026825753,-0.002788262,-0.892468195,4.418481679,-4.371440840,-0.795340172,-1.007642810,-0.991157662
17.155000000,0.002479259,0.020000000,-0.020000000,-0.015859662,0.010479649,-0.021087414,0.015674549,0.018655365,-0.015897880,-0.018541807,0.026825234,-0.002788925,-0.892392695,4.422656032,-4.329780608,-0.784464046,-1.007584306,-0.991049556
17.160000000,0.002479259,0.020000000,-0.020000000,-0.015859662,0.010479649,-0.021087414,0.015671805,0.018631149,-0.015897678,-0.018542056,0.026824743,-0.002789496,-0.892194825,4.426991884,-4.358278024,-0.791562029,-1.007453772,-0.991090584
17.165000000,0.002479259,0.020000000,-0.020000000,-0.015859662,0.010479649,-0.021087414,0.015669073,0.018607230,-0.015897700,-0.018542287,0.026824254,-0.002790100,-0.892094851,4.433491150,-4.353152419,-0.790079695,-1.007595751,-0.991090034
17.170000000,0.002479259,0.020000000,-0.020000000,-0.015859662,0.010479649,-0.021087414,0.015666338,0.018583203,-0.015897260,-0.018542512,0.026823757,-0.002790764,-0.891926469,4.440595764,-4.373055337,-0.794873371,-1.007492130,-0.991022642
17.175200000,0.002479259,0.020000000,-0.020000000,-0.015859662,0.010479649,-0.021087414,0.015663611,0.018559358,-0.015897526,-0.018542758,0.026823268,-0.002791457,-0.891750857,4.442274987,-4.334336286,-0.784851832,-1.007552785,-0.990909554
17.180000000,0.002479259,0.020000000,-0.020000000,-0.015859662,0.010479649,-0.021087414,0.015660865,0.018535894,-0.015897407,-0.018542996,0.026822784,-0.002792112,-0.891825502,4.452279986,-4.354316433,-0.789526659,-1.007457029,-0.990937818
17.185000000,0.002479259,0.020000000,-0.020000000,-0.015859662,0.010479649,-0.021087414,0.015658137,0.018511745,-0.015897302,-0.018543236,0.026822282,-0.002792639,-0.891535323,4.454305368,-4.356746311,-0.790199522,-1.007478096,-0.990952827
17.190000000,0.002479259,0.020000000,-0.020000000,-0.015859662,0.010479649,-0.021087414,0.015655406,0.018488207,-0.015896917,-0.018543473,0.026821791,-0.002793266,-0.891406568,4.467572472,-4.382740866,-0.796316338,-1.007410310,-0.990885393
17.195000000,0.002479259,0.020000000,-0.020000000,-0.015859662,0.010479649,-0.021087414,0.015652674,0.018464401,-0.015897142,-0.018543714,0.026821307,-0.002793979,-0.891213030,4.463551606,-4.338452707,-0.785064859,-1.007434309,-0.990788633
17.200000000,0.002479259,0.020000000,-0.020000000,-0.015859662,0.010479649,-0.021087414,0.015649952,0.018440934,-0.015897044,-0.018543964,0.026820771,-0.002794621,-0.891141248,4.472594495,-4.361033395,-0.790399897,-1.007218107,-0.990801480
17.205200000,0.002479259,0.020000000,-0.020000000,-0.015859662,0.010479649,-0.021087414,0.015647209,0.018417244,-0.015896893,-0.018544198,0.026820312,-0.002795153,-0.890987420,4.476088608,-4.360402427,-0.790294380,-1.007360741,-0.990816364
17.210000000,0.002479259,0.020000000,-0.020000000,-0.015859662,0.010479649,-0.021087414,0.015644481,0.018393834,-0.015896583,-0.018544455,0.026819840,-0.002795811,-0.890852094,4.485388218,-4.383082422,-0.795674361,-1.007292340,-0.990745538
17.215400000,0.002479259,0.020000000,-0.020000000,-0.015859662,0.010479649,-0.021087414,0.015641749,0.018370774,-0.015896745,-0.018544688,0.026819341,-0.002796493,-0.890689641,4.455203736,-4.336670991,-0.784860900,-1.007161651,-0.990684223
17.220000000,0.002479259,0.020000000,-0.020000000,-0.015859662,0.010479649,-0.021087414,0.015639023,0.018346877,-0.015896636,-0.018544951,0.026818870,-0.002797186,-0.890534444,4.493382557,-4.367005658,-0.791156627,-1.007180231,-0.990662602
17.225000000,0.002479259,0.020000000,-0.020000000,-0.015859662,0.010479649,-0.021087414,0.015636288,0.018323704,-0.015896611,-0.018545206,0.026818426,-0.002797817,-0.890579650,4.504694344,-4.363320357,-0.789856696,-1.007252297,-0.990675548
17.230000000,0.002479259,0.020000000,-0.020000000,-0.015859662,0.010479649,-0.021087414,0.015633558,0.018300227,-0.015896193,-0.018545460,0.026817934,-0.002798391,-0.890296295,4.505713652,-4.383956313,-0.795079086,-1.007177470,-0.990603831
17.235000000,0.002479259,0.020000000,-0.020000000,-0.015859662,0.010479649,-0.021087414,0.015630829,0.018277187,-0.015896427,-0.018545704,0.026817462,-0.002799083,-0.890142717,4.508994370,-4.342438328,-0.784274203,-1.007205231,-0.990476299
17.240200000,0.002479259,0.020000000,-0.020000000,-0.015859662,0.010479649,-0.021087414,0.015628097,0.018253895,-0.015896223,-0.018545968,0.026816972,-0.002799673,-0.890003855,4.513792398,-4.370999425,-0.791370074,-1.006997148,-0.990533395
17.245000000,0.002479259,0.020000000,-0.020000000,-0.015859662,0.010479649,-0.021087414,0.015625371,0.018230907,-0.015896237,-0.018546219,0.026816503,-0.002800298,-0.889907868,4.519917403,-4.365856604,-0.789897852,-1.007132226,-0.990532206
17.250000000,0.002479259,0.020000000,-0.020000000,-0.015859662,0.010479649,-0.021087414,0.015622638,0.018207760,-0.015895794,-0.018546461,0.026816036,-0.002800880,-0.889748283,4.527024958,-4.385496486,-0.794620420,-1.007064170,-0.990467145
17.255000000,0.002479259,0.020000000,-0.020000000,-0.015859662,0.010479649,-0.021087414,0.015620456,0.018189568,-0.015895735,-0.018546668,0.026815654,-0.002801334,-0.889657863,4.535836599,-4.392119899,-0.795994298,-1.007043928,-0.990444081
17.260000000,0.002479259,0.020000000,-0.020000000,-0.015859662,0.010479649,-0.021087414,0.015617178,0.018162232,-0.015895925,-0.018546981,0.026815076,-0.002802062,-0.889467754,4.536712809,-4.366626761,-0.789311833,-1.007003463,-0.990395020
17.265000000,0.002479259,0.020000000,-0.020000000,-0.015859662,0.010479649,-0.021087414,0.015614449,0.018139073,-0.015895807,-0.018547232,0.026814614,-0.002802637,-0.889350740,4.539914121,-4.369309433,-0.790008243,-1.007020301,-0.990405873
17.270000000,0.002479259,0.020000000,-0.020000000,-0.015859662,0.010479649,-0.021087414,0.015611720,0.018116421,-0.015895428,-0.018547486,0.026814141,-0.002803189,-0.889220241,4.552733016,-4.394692539,-0.795977636,-1.006954676,-0.990342593
17.275000000,0.002479259,0.020000000,-0.020000000,-0.015859662,0.010479649,-0.021087414,0.015608989,0.018093543,-0.015895641,-0.018547747,0.026813683,-0.002803829,-0.889038446,4.548910572,-4.351022348,-0.784878983,-1.006979066,-0.990247808
17.280000000,0.002479259,0.020000000,-0.020000000,-0.015859662,0.010479649,-0.021087414,0.015606807,0.018075807,-0.015895530,-0.018547943,0.026813274,-0.002804271,-0.888947275,4.523804967,-4.346391032,-0.784611795,-1.006788894,-0.990244587
17.285000000,0.002479259,0.020000000,-0.020000000,-0.015859662,0.010479649,-0.021087414,0.015603532,0.018048000,-0.015895375,-0.018548256,0.026812727,-0.002804971,-0.888802673,4.561975481,-4.372936834,-0.790079980,-1.006909210,-0.990278759
17.290000000,0.002479259,0.020000000,-0.020000000,-0.015859662,0.010479649,-0.021087414,0.015600807,0.018025366,-0.015895060,-0.018548557,0.026812260,-0.002805545,-0.888665767,4.569778261,-4.394898742,-0.795321654,-1.006841415,-0.990212844
17.295000000,0.002479259,0.020000000,-0.020000000,-0.015859662,0.010479649,-0.021087414,0.015598625,0.018007358,-0.015894969,-0.018548764,0.026811878,-0.002806010,-0.888548669,4.572760717,-4.393090387,-0.794729950,-1.006818570,-0.990186638
17.300000000,0.002479259,0.020000000,-0.020000000,-0.015859662,0.010479649,-0.021087414,0.015595352,0.017980492,-0.015895105,-0.018549093,0.026811293,-0.002806733,-0.888355852,4.576410511,-4.378796302,-0.790839602,-1.006649712,-0.990145519
17.305000000,0.002479259,0.020000000,-0.020000000,-0.015859662,0.010479649,-0.021087414,0.015592626,0.017958362,-0.015895066,-0.018549344,0.026810831,-0.002807260,-0.888265827,4.587404261,-4.375285500,-0.789605947,-1.006799683,-0.990150942
17.310000000,0.002479259,0.020000000,-0.020000000,-0.015859662,0.010479649,-0.021087414,0.015589901,0.017935899,-0.015894648,-0.018549619,0.026810373,-0.002807873,-0.888110805,4.589013605,-4.395534450,-0.794700176,-1.006729100,-0.990084613
17.315000000,0.002479259,0.020000000,-0.020000000,-0.015859662,0.010479649,-0.021087414,0.015587175,0.017913834,-0.015894864,-0.018549910,0.026809910,-0.002808476,-0.887955548,4.592269486,-4.354588300,-0.784041945,-1.006757686,-0.989965492
17.320000000,0.002479259,0.020000000,-0.020000000,-0.015859662,0.010479649,-0.021087414,0.015584450,0.017891587,-0.015894647,-0.018550194,0.026809418,-0.002809055,-0.887813182,4.596561047,-4.382798107,-0.791064232,-1.006550478,-0.990019741
17.325000000,0.002479259,0.020000000,-0.020000000,-0.015859662,0.010479649,-0.021087414,0.015581727,0.017869586,-0.015894649,-0.018550464,0.026808956,-0.002809608,-0.887721972,4.602541551,-4.377747997,-0.789623585,-1.006685282,-0.990022332
17.330000000,0.002479259,0.020000000,-0.020000000,-0.015859662,0.010479649,-0.021087414,0.015579002,0.017847504,-0.015894208,-0.018550729,0.026808502,-0.002810197,-0.887563723,4.609110854,-4.396771413,-0.794198983,-1.006618215,-0.989956860
17.335000000,0.002479259,0.020000000,-0.020000000,-0.015859662,0.010479649,-0.021087414,0.015576825,0.017830165,-0.015894145,-0.018550956,0.026808122,-0.002810634,-0.887469757,4.617831920,-4.403436999,-0.795586175,-1.006598334,-0.989934764
17.340000000,0.002479259,0.020000000,-0.020000000,-0.015859662,0.010479649,-0.021087414,0.015574100,0.017808124,-0.015894342,-0.018551234,0.026807669,-0.002811283,-0.887288566,4.614068341,-4.360380292,-0.784645612,-1.006622134,-0.989833645
17.345000000,0.002479259,0.020000000,-0.020000000,-0.015859662,0.010479649,-0.021087414,0.015570834,0.017782020,-0.015894189,-0.018551573,0.026807090,-0.002811940,-0.887160531,4.621545469,-4.380919681,-0.789687843,-1.006573590,-0.989896239
17.350000000,0.002479259,0.020000000,-0.020000000,-0.015859662,0.010479649,-0.021087414,0.015568655,0.017764594,-0.015894064,-0.018551787,0.026806716,-0.002812400,-0.887054151,4.625195981,-4.381828738,-0.789791942,-1.006551053,-0.989871473
17.355000000,0.002479259,0.020000000,-0.020000000,-0.015859662,0.010479649,-0.021087414,0.015565389,0.017738585,-0.015894006,-0.018552134,0.026806172,-0.002813136,-0.886853265,4.630132857,-4.362326314,-0.784488822,-1.006533380,-0.989737826
17.360000000,0.002479259,0.020000000,-0.020000000,-0.015859662,0.010479649,-0.021087414,0.015562670,0.017717093,-0.015893897,-0.018552425,0.026805663,-0.002813691,-0.886726726,4.637943621,-4.384600389,-0.789785574,-1.006319892,-0.989757778
17.365000000,0.002479259,0.020000000,-0.020000000,-0.015859662,0.010479649,-0.021087414,0.015559948,0.017695483,-0.015893730,-0.018552687,0.026805229,-0.002814254,-0.886620979,4.640864608,-4.384012836,-0.789713494,-1.006462099,-0.989768822
17.370000000,0.002479259,0.020000000,-0.020000000,-0.015859662,0.010479649,-0.021087414,0.015557230,0.017674115,-0.015893410,-0.018552989,0.026804755,-0.002814823,-0.886480724,4.649926656,-4.405666280,-0.794826496,-1.006396294,-0.989704650
17.375400000,0.002479259,0.020000000,-0.020000000,-0.015859662,0.010479649,-0.021087414,0.015554509,0.017653080,-0.015893554,-0.018553259,0.026804285,-0.002815400,-0.886331170,4.621355763,-4.360751586,-0.784346723,-1.006272016,-0.989665727
17.380000000,0.002479259,0.020000000,-0.020000000,-0.015859662,0.010479649,-0.021087414,0.015551789,0.017631270,-0.015893432,-0.018553568,0.026803841,-0.002816015,-0.886189065,4.657255913,-4.390250367,-0.790501716,-1.006323232,-0.989629712
17.385000000,0.002479259,0.020000000,-0.020000000,-0.015859662,0.010479649,-0.021087414,0.015549612,0.017614094,-0.015893315,-0.018553789,0.026803480,-0.002816493,-0.886059337,4.659461499,-4.391428890,-0.790709857,-1.006179900,-0.989613531
17.390000000,0.002479259,0.020000000,-0.020000000,-0.015859662,0.010479649,-0.021087414,0.015546352,0.017588747,-0.015892970,-0.018554135,0.026802956,-0.002817162,-0.885924168,4.668176425,-4.406074184,-0.794174715,-1.006287438,-0.989575602
17.395000000,0.002479259,0.020000000,-0.020000000,-0.015859662,0.010479649,-0.021087414,0.015543634,0.017567779,-0.015893183,-0.018554422,0.026802510,-0.002817771,-0.885768141,4.671096004,-4.365672969,-0.783672491,-1.006316809,-0.989460093
17.400000000,0.002479259,0.020000000,-0.020000000,-0.015859662,0.010479649,-0.021087414,0.015540916,0.017546686,-0.015892960,-0.018554730,0.026802029,-0.002818346,-0.885624143,4.674889870,-4.393596188,-0.790634631,-1.006098093,-0.989512087
17.405000000,0.002479259,0.020000000,-0.020000000,-0.015859662,0.010479649,-0.021087414,0.015538745,0.017530297,-0.015892951,-0.018554958,0.026801648,-0.002818713,-0.885531984,4.679999802,-4.386677578,-0.788629546,-1.006206026,-0.989483234
17.410000000,0.002479259,0.020000000,-0.020000000,-0.015859662,0.010479649,-0.021087414,0.015535484,0.017504928,-0.015892507,-0.018555306,0.026801147,-0.002819429,-0.885381531,4.686811502,-4.407124902,-0.793674447,-1.006180175,-0.989451332
17.415000000,0.002479259,0.020000000,-0.020000000,-0.015859662,0.010479649,-0.021087414,0.015533313,0.017488491,-0.015892437,-0.018555549,0.026800773,-0.002819840,-0.885283051,4.695427700,-4.413678539,-0.795036223,-1.006160939,-0.989430685
17.420000000,0.002479259,0.020000000,-0.020000000,-0.015859662,0.010479649,-0.021087414,0.015530595,0.017467645,-0.015892623,-0.018555854,0.026800339,-0.002820484,-0.885107295,4.691302485,-4.371053870,-0.784219033,-1.006184150,-0.989337106
17.425000000,0.002479259,0.020000000,-0.020000000,-0.015859662,0.010479649,-0.021087414,0.015527340,0.017442970,-0.015892457,-0.018556213,0.026799769,-0.002821068,-0.884973090,4.698512646,-4.391539869,-0.789258910,-1.006135861,-0.989394974
17.430000000,0.002479259,0.020000000,-0.020000000,-0.015859662,0.010479649,-0.021087414,0.015524627,0.017422575,-0.015892075,-0.018556513,0.026799310,-0.002821630,-0.884846664,4.710425717,-4.415746818,-0.794946845,-1.006074163,-0.989332702
17.435000000,0.002479259,0.020000000,-0.020000000,-0.015859662,0.010479649,-0.021087414,0.015522455,0.017406103,-0.015892010,-0.018556767,0.026798992,-0.002822108,-0.884735876,4.710200998,-4.413171615,-0.794265428,-1.006051892,-0.989305517
17.440000000,0.002479259,0.020000000,-0.020000000,-0.015859662,0.010479649,-0.021087414,0.015519198,0.017381768,-0.015892141,-0.018557145,0.026798464,-0.002822851,-0.884546599,4.713862535,-4.395030314,-0.789333989,-1.005924502,-0.989252773
17.445000000,0.002479259,0.020000000,-0.020000000,-0.015859662,0.010479649,-0.021087414,0.015517029,0.017365466,-0.015892011,-0.018557388,0.026798123,-0.002823275,-0.884458549,4.715505595,-4.394230879,-0.789263540,-1.006033954,-0.989272408
17.450000000,0.002479259,0.020000000,-0.020000000,-0.015859662,0.010479649,-0.021087414,0.015514319,0.017345451,-0.015891958,-0.018557674,0.026797651,-0.002823684,-0.884332129,4.726230118,-4.394507651,-0.788855135,-1.006012982,-0.989249428
17.455000000,0.002479259,0.020000000,-0.020000000,-0.015859662,0.010479649,-0.021087414,0.015511066,0.017321412,-0.015891775,-0.018558036,0.026797114,-0.002824355,-0.884154526,4.697606969,-4.370965294,-0.783825716,-1.005847882,-0.989188827
17.460000000,0.002479259,0.020000000,-0.020000000,-0.015859662,0.010479649,-0.021087414,0.015508353,0.017300751,-0.015891643,-0.018558357,0.026796753,-0.002824982,-0.884014165,4.732238265,-4.400354714,-0.789996400,-1.005918764,-0.989137446
17.465000000,0.002479259,0.020000000,-0.020000000,-0.015859662,0.010479649,-0.021087414,0.015505642,0.017280833,-0.015891594,-0.018558678,0.026796359,-0.002825570,-0.883898798,4.740602029,-4.396344521,-0.788723567,-1.005933965,-0.989146349
17.470000000,0.002479259,0.020000000,-0.020000000,-0.015859662,0.010479649,-0.021087414,0.015503473,0.017264771,-0.015891486,-0.018558936,0.026796059,-0.002826108,-0.883781810,4.739435939,-4.396521911,-0.788814652,-1.005910749,-0.989117966
17.475000000,0.002479259,0.020000000,-0.020000000,-0.015859662,0.010479649,-0.021087414,0.015500763,0.017244899,-0.015891044,-0.018559238,0.026795628,-0.002826652,-0.883636518,4.745524799,-4.414537084,-0.793134486,-1.005847930,-0.989055770
17.480000000,0.002479259,0.020000000,-0.020000000,-0.015859662,0.010479649,-0.021087414,0.015498053,0.017225148,-0.015891268,-0.018559559,0.026795252,-0.002827288,-0.883479106,4.746900426,-4.377562180,-0.783576875,-1.005877648,-0.988957386
17.485000000,0.002479259,0.020000000,-0.020000000,-0.015859662,0.010479649,-0.021087414,0.015494802,0.017201566,-0.015891109,-0.018559939,0.026794778,-0.002828017,-0.883346144,4.754092796,-4.398476878,-0.788706779,-1.005832055,-0.989013830
17.490000000,0.002479259,0.020000000,-0.020000000,-0.015859662,0.010479649,-0.021087414,0.015492092,0.017181887,-0.015890669,-0.018560243,0.026794391,-0.002828602,-0.883201891,4.759619718,-4.416141747,-0.792953548,-1.005770446,-0.988948944
17.495200000,0.002479259,0.020000000,-0.020000000,-0.015859662,0.010479649,-0.021087414,0.015489386,0.017162410,-0.015890892,-0.018560571,0.026793978,-0.002829199,-0.883042745,4.761016363,-4.379381941,-0.783450128,-1.005798316,-0.988852411
17.500000000,0.002479259,0.020000000,-0.020000000,-0.015859662,0.010479649,-0.021087414,0.015486678,0.017143277,-0.015890743,-0.018560886,0.026793598,-0.002829786,-0.882918064,4.767107784,-4.398170165,-0.787949149,-1.005717450,-0.988877823
17.505000000,0.002479259,0.020000000,-0.020000000,-0.015859662,0.010479649,-0.021087414,0.015484512,0.017127530,-0.015890648,-0.018561153,0.026793297,-0.002830319,-0.882819621,4.771217065,-4.402760231,-0.788933631,-1.005699016,-0.988839106
17.510000000,0.002479259,0.020000000,-0.020000000,-0.015859662,0.010479649,-0.021087414,0.015481803,0.017108136,-0.015890460,-0.018561450,0.026792958,-0.002830906,-0.882688183,4.773665529,-4.401854381,-0.788788712,-1.005715865,-0.988855791
17.515200000,0.002479259,0.020000000,-0.020000000,-0.015859662,0.010479649,-0.021087414,0.015478554,0.017085050,-0.015890388,-0.018561842,0.026792520,-0.002831676,-0.882496815,4.778143153,-4.382328579,-0.783489602,-1.005704874,-0.988721042
17.520000000,0.002479259,0.020000000,-0.020000000,-0.015859662,0.010479649,-0.021087414,0.015475849,0.017065999,-0.015890258,-0.018562170,0.026792142,-0.002832268,-0.882385747,4.785172723,-4.404848392,-0.788894426,-1.005624359,-0.988734222
17.525000000,0.002479259,0.020000000,-0.020000000,-0.015859662,0.010479649,-0.021087414,0.015473684,0.017050685,-0.015890133,-0.018562430,0.026791837,-0.002832788,-0.882272826,4.787092213,-4.407280153,-0.789457257,-1.005609515,-0.988710873
17.530000000,0.002479259,0.020000000,-0.020000000,-0.015859662,0.010479649,-0.021087414,0.015470439,0.017027952,-0.015889755,-0.018562813,0.026791361,-0.002833488,-0.882119354,4.795865832,-4.423874987,-0.793423067,-1.005580280,-0.988683221
17.535000000,0.002479259,0.020000000,-0.020000000,-0.015859662,0.010479649,-0.021087414,0.015467734,0.017009378,-0.015889881,-0.018563125,0.026790993,-0.002834099,-0.881984926,4.769153623,-4.380546932,-0.783285976,-1.005443330,-0.988644186
17.540000000,0.002479259,0.020000000,-0.020000000,-0.015859662,0.010479649,-0.021087414,0.015465028,0.016990037,-0.015889735,-0.018563469,0.026790619,-0.002834727,-0.881838170,4.802365839,-4.409461658,-0.789384710,-1.005534656,-0.988605720
17.545000000,0.002479259,0.020000000,-0.020000000,-0.015859662,0.010479649,-0.021087414,0.015462325,0.016971285,-0.015889686,-0.018563781,0.026790214,-0.002835287,-0.881721691,4.810073863,-4.405391540,-0.788126598,-1.005549044,-0.988615755
17.550000000,0.002479259,0.020000000,-0.020000000,-0.015859662,0.010479649,-0.021087414,0.015459622,0.016952501,-0.015889254,-0.018564118,0.026789836,-0.002835929,-0.881570371,4.811362533,-4.423879466,-0.792754938,-1.005483896,-0.988549303
17.555200000,0.002479259,0.020000000,-0.020000000,-0.015859662,0.010479649,-0.021087414,0.015456918,0.016934088,-0.015889450,-0.018564446,0.026789467,-0.002836536,-0.881411705,4.814233845,-4.384764234,-0.782587870,-1.005513931,-0.988427541
17.560000000,0.002479259,0.020000000,-0.020000000,-0.015859662,0.010479649,-0.021087414,0.015454756,0.016919214,-0.015889344,-0.018564719,0.026789157,-0.002837049,-0.881303358,4.815794175,-4.386036985,-0.782841151,-1.005495190,-0.988427972
17.565000000,0.002479259,0.020000000,-0.020000000,-0.015859662,0.010479649,-0.021087414,0.015451515,0.016897159,-0.015889175,-0.018565116,0.026788674,-0.002837748,-0.881169974,4.822559631,-4.407279664,-0.788076275,-1.005448744,-0.988482908
17.570000000,0.002479259,0.020000000,-0.020000000,-0.015859662,0.010479649,-0.021087414,0.015448812,0.016878749,-0.015888737,-0.018565443,0.026788286,-0.002838334,-0.881025015,4.827750057,-4.424469923,-0.792204372,-1.005386989,-0.988417515
17.575000000,0.002479259,0.020000000,-0.020000000,-0.015859662,0.010479649,-0.021087414,0.015446113,0.016860557,-0.015888948,-0.018565787,0.026787872,-0.002838914,-0.880868092,4.828994238,-4.388104756,-0.782810648,-1.005415274,-0.988327888
17.580000000,0.002479259,0.020000000,-0.020000000,-0.015859662,0.010479649,-0.021087414,0.015443959,0.016845992,-0.015888858,-0.018566036,0.026787614,-0.002839207,-0.880770339,4.831849895,-4.389206116,-0.782986571,-1.005405414,-0.988383990
17.585000000,0.002479259,0.020000000,-0.020000000,-0.015859662,0.010479649,-0.021087414,0.015440721,0.016824333,-0.015889013,-0.018565994,0.026787159,-0.002839352,-0.880609053,4.838144852,-4.408057833,-0.787577159,-1.005378005,-0.988401341
17.590000000,0.002479259,0.020000000,-0.020000000,-0.015859662,0.010479649,-0.021087414,0.015438027,0.016806387,-0.015888940,-0.018565679,0.026786683,-0.002839558,-0.880488325,4.841132387,-4.390127745,-0.782905857,-1.005353608,-0.988359554
17.595000000,0.002479259,0.020000000,-0.020000000,-0.015859662,0.010479649,-0.021087414,0.015435332,0.016788780,-0.015888823,-0.018566011,0.026786163,-0.002839823,-0.880320570,4.846300093,-4.408754037,-0.787383097,-1.005264318,-0.988328160
17.600200000,0.002479259,0.020000000,-0.020000000,-0.015859662,0.010479649,-0.021087414,0.015432637,0.016770640,-0.015888669,-0.018566338,0.026785690,-0.002840206,-0.880219012,4.849667151,-4.411869438,-0.788205080,-1.005278022,-0.988345199
17.605000000,0.002479259,0.020000000,-0.020000000,-0.015859662,0.010479649,-0.021087414,0.015430481,0.016756415,-0.015888528,-0.018566596,0.026785326,-0.002840479,-0.880111425,4.852572224,-4.412601622,-0.788286447,-1.005256739,-0.988329696
17.610000000,0.002479259,0.020000000,-0.020000000,-0.015859662,0.010479649,-0.021087414,0.015427247,0.016735179,-0.015888457,-0.018567006,0.026784844,-0.002840971,-0.879951277,4.856821866,-4.393229567,-0.783038248,-1.005248696,-0.988298996
17.615200000,0.002479259,0.020000000,-0.020000000,-0.015859662,0.010479649,-0.021087414,0.015424553,0.016717681,-0.015888322,-0.018567357,0.026784403,-0.002841412,-0.879807556,4.863240553,-4.415416736,-0.788367727,-1.005167239,-0.988233953
17.620000000,0.002479259,0.020000000,-0.020000000,-0.015859662,0.010479649,-0.021087414,0.015422398,0.016703578,-0.015888192,-0.018567633,0.026784070,-0.002841728,-0.879704648,4.864276507,-4.413936591,-0.788120704,-1.005183709,-0.988260565
17.625000000,0.002479259,0.020000000,-0.020000000,-0.015859662,0.010479649,-0.021087414,0.015419167,0.016682706,-0.015887807,-0.018568033,0.026783579,-0.002842197,-0.879538653,4.873186190,-4.433296781,-0.792621660,-1.005122185,-0.988204944
17.630000000,0.002479259,0.020000000,-0.020000000,-0.015859662,0.010479649,-0.021087414,0.015416478,0.016665638,-0.015887940,-0.018567958,0.026782913,-0.002842652,-0.879524680,4.878907771,-4.416442602,-0.788219811,-1.005126665,-0.988216804
17.635000000,0.002479259,0.020000000,-0.020000000,-0.015859662,0.010479649,-0.021087414,0.015413789,0.016648324,-0.015887732,-0.018568275,0.026782190,-0.002843040,-0.879270363,4.879367583,-4.433753277,-0.792492886,-1.005043542,-0.988157825
17.640000000,0.002479259,0.020000000,-0.020000000,-0.015859662,0.010479649,-0.021087414,0.015411098,0.016631381,-0.015888072,-0.018568179,0.026781483,-0.002843501,-0.879141616,4.881599956,-4.415455443,-0.787780787,-1.005049602,-0.988172413
17.645000000,0.002479259,0.020000000,-0.020000000,-0.015859662,0.010479649,-0.021087414,0.015408426,0.016614632,-0.015887997,-0.018568103,0.026780799,-0.002843887,-0.878765589,4.889813421,-4.416582062,-0.787773820,-1.005011562,-0.988136417
17.650000000,0.002479259,0.020000000,-0.020000000,-0.015859662,0.010479649,-0.021087414,0.015405734,0.016597473,-0.015888011,-0.018568030,0.026780291,-0.002844266,-0.878843732,4.886892226,-4.397773882,-0.783032959,-1.004993951,-0.988120429
17.655000000,0.002479259,0.020000000,-0.020000000,-0.015859662,0.010479649,-0.021087414,0.015403053,0.016580745,-0.015887741,-0.018567948,0.026779588,-0.002844761,-0.878691225,4.895330768,-4.433543346,-0.791880150,-1.004900398,-0.988062358
17.660000000,0.002479259,0.020000000,-0.020000000,-0.015859662,0.010479649,-0.021087414,0.015400363,0.016564222,-0.015887967,-0.018567863,0.026778916,-0.002845194,-0.878691176,4.901430278,-4.420563004,-0.788470155,-1.004903902,-0.988076578
17.665000000,0.002479259,0.020000000,-0.020000000,-0.015859662,0.010479649,-0.021087414,0.015397677,0.016547411,-0.015887769,-0.018568190,0.026778221,-0.002845647,-0.878437650,4.901792368,-4.437621839,-0.792675640,-1.004821567,-0.988014178
17.670000000,0.002479259,0.020000000,-0.020000000,-0.015859662,0.010479649,-0.021087414,0.015394989,0.016530980,-0.015888106,-0.018568098,0.026777558,-0.002846087,-0.878310700,4.903923282,-4.419443296,-0.787998494,-1.004828752,-0.988028225
17.675000000,0.002479259,0.020000000,-0.020000000,-0.015859662,0.010479649,-0.021087414,0.015392321,0.016514736,-0.015888034,-0.018568006,0.026776910,-0.002846500,-0.877940057,4.911942590,-4.420559869,-0.787997897,-1.004792805,-0.987991455
17.680000000,0.002479259,0.020000000,-0.020000000,-0.015859662,0.010479649,-0.021087414,0.015389632,0.016498101,-0.015888048,-0.018567934,0.026776430,-0.002846841,-0.878015411,4.909008949,-4.401761211,-0.783259501,-1.004776144,-0.987976420
17.685000000,0.002479259,0.020000000,-0.020000000,-0.015859662,0.010479649,-0.021087414,0.015386955,0.016481888,-0.015887780,-0.018567853,0.026775750,-0.002847356,-0.877861547,4.917295331,-4.437283998,-0.792047601,-1.004685340,-0.987919444
17.690000000,0.002479259,0.020000000,-0.020000000,-0.015859662,0.010479649,-0.021087414,0.015384268,0.016465881,-0.015888001,-0.018567770,0.026775147,-0.002847831,-0.877862764,4.923179993,-4.424498400,-0.788698163,-1.004689750,-0.987928901
17.695000000,0.002479259,0.020000000,-0.020000000,-0.015859662,0.010479649,-0.021087414,0.015381584,0.016449607,-0.015887804,-0.018568108,0.026774492,-0.002848315,-0.877610563,4.923456150,-4.441368475,-0.792854422,-1.004611467,-0.987867528
17.700000000,0.002479259,0.020000000,-0.020000000,-0.015859662,0.010479649,-0.021087414,0.015378899,0.016433696,-0.015888139,-0.018568017,0.026773891,-0.002848809,-0.877472324,4.925470626,-4.423305457,-0.788212424,-1.004618717,-0.987877164
17.705000000,0.002479259,0.020000000,-0.020000000,-0.015859662,0.010479649,-0.021087414,0.015376763,0.016420848,-0.015888074,-0.018567873,0.026773541,-0.002849090,-0.877351520,4.926453888,-4.404870685,-0.783427553,-1.004611881,-0.987853393
17.710000000,0.002479259,0.020000000,-0.020000000,-0.015859662,0.010479649,-0.021087414,0.015373548,0.016401759,-0.015888079,-0.018567855,0.026772837,-0.002849662,-0.877185540,4.930885679,-4.405464685,-0.783419062,-1.004571927,-0.987821793
17.715000000,0.002479259,0.020000000,-0.020000000,-0.015859662,0.010479649,-0.021087414,0.015370865,0.016385979,-0.015887808,-0.018567803,0.026772229,-0.002850146,-0.877039570,4.938338514,-4.441071109,-0.792256772,-1.004482315,-0.987765900
17.720000000,0.002479259,0.020000000,-0.020000000,-0.015859662,0.010479649,-0.021087414,0.015368185,0.016370432,-0.015888022,-0.018567754,0.026771630,-0.002850586,-0.876928855,4.943579519,-4.428008835,-0.788852622,-1.004487923,-0.987770827
17.725000000,0.002479259,0.020000000,-0.020000000,-0.015859662,0.010479649,-0.021087414,0.015365504,0.016354678,-0.015887812,-0.018568106,0.026771022,-0.002851049,-0.876783496,4.944501151,-4.444983247,-0.793015546,-1.004413385,-0.987717402
17.730000000,0.002479259,0.020000000,-0.020000000,-0.015859662,0.010479649,-0.021087414,0.015363369,0.016342565,-0.015888064,-0.018567970,0.026770535,-0.002851402,-0.876462193,4.949860950,-4.427231343,-0.788331051,-1.004428775,-0.987720929
17.735000000,0.002479259,0.020000000,-0.020000000,-0.015859662,0.010479649,-0.021087414,0.015360155,0.016324070,-0.015888052,-0.018567999,0.026769865,-0.002851917,-0.876298075,4.953792848,-4.427919832,-0.788363017,-1.004390571,-0.987692735
17.740000000,0.002479259,0.020000000,-0.020000000,-0.015859662,0.010479649,-0.021087414,0.015357469,0.016308518,-0.015887726,-0.018568379,0.026769435,-0.002852282,-0.876349320,4.954772341,-4.446785738,-0.793082951,-1.004322900,-0.987649673
17.745000000,0.002479259,0.020000000,-0.020000000,-0.015859662,0.010479649,-0.021087414,0.015354787,0.016293360,-0.015887744,-0.018568321,0.026768856,-0.002852739,-0.876218073,4.959496306,-4.448709707,-0.793410253,-1.004202347,-0.987630609
17.750000000,0.002479259,0.020000000,-0.020000000,-0.015859662,0.010479649,-0.021087414,0.015352117,0.016278356,-0.015887828,-0.018568279,0.026768445,-0.002853038,-0.876106920,4.963868606,-4.431289393,-0.788917569,-1.004306481,-0.987635040
17.755000000,0.002479259,0.020000000,-0.020000000,-0.015859662,0.010479649,-0.021087414,0.015349440,0.016263134,-0.015887887,-0.018568632,0.026767843,-0.002853464,-0.875976458,4.961252036,-4.410781786,-0.783625693,-1.004290706,-0.987617579
17.760000000,0.002479259,0.020000000,-0.020000000,-0.015859662,0.010479649,-0.021087414,0.015346763,0.016248173,-0.015887522,-0.018568585,0.026767453,-0.002853882,-0.875808448,4.968887581,-4.445776876,-0.792290600,-1.004210672,-0.987560563
17.765000000,0.002479259,0.020000000,-0.020000000,-0.015859662,0.010479649,-0.021087414,0.015344089,0.016233445,-0.015887764,-0.018568930,0.026766837,-0.002854261,-0.875686542,4.972778461,-4.430494670,-0.788251719,-1.004218502,-0.987574314
17.770000000,0.002479259,0.020000000,-0.020000000,-0.015859662,0.010479649,-0.021087414,0.015341948,0.016221424,-0.015887435,-0.018568833,0.026766540,-0.002854576,-0.875558026,4.974263505,-4.446339899,-0.792218876,-1.004157703,-0.987522044
17.775000000,0.002479259,0.020000000,-0.020000000,-0.015859662,0.010479649,-0.021087414,0.015339275,0.016206936,-0.015887675,-0.018569185,0.026765926,-0.002854969,-0.875439969,4.978634588,-4.431345134,-0.788236078,-1.004166393,-0.987535184
17.780000000,0.002479259,0.020000000,-0.020000000,-0.015859662,0.010479649,-0.021087414,0.015336074,0.016189404,-0.015887602,-0.018569204,0.026765293,-0.002855505,-0.875071029,4.983372619,-4.432383564,-0.788339212,-1.004129533,-0.987495404
17.785000000,0.002479259,0.020000000,-0.020000000,-0.015859662,0.010479649,-0.021087414,0.015333392,0.016174676,-0.015887277,-0.018569601,0.026764871,-0.002855865,-0.875116320,4.984086915,-4.450987909,-0.792997648,-1.004062042,-0.987452448
17.790000000,0.002479259,0.020000000,-0.020000000,-0.015859662,0.010479649,-0.021087414,0.015330722,0.016160299,-0.015887294,-0.018569549,0.026764467,-0.002856240,-0.874985591,4.988498837,-4.452889059,-0.793330823,-1.004039349,-0.987432256
17.795000000,0.002479259,0.020000000,-0.020000000,-0.015859662,0.010479649,-0.021087414,0.015328055,0.016146073,-0.015887465,-0.018569936,0.026763894,-0.002856682,-0.874886982,4.989652849,-4.413022696,-0.783047621,-1.004063396,-0.987406546
17.800000000,0.002479259,0.020000000,-0.020000000,-0.015859662,0.010479649,-0.021087414,0.015325370,0.016132153,-0.015887115,-0.018570316,0.026763471,-0.002856988,-0.874844733,4.991490658,-4.430820511,-0.787375402,-1.003969319,-0.987378257
17.805000000,0.002479259,0.020000000,-0.020000000,-0.015859662,0.010479649,-0.021087414,0.015322698,0.016117705,-0.015887051,-0.018570649,0.026763030,-0.002857189,-0.874605015,4.993330775,-4.414977673,-0.783369469,-1.004012182,-0.987409617
17.810000000,0.002479259,0.020000000,-0.020000000,-0.015859662,0.010479649,-0.021087414,0.015320024,0.016103705,-0.015887036,-0.018571014,0.026762457,-0.002857637,-0.874477419,4.997301185,-4.414101951,-0.782967797,-1.003984538,-0.987384919
17.815000000,0.002479259,0.020000000,-0.020000000,-0.015859662,0.010479649,-0.021087414,0.015317360,0.016089788,-0.015886595,-0.018570972,0.026762034,-0.002857977,-0.874311018,5.006419621,-4.451130655,-0.792121953,-1.003908668,-0.987336495
17.820000000,0.002479259,0.020000000,-0.020000000,-0.015859662,0.010479649,-0.021087414,0.015315225,0.016078516,-0.015886944,-0.018571266,0.026761706,-0.002858229,-0.874211934,5.002284459,-4.415319514,-0.783084514,-1.003941217,-0.987351224
17.825000000,0.002479259,0.020000000,-0.020000000,-0.015859662,0.010479649,-0.021087414,0.015312560,0.016064925,-0.015886763,-0.018571682,0.026761134,-0.002858720,-0.874055933,5.007337468,-4.439139809,-0.788899463,-1.003850624,-0.987285455
17.830000000,0.002479259,0.020000000,-0.020000000,-0.015859662,0.010479649,-0.021087414,0.015309349,0.016048442,-0.015886369,-0.018571757,0.026760662,-0.002859078,-0.873887921,5.012014426,-4.450613191,-0.791710738,-1.003822567,-0.987273662
17.835000000,0.002479259,0.020000000,-0.020000000,-0.015859662,0.010479649,-0.021087414,0.015306688,0.016035089,-0.015886310,-0.018571702,0.026760062,-0.002859540,-0.873831931,5.018228646,-4.451786357,-0.791799559,-1.003793463,-0.987249112
17.840000000,0.002479259,0.020000000,-0.020000000,-0.015859662,0.010479649,-0.021087414,0.015304012,0.016021900,-0.015886429,-0.018572061,0.026759652,-0.002859788,-0.873666317,4.992103666,-4.434703107,-0.788496114,-1.003790852,-0.987270924
17.845000000,0.002479259,0.020000000,-0.020000000,-0.015859662,0.010479649,-0.021087414,0.015301339,0.016007866,-0.015886106,-0.018572430,0.026759218,-0.002860038,-0.873498865,5.022323529,-4.451563009,-0.791527655,-1.003743855,-0.987220801
17.850000000,0.002479259,0.020000000,-0.020000000,-0.015859662,0.010479649,-0.021087414,0.015298669,0.015994404,-0.015886080,-0.018572808,0.026758644,-0.002860469,-0.873358876,5.024240608,-4.456829413,-0.792783321,-1.003704740,-0.987197619
17.855000000,0.002479259,0.020000000,-0.020000000,-0.015859662,0.010479649,-0.021087414,0.015296005,0.015981452,-0.015886276,-0.018572751,0.026758223,-0.002860730,-0.873184932,5.025292040,-4.418551255,-0.782952708,-1.003739323,-0.987211144
17.860000000,0.002479259,0.020000000,-0.020000000,-0.015859662,0.010479649,-0.021087414,0.015293344,0.015968679,-0.015886062,-0.018573135,0.026757813,-0.002860986,-0.872954677,5.026687609,-4.435179700,-0.786990682,-1.003663843,-0.987160955
17.865000000,0.002479259,0.020000000,-0.020000000,-0.015859662,0.010479649,-0.021087414,0.015290674,0.015955336,-0.015885999,-0.018573488,0.026757394,-0.002861264,-0.872957590,5.028736904,-4.419377053,-0.782987719,-1.003690941,-0.987182942
17.870000000,0.002479259,0.020000000,-0.020000000,-0.015859662,0.010479649,-0.021087414,0.015288540,0.015945138,-0.015885889,-0.018573789,0.026757051,-0.002861439,-0.872842195,5.033109969,-4.418689214,-0.782617820,-1.003673442,-0.987170780
17.875000000,0.002479259,0.020000000,-0.020000000,-0.015859662,0.010479649,-0.021087414,0.015285338,0.015929742,-0.015885645,-0.018574232,0.026756545,-0.002861738,-0.872664653,5.035718354,-4.440312235,-0.788153709,-1.003621388,-0.987157557
17.880600000,0.002479259,0.020000000,-0.020000000,-0.015859662,0.010479649,-0.021087414,0.015282672,0.015917181,-0.015885286,-0.018574615,0.026756129,-0.002861991,-0.872540913,5.043412548,-4.455256498,-0.791547438,-1.003575313,-0.987114066
17.885000000,0.002479259,0.020000000,-0.020000000,-0.015859662,0.010479649,-0.021087414,0.015280004,0.015904813,-0.015885342,-0.018574983,0.026755725,-0.002862218,-0.872444725,5.017687153,-4.437363854,-0.788019534,-1.003570237,-0.987136448
17.890000000,0.002479259,0.020000000,-0.020000000,-0.015859662,0.010479649,-0.021087414,0.015277334,0.015891649,-0.015885015,-0.018575368,0.026755303,-0.002862475,-0.872271487,5.047526055,-4.453911289,-0.790982324,-1.003524495,-0.987085101
17.895000000,0.002479259,0.020000000,-0.020000000,-0.015859662,0.010479649,-0.021087414,0.015274666,0.015878954,-0.015885164,-0.018575748,0.026754901,-0.002862708,-0.872159117,5.045416213,-4.420612632,-0.782517008,-1.003552335,-0.987103392
17.900000000,0.002479259,0.020000000,-0.020000000,-0.015859662,0.010479649,-0.021087414,0.015272001,0.015866856,-0.015884937,-0.018576148,0.026754488,-0.002862973,-0.871950562,5.050348461,-4.445129595,-0.788524512,-1.003475456,-0.987049327
17.905000000,0.002479259,0.020000000,-0.020000000,-0.015859662,0.010479649,-0.021087414,0.015269342,0.015854857,-0.015884797,-0.018576516,0.026754072,-0.002863202,-0.871786826,5.056027012,-4.442190698,-0.787711377,-1.003486391,-0.987065120
17.910000000,0.002479259,0.020000000,-0.020000000,-0.015859662,0.010479649,-0.021087414,0.015266680,0.015842623,-0.015884641,-0.018576919,0.026753661,-0.002863513,-0.871703447,5.053217758,-4.445795070,-0.788535050,-1.003428629,-0.987020724
17.915000000,0.002479259,0.020000000,-0.020000000,-0.015859662,0.010479649,-0.021087414,0.015264017,0.015830780,-0.015884500,-0.018577290,0.026753250,-0.002863745,-0.871581068,5.056181008,-4.442113198,-0.787639179,-1.003436825,-0.987044699
17.920000000,0.002479259,0.020000000,-0.020000000,-0.015859662,0.010479649,-0.021087414,0.015261354,0.015818936,-0.015884156,-0.018577689,0.026752835,-0.002864003,-0.871440022,5.061437728,-4.455088701,-0.790594053,-1.003383698,-0.986999844
17.925000000,0.002479259,0.020000000,-0.020000000,-0.015859662,0.010479649,-0.021087414,0.015258693,0.015807271,-0.015884293,-0.018578080,0.026752426,-0.002864231,-0.871327002,5.062338002,-4.421443254,-0.781929220,-1.003414625,-0.987017862
17.930000000,0.002479259,0.020000000,-0.020000000,-0.015859662,0.010479649,-0.021087414,0.015256029,0.015795884,-0.015884064,-0.018578489,0.026752008,-0.002864493,-0.871180608,5.062860967,-4.438193857,-0.786032475,-1.003330907,-0.986964206
17.935200000,0.002479259,0.020000000,-0.020000000,-0.015859662,0.010479649,-0.021087414,0.015253365,0.015784007,-0.015883997,-0.018578864,0.026751599,-0.002864723,-0.871066339,5.065556804,-4.422335073,-0.781985782,-1.003367326,-0.986990789
17.940000000,0.002479259,0.020000000,-0.020000000,-0.015859662,0.010479649,-0.021087414,0.015250702,0.015772562,-0.015883767,-0.018579273,0.026751182,-0.002864985,-0.870906231,5.069140803,-4.446807251,-0.788030152,-1.003289892,-0.986938305
17.945000000,0.002479259,0.020000000,-0.020000000,-0.015859662,0.010479649,-0.021087414,0.015248040,0.015761287,-0.015883622,-0.018579649,0.026750768,-0.002865218,-0.870757415,5.071842868,-4.443274236,-0.787177904,-1.003297975,-0.986965394
17.950000000,0.002479259,0.020000000,-0.020000000,-0.015859662,0.010479649,-0.021087414,0.015245384,0.015750202,-0.015883261,-0.018580057,0.026750350,-0.002865476,-0.870568419,5.079354319,-4.457713449,-0.790442840,-1.003254864,-0.986920470
17.955000000,0.002479259,0.020000000,-0.020000000,-0.015859662,0.010479649,-0.021087414,0.015242735,0.015739405,-0.015883307,-0.018580447,0.026749934,-0.002865700,-0.870647529,5.047014554,-4.439146069,-0.786993303,-1.003246909,-0.987014237
17.960000000,0.002479259,0.020000000,-0.020000000,-0.015859662,0.010479649,-0.021087414,0.015240601,0.015730087,-0.015883203,-0.018580770,0.026749602,-0.002865946,-0.870381688,5.081027601,-4.444106544,-0.786968670,-1.003234179,-0.986923123
17.965000000,0.002479259,0.020000000,-0.020000000,-0.015859662,0.010479649,-0.021087414,0.015237411,0.015715920,-0.015883115,-0.018581246,0.026749108,-0.002866247,-0.870240286,5.080346089,-4.423013251,-0.781431185,-1.003227744,-0.986906038
17.970000000,0.002479259,0.020000000,-0.020000000,-0.015859662,0.010479649,-0.021087414,0.015234753,0.015705317,-0.015882880,-0.018581666,0.026748687,-0.002866509,-0.870070082,5.083959348,-4.447504438,-0.787480435,-1.003150409,-0.986853444
17.975000000,0.002479259,0.020000000,-0.020000000,-0.015859662,0.010479649,-0.021087414,0.015232095,0.015694774,-0.015882728,-0.018582053,0.026748267,-0.002866740,-0.869979598,5.089179046,-4.444573668,-0.786685050,-1.003160038,-0.986875809
17.980000000,0.002479259,0.020000000,-0.020000000,-0.015859662,0.010479649,-0.021087414,0.015229435,0.015684098,-0.015882570,-0.018582479,0.026747848,-0.002866998,-0.869806808,5.086548257,-4.448049246,-0.787464615,-1.003101844,-0.986827127
17.985000000,0.002479259,0.020000000,-0.020000000,-0.015859662,0.010479649,-0.021087414,0.015226777,0.015673801,-0.015882418,-0.018582872,0.026747428,-0.002867229,-0.869691554,5.089255438,-4.444430220,-0.786593939,-1.003109556,-0.986851778
17.990000000,0.002479259,0.020000000,-0.020000000,-0.015859662,0.010479649,-0.021087414,0.015224120,0.015663494,-0.015882067,-0.018583292,0.026747004,-0.002867486,-0.869542619,5.094114618,-4.456855414,-0.789417565,-1.003054757,-0.986805998
17.995000000,0.002479259,0.020000000,-0.020000000,-0.015859662,0.010479649,-0.021087414,0.015221466,0.015653408,-0.015882197,-0.018583706,0.026746586,-0.002867714,-0.869383004,5.095024062,-4.423651716,-0.780865892,-1.003086908,-0.986824724
18.000000000,0.002479259,0.020000000,-0.020000000,-0.015859662,0.010479649,-0.021087414,0.015218804,0.015643362,-0.015882065,-0.018584164,0.026746165,-0.002867943,-0.869237638,5.096651865,-4.447067392,-0.786707115,-1.003008783,-0.986773259
