t,q_1,q_2,q_3,q_4,q_5,q_6
0.000001046,0.007581443,0.020000000,-0.020000000,-0.073831834,0.017375275,0.009156704
0.005154767,0.007557843,0.020000000,-0.020000000,-0.073831834,0.017375275,0.009174404
0.010178301,0.007557843,0.020000000,-0.020000000,-0.073831834,0.017363476,0.009156704
0.015132339,0.007557843,0.020000000,-0.020000000,-0.073825933,0.017375275,0.009174404
0.020194126,0.007557843,0.020000000,-0.020000000,-0.073772833,0.017363476,0.009174404
0.025188629,0.007581443,0.020000000,-0.020000000,-0.073271342,0.017375275,0.009174404
0.030165890,0.007581443,0.020000000,-0.020000000,-0.072976343,0.017363476,0.009174404
0.035088096,0.007581443,0.020000000,-0.020000000,-0.072669551,0.017363476,0.009156704
0.040191012,0.007557843,0.020000000,-0.020000000,-0.072427653,0.017363476,0.009174404
0.045182511,0.007557843,0.020000000,-0.020000000,-0.072250657,0.017363476,0.009156704
0.050064553,0.007557843,0.020000000,-0.020000000,-0.072067752,0.017363476,0.009174404
0.055058321,0.007557843,0.020000000,-0.020000000,-0.072044156,0.017363476,0.009174404
0.060057847,0.007581443,0.020000000,-0.020000000,-0.072050057,0.017363476,0.009174404
0.065062235,0.007581443,0.020000000,-0.020000000,-0.072055958,0.017363476,0.009174404
0.070058766,0.007581443,0.020000000,-0.020000000,-0.072079554,0.017363476,0.009174404
0.075062263,0.007581443,0.020000000,-0.020000000,-0.072120853,0.017375275,0.009174404
0.080061823,0.007581443,0.020000000,-0.020000000,-0.072132654,0.017363476,0.009174404
0.085057461,0.007557843,0.020000000,-0.020000000,-0.072156258,0.017363476,0.009156704
0.090057711,0.007557843,0.020000000,-0.020000000,-0.072162151,0.017375275,0.009156704
0.095056939,0.007557843,0.020000000,-0.020000000,-0.072162151,0.017363476,0.009156704
0.100057406,0.007557843,0.020000000,-0.020000000,-0.072162151,0.017363476,0.009174404
0.105056815,0.007557843,0.020000000,-0.020000000,-0.072162151,0.017363476,0.009174404
0.110057014,0.007581443,0.020000000,-0.020000000,-0.072150357,0.017363476,0.009174404
0.115063258,0.007557843,0.020000000,-0.020000000,-0.072144456,0.017363476,0.009156704
0.120057377,0.007557843,0.020000000,-0.020000000,-0.072144456,0.017363476,0.009174404
0.125056794,0.007557843,0.020000000,-0.020000000,-0.072144456,0.017363476,0.009156704
0.130056914,0.007557843,0.020000000,-0.020000000,-0.072138555,0.017345777,0.009156704
0.135057370,0.007557843,0.020000000,-0.020000000,-0.072138555,0.017363476,0.009174404
0.140057330,0.007557843,0.020000000,-0.020000000,-0.072138555,0.017363476,0.009156704
0.145057864,0.007557843,0.020000000,-0.020000000,-0.072138555,0.017363476,0.009174404
0.150139548,0.007557843,0.020000000,-0.020000000,-0.072138555,0.017363476,0.009174404
0.155151518,0.007557843,0.020000000,-0.020000000,-0.072138555,0.017363476,0.009156704
0.160145501,0.007557843,0.020000000,-0.020000000,-0.072138555,0.017363476,0.009156704
0.165145987,0.007557843,0.020000000,-0.020000000,-0.072138555,0.017363476,0.009174404
0.170075669,0.007557843,0.020000000,-0.020000000,-0.072138555,0.017363476,0.009174404
0.175144985,0.007581443,0.020000000,-0.020000000,-0.072138555,0.017375275,0.009174404
0.180149580,0.007557843,0.020000000,-0.020000000,-0.072138555,0.017363476,0.009156704
0.185175960,0.007557843,0.020000000,-0.020000000,-0.072138555,0.017363476,0.009156704
0.190077100,0.007557843,0.020000000,-0.020000000,-0.072138555,0.017375275,0.009156704
0.195143929,0.007557843,0.020000000,-0.020000000,-0.072138555,0.017375275,0.009156704
0.200157070,0.007557843,0.020000000,-0.020000000,-0.072138555,0.017363476,0.009174404
0.205152425,0.007557843,0.020000000,-0.020000000,-0.072138555,0.017363476,0.009174404
0.210132462,0.007557843,0.020000000,-0.020000000,-0.072138555,0.017363476,0.009174404
0.215152482,0.007557843,0.020000000,-0.020000000,-0.072138555,0.017363476,0.009174404
0.220141069,0.007557843,0.020000000,-0.020000000,-0.072138555,0.017363476,0.009174404
0.225147048,0.007557843,0.020000000,-0.020000000,-0.072138555,0.017363476,0.009174404
0.230163717,0.007557843,0.020000000,-0.020000000,-0.072138555,0.017363476,0.009156704
0.235149428,0.007557843,0.020000000,-0.020000000,-0.072138555,0.017363476,0.009174404
0.240152165,0.007557843,0.020000000,-0.020000000,-0.072138555,0.017363476,0.009156704
0.245150661,0.007557843,0.020000000,-0.020000000,-0.072138555,0.017375275,0.009174404
0.250131573,0.007557843,0.020000000,-0.020000000,-0.072138555,0.017363476,0.009156704
0.255152222,0.007557843,0.020000000,-0.020000000,-0.072138555,0.017363476,0.009156704
0.260161367,0.007557843,0.020000000,-0.020000000,-0.072138555,0.017375275,0.009156704
0.265151208,0.007557843,0.020000000,-0.020000000,-0.072138555,0.017363476,0.009156704
0.270144617,0.007557843,0.020000000,-0.020000000,-0.072132654,0.017363476,0.009174404
0.275148405,0.007557843,0.020000000,-0.020000000,-0.072132654,0.017363476,0.009156704
0.280148326,0.007557843,0.020000000,-0.020000000,-0.072132654,0.017375275,0.009156704
0.285147358,0.007557843,0.020000000,-0.020000000,-0.072138555,0.017375275,0.009174404
0.290130002,0.007557843,0.020000000,-0.020000000,-0.072132654,0.017375275,0.009156704
0.295157701,0.007557843,0.020000000,-0.020000000,-0.072138555,0.017363476,0.009174404
0.300142691,0.007557843,0.020000000,-0.020000000,-0.072138555,0.017363476,0.009174404
0.305159647,0.007557843,0.020000000,-0.020000000,-0.072132654,0.017363476,0.009174404
0.310148989,0.007557843,0.020000000,-0.020000000,-0.072132654,0.017363476,0.009174404
0.315141215,0.007557843,0.020000000,-0.020000000,-0.072138555,0.017363476,0.009156704
0.320146236,0.007557843,0.020000000,-0.020000000,-0.072132654,0.017363476,0.009174404
0.325146612,0.007557843,0.020000000,-0.020000000,-0.072132654,0.017363476,0.009174404
0.330121544,0.007557843,0.020000000,-0.020000000,-0.072132654,0.017363476,0.009156704
0.335147300,0.007557843,0.020000000,-0.020000000,-0.072132654,0.017363476,0.009174404
0.340151065,0.007557843,0.020000000,-0.020000000,-0.072132654,0.017363476,0.009156704
0.345140167,0.007557843,0.020000000,-0.020000000,-0.072132654,0.017363476,0.009174404
0.350143163,0.007557843,0.020000000,-0.020000000,-0.072132654,0.017363476,0.009156704
0.355164117,0.007557843,0.020000000,-0.020000000,-0.072132654,0.017363476,0.009156704
0.360148101,0.007557843,0.020000000,-0.020000000,-0.072132654,0.017375275,0.009174404
0.365146169,0.007557843,0.020000000,-0.020000000,-0.072132654,0.017363476,0.009174404
0.370143329,0.007557843,0.020000000,-0.020000000,-0.072132654,0.017363476,0.009156704
0.375148781,0.007557843,0.020000000,-0.020000000,-0.072132654,0.017363476,0.009174404
0.380152859,0.007557843,0.020000000,-0.020000000,-0.072132654,0.017363476,0.009156704
0.385151645,0.007557843,0.020000000,-0.020000000,-0.072132654,0.017363476,0.009174404
0.390127939,0.007557843,0.020000000,-0.020000000,-0.072132654,0.017363476,0.009156704
0.395153652,0.007557843,0.020000000,-0.020000000,-0.072132654,0.017363476,0.009174404
0.400157766,0.007557843,0.020000000,-0.020000000,-0.072132654,0.017363476,0.009174404
0.405146205,0.007557843,0.020000000,-0.020000000,-0.072132654,0.017363476,0.009174404
0.410153450,0.007557843,0.020000000,-0.020000000,-0.072132654,0.017363476,0.009174404
0.415150225,0.007557843,0.020000000,-0.020000000,-0.072132654,0.017363476,0.009174404
0.420138007,0.007557843,0.020000000,-0.020000000,-0.072132654,0.017363476,0.009156704
0.425152789,0.007557843,0.020000000,-0.020000000,-0.072132654,0.017375275,0.009174404
0.430153327,0.007557843,0.020000000,-0.020000000,-0.072132654,0.017363476,0.009174404
0.435143018,0.007557843,0.020000000,-0.020000000,-0.072132654,0.017375275,0.009156704
0.440143271,0.007557843,0.020000000,-0.020000000,-0.072132654,0.017363476,0.009156704
0.445154309,0.007557843,0.020000000,-0.020000000,-0.072132654,0.017363476,0.009156704
0.450118943,0.007557843,0.020000000,-0.020000000,-0.072132654,0.017363476,0.009174404
0.455150927,0.007557843,0.020000000,-0.020000000,-0.072132654,0.017363476,0.009174404
0.460147582,0.007557843,0.020000000,-0.020000000,-0.072132654,0.017363476,0.009174404
0.465167751,0.007557843,0.020000000,-0.020000000,-0.072132654,0.017363476,0.009156704
0.470119086,0.007557843,0.020000000,-0.020000000,-0.072132654,0.017363476,0.009174404
0.475144254,0.007557843,0.020000000,-0.020000000,-0.072132654,0.017363476,0.009174404
0.480144501,0.007557843,0.020000000,-0.020000000,-0.072132654,0.017363476,0.009174404
0.485142716,0.007557843,0.020000000,-0.020000000,-0.072132654,0.017363476,0.009174404
0.490147951,0.007557843,0.020000000,-0.020000000,-0.072132654,0.017363476,0.009156704
0.495148978,0.007557843,0.020000000,-0.020000000,-0.072132654,0.017363476,0.009174404
0.500157862,0.007557843,0.020000000,-0.020000000,-0.072132654,0.017363476,0.009174404
0.505153106,0.007557843,0.020000000,-0.020000000,-0.072132654,0.017363476,0.009174404
0.510123040,0.007557843,0.020000000,-0.020000000,-0.072132654,0.017363476,0.009174404
0.515149458,0.007557843,0.020000000,-0.020000000,-0.072132654,0.017363476,0.009174404
0.520144303,0.007557843,0.020000000,-0.020000000,-0.072132654,0.017363476,0.009174404
0.525156287,0.007557843,0.020000000,-0.020000000,-0.072132654,0.017363476,0.009156704
0.530141895,0.007557843,0.020000000,-0.020000000,-0.072132654,0.017363476,0.009174404
0.535146531,0.007557843,0.020000000,-0.020000000,-0.072132654,0.017363476,0.009174404
0.540160406,0.007557843,0.020000000,-0.020000000,-0.072132654,0.017363476,0.009156704
0.545152623,0.007557843,0.020000000,-0.020000000,-0.072132654,0.017363476,0.009156704
0.550119880,0.007557843,0.020000000,-0.020000000,-0.072132654,0.017375275,0.009174404
0.555149017,0.007557843,0.020000000,-0.020000000,-0.072132654,0.017363476,0.009156704
0.560150684,0.007557843,0.020000000,-0.020000000,-0.072132654,0.017363476,0.009174404
0.565142300,0.007557843,0.020000000,-0.020000000,-0.072132654,0.017363476,0.009174404
0.570146972,0.007557843,0.020000000,-0.020000000,-0.072132654,0.017375275,0.009174404
0.575142432,0.007557843,0.020000000,-0.020000000,-0.072132654,0.017363476,0.009156704
0.580139965,0.007557843,0.020000000,-0.020000000,-0.072132654,0.017363476,0.009156704
0.585161123,0.007557843,0.020000000,-0.020000000,-0.072132654,0.017363476,0.009174404
0.590151890,0.007557843,0.020000000,-0.020000000,-0.072132654,0.017363476,0.009174404
0.595138129,0.007557843,0.020000000,-0.020000000,-0.072132654,0.017363476,0.009156704
0.600149669,0.007557843,0.020000000,-0.020000000,-0.072132654,0.017363476,0.009174404
0.605144463,0.007557843,0.020000000,-0.020000000,-0.072132654,0.017363476,0.009174404
0.610123927,0.007557843,0.020000000,-0.020000000,-0.072132654,0.017363476,0.009174404
0.615154233,0.007557843,0.020000000,-0.020000000,-0.072132654,0.017363476,0.009156704
0.620149960,0.007557843,0.020000000,-0.020000000,-0.072132654,0.017363476,0.009156704
0.625148556,0.007557843,0.020000000,-0.020000000,-0.072132654,0.017363476,0.009174404
0.630150278,0.007557843,0.020000000,-0.020000000,-0.072132654,0.017363476,0.009174404
0.635157871,0.007557843,0.020000000,-0.020000000,-0.072132654,0.017363476,0.009174404
0.640151297,0.007557843,0.020000000,-0.020000000,-0.072132654,0.017363476,0.009174404
0.645155733,0.007557843,0.020000000,-0.020000000,-0.072132654,0.017363476,0.009174404
0.650118931,0.007557843,0.020000000,-0.020000000,-0.072132654,0.017363476,0.009174404
0.655145379,0.007557843,0.020000000,-0.020000000,-0.072132654,0.017363476,0.009174404
0.660147240,0.007557843,0.020000000,-0.020000000,-0.072132654,0.017363476,0.009156704
0.665151205,0.007557843,0.020000000,-0.020000000,-0.072132654,0.017363476,0.009156704
0.670147937,0.007557843,0.020000000,-0.020000000,-0.072132654,0.017375275,0.009174404
0.675146023,0.007557843,0.020000000,-0.020000000,-0.072132654,0.017363476,0.009156704
0.680147277,0.007557843,0.020000000,-0.020000000,-0.072132654,0.017363476,0.009174404
0.685153640,0.007557843,0.020000000,-0.020000000,-0.072132654,0.017363476,0.009156704
0.690143247,0.007557843,0.020000000,-0.020000000,-0.072132654,0.017363476,0.009174404
0.695160105,0.007557843,0.020000000,-0.020000000,-0.072132654,0.017363476,0.009174404
0.700150791,0.007557843,0.020000000,-0.020000000,-0.072132654,0.017363476,0.009156704
0.705150594,0.007557843,0.020000000,-0.020000000,-0.072132654,0.017363476,0.009156704
0.710118793,0.007557843,0.020000000,-0.020000000,-0.072132654,0.017363476,0.009156704
0.715150910,0.007557843,0.020000000,-0.020000000,-0.072132654,0.017363476,0.009174404
0.720152490,0.007557843,0.020000000,-0.020000000,-0.072132654,0.017363476,0.009174404
0.725155064,0.007557843,0.020000000,-0.020000000,-0.072132654,0.017363476,0.009174404
0.730152519,0.007557843,0.020000000,-0.020000000,-0.072132654,0.017363476,0.009174404
0.735073437,0.007557843,0.020000000,-0.020000000,-0.072132654,0.017375275,0.009156704
0.740149139,0.007557843,0.020000000,-0.020000000,-0.072132654,0.017363476,0.009174404
0.745142797,0.007557843,0.020000000,-0.020000000,-0.072132654,0.017363476,0.009174404
0.750120606,0.007557843,0.020000000,-0.020000000,-0.072132654,0.017363476,0.009156704
0.755149301,0.007540145,0.020000000,-0.020000000,-0.072132654,0.017363476,0.009174404
0.760146652,0.007540145,0.020000000,-0.020000000,-0.072132654,0.017363476,0.009156704
0.765140358,0.007557843,0.020000000,-0.020000000,-0.072132654,0.017363476,0.009174404
0.770129419,0.007557843,0.020000000,-0.020000000,-0.072132654,0.017375275,0.009174404
0.775153815,0.007557843,0.020000000,-0.020000000,-0.072132654,0.017363476,0.009156704
0.780149394,0.007557843,0.020000000,-0.020000000,-0.072132654,0.017375275,0.009174404
0.785147806,0.007557843,0.020000000,-0.020000000,-0.072132654,0.017363476,0.009156704
0.790133281,0.007557843,0.020000000,-0.020000000,-0.072132654,0.017375275,0.009174404
0.795148865,0.007557843,0.020000000,-0.020000000,-0.072132654,0.017375275,0.009174404
0.800144377,0.007557843,0.020000000,-0.020000000,-0.072132654,0.017363476,0.009174404
0.805150799,0.007557843,0.020000000,-0.020000000,-0.072132654,0.017375275,0.009174404
0.810147721,0.007557843,0.020000000,-0.020000000,-0.072132654,0.017363476,0.009156704
0.815149788,0.007557843,0.020000000,-0.020000000,-0.072132654,0.017363476,0.009174404
0.820146340,0.007557843,0.020000000,-0.020000000,-0.072132654,0.017363476,0.009156704
0.825167159,0.007557843,0.020000000,-0.020000000,-0.072132654,0.017375275,0.009174404
0.830124312,0.007557843,0.020000000,-0.020000000,-0.072132654,0.017363476,0.009156704
0.835143888,0.007557843,0.020000000,-0.020000000,-0.072132654,0.017363476,0.009156704
0.840144954,0.007557843,0.020000000,-0.020000000,-0.072132654,0.017363476,0.009174404
0.845153900,0.007557843,0.020000000,-0.020000000,-0.072132654,0.017363476,0.009156704
0.850147426,0.007557843,0.020000000,-0.020000000,-0.072132654,0.017363476,0.009174404
0.855167108,0.007557843,0.020000000,-0.020000000,-0.072132654,0.017363476,0.009156704
0.860154977,0.007557843,0.020000000,-0.020000000,-0.072132654,0.017375275,0.009174404
0.865142421,0.007557843,0.020000000,-0.020000000,-0.072132654,0.017363476,0.009174404
0.870149976,0.007557843,0.020000000,-0.020000000,-0.072132654,0.017375275,0.009174404
0.875142602,0.007557843,0.020000000,-0.020000000,-0.072132654,0.017363476,0.009174404
0.880147833,0.007557843,0.020000000,-0.020000000,-0.072132654,0.017363476,0.009156704
0.885143395,0.007557843,0.020000000,-0.020000000,-0.072132654,0.017375275,0.009174404
0.890127886,0.007557843,0.020000000,-0.020000000,-0.072132654,0.017363476,0.009174404
0.895144225,0.007557843,0.020000000,-0.020000000,-0.072132654,0.017375275,0.009174404
0.900150801,0.007557843,0.020000000,-0.020000000,-0.072132654,0.017363476,0.009156704
0.905150875,0.007557843,0.020000000,-0.020000000,-0.072132654,0.017375275,0.009156704
0.910146763,0.007540145,0.020000000,-0.020000000,-0.072132654,0.017363476,0.009174404
0.915153027,0.007557843,0.020000000,-0.020000000,-0.072132654,0.017375275,0.009174404
0.920140649,0.007540145,0.020000000,-0.020000000,-0.072132654,0.017363476,0.009174404
0.925141696,0.007557843,0.020000000,-0.020000000,-0.072132654,0.017375275,0.009174404
0.930152886,0.007557843,0.020000000,-0.020000000,-0.072132654,0.017363476,0.009156704
0.935148471,0.007557843,0.020000000,-0.020000000,-0.072132654,0.017363476,0.009174404
0.940151844,0.007540145,0.020000000,-0.020000000,-0.072132654,0.017375275,0.009156704
0.945148395,0.007557843,0.020000000,-0.020000000,-0.072132654,0.017375275,0.009174404
0.950127000,0.007557843,0.020000000,-0.020000000,-0.072132654,0.017375275,0.009174404
0.955155723,0.007557843,0.020000000,-0.020000000,-0.072132654,0.017363476,0.009156704
0.960144090,0.007557843,0.020000000,-0.020000000,-0.072132654,0.017363476,0.009174404
0.965148685,0.007557843,0.020000000,-0.020000000,-0.072132654,0.017363476,0.009174404
0.970147791,0.007557843,0.020000000,-0.020000000,-0.072132654,0.017363476,0.009174404
0.975152956,0.007557843,0.020000000,-0.020000000,-0.072132654,0.017363476,0.009174404
0.980148743,0.007557843,0.020000000,-0.020000000,-0.072132654,0.017375275,0.009156704
0.985151864,0.007557843,0.020000000,-0.020000000,-0.072132654,0.017363476,0.009174404
0.990157063,0.007557843,0.020000000,-0.020000000,-0.072132654,0.017363476,0.009156704
0.995147709,0.007557843,0.020000000,-0.020000000,-0.072132654,0.017363476,0.009174404
1.000155283,0.007557843,0.020000000,-0.020000000,-0.072132654,0.017363476,0.009156704
1.005153706,0.007557843,0.020000000,-0.020000000,-0.072132654,0.017363476,0.009174404
1.010140703,0.007557843,0.020000000,-0.020000000,-0.072132654,0.017375275,0.009156704
1.015144362,0.007557843,0.020000000,-0.020000000,-0.072132654,0.017375275,0.009156704
1.020159559,0.007557843,0.020000000,-0.020000000,-0.072132654,0.017363476,0.009174404
1.025143286,0.007557843,0.020000000,-0.020000000,-0.072132654,0.017363476,0.009156704
1.030125462,0.007557843,0.020000000,-0.020000000,-0.072132654,0.017375275,0.009174404
1.035164523,0.007557843,0.020000000,-0.020000000,-0.072132654,0.017363476,0.009174404
1.040156328,0.007557843,0.020000000,-0.020000000,-0.072132654,0.017363476,0.009156704
1.045154760,0.007557843,0.020000000,-0.020000000,-0.072132654,0.017363476,0.009156704
1.050144988,0.007540145,0.020000000,-0.020000000,-0.072132654,0.017363476,0.009174404
1.055154769,0.007557843,0.020000000,-0.020000000,-0.072132654,0.017363476,0.009174404
1.060150943,0.007540145,0.020000000,-0.020000000,-0.072132654,0.017363476,0.009174404
1.065147539,0.007557843,0.020000000,-0.020000000,-0.072132654,0.017363476,0.009156704
1.070131193,0.007557843,0.020000000,-0.020000000,-0.072132654,0.017363476,0.009174404
1.075141920,0.007557843,0.020000000,-0.020000000,-0.072132654,0.017375275,0.009174404
1.080154073,0.007557843,0.020000000,-0.020000000,-0.072132654,0.017363476,0.009174404
1.085153490,0.007557843,0.020000000,-0.020000000,-0.072132654,0.017363476,0.009174404
1.090130485,0.007540145,0.020000000,-0.020000000,-0.072138555,0.017363476,0.009174404
1.095147202,0.007557843,0.020000000,-0.020000000,-0.072132654,0.017363476,0.009156704
1.100162986,0.007557843,0.020000000,-0.020000000,-0.072132654,0.017363476,0.009174404
1.105153382,0.007557843,0.020000000,-0.020000000,-0.072132654,0.017363476,0.009156704
1.110125276,0.007557843,0.020000000,-0.020000000,-0.072132654,0.017363476,0.009174404
1.115146898,0.007557843,0.020000000,-0.020000000,-0.072132654,0.017363476,0.009174404
1.120152926,0.007540145,0.020000000,-0.020000000,-0.072132654,0.017363476,0.009156704
1.125149821,0.007540145,0.020000000,-0.020000000,-0.072132654,0.017363476,0.009174404
1.130139341,0.007557843,0.020000000,-0.020000000,-0.072132654,0.017363476,0.009174404
1.135155778,0.007557843,0.020000000,-0.020000000,-0.072132654,0.017375275,0.009156704
1.140150948,0.007557843,0.020000000,-0.020000000,-0.072132654,0.017363476,0.009174404
1.145158031,0.007557843,0.020000000,-0.020000000,-0.072132654,0.017375275,0.009156704
1.150128576,0.007557843,0.020000000,-0.020000000,-0.072132654,0.017375275,0.009174404
1.155146947,0.007557843,0.020000000,-0.020000000,-0.072132654,0.017363476,0.009174404
1.160145405,0.007557843,0.020000000,-0.020000000,-0.072132654,0.017375275,0.009174404
1.165144656,0.007557843,0.020000000,-0.020000000,-0.072132654,0.017363476,0.009156704
1.170133031,0.007557843,0.020000000,-0.020000000,-0.072132654,0.017363476,0.009156704
1.175151142,0.007557843,0.020000000,-0.020000000,-0.072132654,0.017363476,0.009174404
1.180158652,0.007540145,0.020000000,-0.020000000,-0.072132654,0.017363476,0.009174404
1.185154441,0.007557843,0.020000000,-0.020000000,-0.072132654,0.017363476,0.009156704
1.190124590,0.007557843,0.020000000,-0.020000000,-0.072132654,0.017375275,0.009174404
1.195152666,0.007540145,0.020000000,-0.020000000,-0.072132654,0.017375275,0.009174404
1.200143414,0.007557843,0.020000000,-0.020000000,-0.072132654,0.017375275,0.009174404
1.205152920,0.007557843,0.020000000,-0.020000000,-0.072132654,0.017375275,0.009156704
1.210130312,0.007557843,0.020000000,-0.020000000,-0.072132654,0.017363476,0.009174404
1.215159665,0.007557843,0.020000000,-0.020000000,-0.072132654,0.017363476,0.009174404
1.220145549,0.007557843,0.020000000,-0.020000000,-0.072132654,0.017363476,0.009156704
1.225158083,0.007557843,0.020000000,-0.020000000,-0.072132654,0.017363476,0.009174404
1.230155058,0.007540145,0.020000000,-0.020000000,-0.072132654,0.017375275,0.009156704
1.235148379,0.007557843,0.020000000,-0.020000000,-0.072132654,0.017375275,0.009174404
1.240146809,0.007557843,0.020000000,-0.020000000,-0.072138555,0.017375275,0.009156704
1.245150687,0.007557843,0.020000000,-0.020000000,-0.072132654,0.017363476,0.009156704
1.250124101,0.007540145,0.020000000,-0.020000000,-0.072138555,0.017363476,0.009174404
1.255143872,0.007557843,0.020000000,-0.020000000,-0.072132654,0.017363476,0.009174404
1.260150664,0.007557843,0.020000000,-0.020000000,-0.072132654,0.017363476,0.009156704
1.265161853,0.007557843,0.020000000,-0.020000000,-0.072138555,0.017363476,0.009174404
1.270125109,0.007557843,0.020000000,-0.020000000,-0.072138555,0.017363476,0.009174404
1.275150173,0.007557843,0.020000000,-0.020000000,-0.072132654,0.017375275,0.009174404
1.280147524,0.007557843,0.020000000,-0.020000000,-0.072138555,0.017375275,0.009174404
1.285145412,0.007557843,0.020000000,-0.020000000,-0.072132654,0.017375275,0.009156704
1.290124414,0.007557843,0.020000000,-0.020000000,-0.072138555,0.017363476,0.009156704
1.295150851,0.007557843,0.020000000,-0.020000000,-0.072138555,0.017375275,0.009174404
1.300142702,0.007557843,0.020000000,-0.020000000,-0.072138555,0.017375275,0.009174404
1.305141257,0.007557843,0.020000000,-0.020000000,-0.072132654,0.017363476,0.009174404
1.310122712,0.007557843,0.020000000,-0.020000000,-0.072132654,0.017375275,0.009156704
1.315151145,0.007557843,0.020000000,-0.020000000,-0.072138555,0.017375275,0.009174404
1.320171389,0.007557843,0.020000000,-0.020000000,-0.072138555,0.017375275,0.009174404
1.325156838,0.007540145,0.020000000,-0.020000000,-0.072132654,0.017375275,0.009174404
1.330132822,0.007557843,0.020000000,-0.020000000,-0.072138555,0.017363476,0.009174404
1.335145073,0.007557843,0.020000000,-0.020000000,-0.072132654,0.017375275,0.009174404
1.340145835,0.007557843,0.020000000,-0.020000000,-0.072132654,0.017363476,0.009174404
1.345150275,0.007557843,0.020000000,-0.020000000,-0.072138555,0.017375275,0.009174404
1.350138790,0.007557843,0.020000000,-0.020000000,-0.072138555,0.017375275,0.009192104
1.355144466,0.007557843,0.020000000,-0.020000000,-0.072138555,0.017375275,0.009174404
1.360147568,0.007557843,0.020000000,-0.020000000,-0.072132654,0.017392976,0.009174404
1.365148160,0.007557843,0.020000000,-0.020000000,-0.072138555,0.017375275,0.009174404
1.370126729,0.007557843,0.020000000,-0.020000000,-0.072138555,0.017392976,0.009174404
1.375156124,0.007557843,0.020000000,-0.020000000,-0.072138555,0.017392976,0.009174404
1.380148496,0.007557843,0.020000000,-0.020000000,-0.072138555,0.017392976,0.009192104
1.385145976,0.007557843,0.020000000,-0.020000000,-0.072138555,0.017392976,0.009192104
1.390125784,0.007557843,0.020000000,-0.020000000,-0.072138555,0.017404776,0.009192104
1.395157057,0.007557843,0.020000000,-0.020000000,-0.072138555,0.017404776,0.009192104
1.400150802,0.007557843,0.020000000,-0.020000000,-0.072138555,0.017404776,0.009192104
1.405159029,0.007557843,0.020000000,-0.020000000,-0.072138555,0.017404776,0.009192104
1.410148439,0.007557843,0.020000000,-0.020000000,-0.072138555,0.017422475,0.009192104
1.415143520,0.007557843,0.020000000,-0.020000000,-0.072138555,0.017422475,0.009203903
1.420146721,0.007557843,0.020000000,-0.020000000,-0.072138555,0.017434275,0.009203903
1.425163819,0.007557843,0.020000000,-0.020000000,-0.072138555,0.017434275,0.009203903
1.430132749,0.007557843,0.020000000,-0.020000000,-0.072138555,0.017463775,0.009239303
1.435157330,0.007581443,0.020000000,-0.020000000,-0.072138555,0.017451975,0.009274703
1.440143698,0.007581443,0.020000000,-0.020000000,-0.072138555,0.017463775,0.009292402
1.445157670,0.007581443,0.020000000,-0.020000000,-0.072138555,0.017481474,0.009321902
1.450122041,0.007581443,0.020000000,-0.020000000,-0.072138555,0.017481474,0.009357302
1.455164105,0.007581443,0.020000000,-0.020000000,-0.072138555,0.017493274,0.009445801
1.460148301,0.007581443,0.020000000,-0.020000000,-0.072138555,0.017493274,0.009510701
1.465147788,0.007581443,0.020000000,-0.020000000,-0.072138555,0.017493274,0.009563800
1.470154309,0.007581443,0.020000000,-0.020000000,-0.072138555,0.017510975,0.009610999
1.475167713,0.007599145,0.020000000,-0.020000000,-0.072138555,0.017522775,0.009734897
1.480163998,0.007599145,0.020000000,-0.020000000,-0.072138555,0.017522775,0.009787996
1.485145958,0.007599145,0.020000000,-0.020000000,-0.072138555,0.017540473,0.009817496
1.490124132,0.007599145,0.020000000,-0.020000000,-0.072138555,0.017552273,0.009870595
1.495152780,0.007599145,0.020000000,-0.020000000,-0.072138555,0.017569974,0.009923695
1.500143745,0.007622744,0.020000000,-0.020000000,-0.072144456,0.017628970,0.010047593
1.505156547,0.007622744,0.020000000,-0.020000000,-0.072144456,0.017658472,0.010100693
1.510151163,0.007640442,0.020000000,-0.020000000,-0.072144456,0.017741071,0.010189192
1.515145961,0.007640442,0.020000000,-0.020000000,-0.072144456,0.017800070,0.010242292
1.520151206,0.007640442,0.020000000,-0.020000000,-0.072144456,0.017859070,0.010277691
1.525152892,0.007640442,0.020000000,-0.020000000,-0.072144456,0.017929869,0.010330789
1.530127385,0.007664042,0.020000000,-0.020000000,-0.072144456,0.017982967,0.010348489
1.535151636,0.007664042,0.020000000,-0.020000000,-0.072144456,0.018124565,0.010454687
1.540142847,0.007687642,0.020000000,-0.020000000,-0.072144456,0.018207164,0.010525487
1.545154078,0.007687642,0.020000000,-0.020000000,-0.072144456,0.018307462,0.010578587
1.550129244,0.007687642,0.020000000,-0.020000000,-0.072144456,0.018384162,0.010649386
1.555158191,0.007728944,0.020000000,-0.020000000,-0.072144456,0.018466763,0.010708385
1.560147941,0.007746642,0.020000000,-0.020000000,-0.072144456,0.018614259,0.010849983
1.565167482,0.007770241,0.020000000,-0.020000000,-0.072144456,0.018679161,0.010920784
1.570121017,0.007811543,0.020000000,-0.020000000,-0.072150357,0.018755857,0.011085980
1.575143203,0.007852840,0.020000000,-0.020000000,-0.072150357,0.018785359,0.011162679
1.580153943,0.007870538,0.020000000,-0.020000000,-0.072150357,0.018820759,0.011233479
1.585151141,0.007911840,0.020000000,-0.020000000,-0.072150357,0.018862057,0.011327878
1.590125067,0.007959039,0.020000000,-0.020000000,-0.072150357,0.018915154,0.011404577
1.595154190,0.008059337,0.020000000,-0.020000000,-0.072156258,0.019027255,0.011557975
1.600143081,0.008100638,0.020000000,-0.020000000,-0.072156258,0.019086255,0.011628773
1.605152407,0.008183237,0.020000000,-0.020000000,-0.072156258,0.019174753,0.011705472
1.610119979,0.008224535,0.020000000,-0.020000000,-0.072156258,0.019251453,0.011782171
1.615151823,0.008330734,0.020000000,-0.020000000,-0.072156258,0.019428451,0.011953269
1.620159902,0.008372036,0.020000000,-0.020000000,-0.072156258,0.019546449,0.012035869
1.625154088,0.008431035,0.020000000,-0.020000000,-0.072162151,0.019652646,0.012130268
1.630131435,0.008472333,0.020000000,-0.020000000,-0.072162151,0.019752946,0.012230567
1.635148717,0.008513630,0.020000000,-0.020000000,-0.072168052,0.019859144,0.012324964
1.640150909,0.008613931,0.020000000,-0.020000000,-0.072185755,0.020000745,0.012525562
1.645168947,0.008678828,0.020000000,-0.020000000,-0.072197556,0.020077441,0.012602261
1.650074614,0.008779130,0.020000000,-0.020000000,-0.072221152,0.020242639,0.012802860
1.655147586,0.008861729,0.020000000,-0.020000000,-0.072238855,0.020348839,0.012903159
1.660145793,0.008897129,0.020000000,-0.020083368,-0.072268352,0.020472735,0.013003455
1.665148490,0.008962026,0.020000000,-0.020278065,-0.072286054,0.020596636,0.013103754
1.670120109,0.009021025,0.020000000,-0.020466864,-0.072315551,0.020726435,0.013209954
1.675149423,0.009139025,0.020000000,-0.020938858,-0.072374552,0.020968331,0.013434151
1.680154984,0.009203922,0.020000000,-0.021098159,-0.072415851,0.021074530,0.013558051
1.685156908,0.009262921,0.020000000,-0.021328252,-0.072451249,0.021157129,0.013658348
1.690123508,0.009321921,0.020000000,-0.021540649,-0.072486654,0.021245627,0.013764546
1.695149688,0.009422221,0.020000000,-0.022053946,-0.072551548,0.021446224,0.014012344
1.700151409,0.009481221,0.020000000,-0.022236839,-0.072598748,0.021570122,0.014136243
1.705141340,0.009540221,0.020000000,-0.022384344,-0.072640046,0.021711720,0.014260140
1.710152291,0.009599220,0.020000000,-0.022608537,-0.072675452,0.021853318,0.014342739
1.715157361,0.009658219,0.020000000,-0.022856330,-0.072710849,0.021994917,0.014466638
1.720155098,0.009799818,0.020000000,-0.023346027,-0.072799347,0.022230916,0.014696736
1.725155915,0.009894214,0.020000000,-0.023552528,-0.072840646,0.022319412,0.014820634
1.730124373,0.010071211,0.020000000,-0.023995018,-0.072929144,0.022496410,0.015068430
1.735147120,0.010153810,0.020000000,-0.024248717,-0.072976343,0.022614410,0.015192329
1.740149916,0.010230511,0.020000000,-0.024449311,-0.073017642,0.022750109,0.015316227
1.745149909,0.010324911,0.020000000,-0.024626315,-0.073058940,0.022891704,0.015422427
1.750147812,0.010401608,0.020000000,-0.024809206,-0.073106140,0.023039205,0.015546326
1.755181164,0.010596305,0.020000000,-0.025234003,-0.073206440,0.023328301,0.015758721
1.760154336,0.010714304,0.020000000,-0.025452299,-0.073259540,0.023440402,0.015900319
1.765159092,0.010808703,0.020000000,-0.025635198,-0.073306739,0.023540698,0.016006520
1.770119714,0.010926701,0.020000000,-0.025823997,-0.073359840,0.023652796,0.016136318
1.775150260,0.011038803,0.020000000,-0.026018692,-0.073412940,0.023770794,0.016283814
1.780156562,0.011286596,0.020000000,-0.026443489,-0.073507339,0.024077592,0.016572911
1.785158382,0.011398697,0.020036189,-0.026655886,-0.073554538,0.024254590,0.016720410
1.790155082,0.011510794,0.020124685,-0.026838787,-0.073595837,0.024431588,0.016850209
1.795143871,0.011734992,0.020345934,-0.027204579,-0.073696136,0.024708888,0.017098006
1.800152637,0.011847089,0.020469831,-0.027393378,-0.073737435,0.024826879,0.017245503
1.805147509,0.011953288,0.020596679,-0.027599877,-0.073784634,0.024950784,0.017416602
1.810139100,0.012083086,0.020741228,-0.027788676,-0.073831834,0.025098279,0.017540500
1.815152037,0.012342684,0.021027373,-0.028166264,-0.073938034,0.025434574,0.017859096
1.820146635,0.012466581,0.021136522,-0.028343266,-0.073997036,0.025623374,0.017982995
1.825151737,0.012572780,0.021245670,-0.028514363,-0.074056029,0.025788572,0.018130492
1.830132488,0.012702579,0.021357769,-0.028661860,-0.074109130,0.025953770,0.018254390
1.835147186,0.012932679,0.021608517,-0.028986359,-0.074227132,0.026272362,0.018549386
1.840149641,0.013056575,0.021773715,-0.029122058,-0.074286126,0.026455263,0.018738186
1.845149264,0.013198174,0.021921214,-0.029269556,-0.074351028,0.026632257,0.018909281
1.850134432,0.013339773,0.022056911,-0.029405249,-0.074410029,0.026803354,0.019074481
1.855143348,0.013463669,0.022180811,-0.029546848,-0.074474923,0.026980355,0.019204279
1.860146704,0.013723267,0.022449255,-0.029794648,-0.074592926,0.027316650,0.019499274
1.865145048,0.013864866,0.022582006,-0.029918546,-0.074646026,0.027475951,0.019670373
1.870127335,0.014136263,0.022918303,-0.030189939,-0.074764021,0.027829947,0.020030269
1.875155655,0.014283760,0.023086447,-0.030319743,-0.074817121,0.028024644,0.020195466
1.880149947,0.014437159,0.023225095,-0.030455435,-0.074870221,0.028219340,0.020348864
1.885147460,0.014602357,0.023313597,-0.030597033,-0.074923322,0.028408138,0.020514064
1.890154107,0.014761654,0.023452245,-0.030726837,-0.074976422,0.028591039,0.020685161
1.895146199,0.015050752,0.023794442,-0.030951038,-0.075094417,0.028974533,0.021086356
1.900156756,0.015210049,0.023980286,-0.031063132,-0.075159319,0.029169230,0.021298753
1.905147198,0.015363447,0.024163185,-0.031192934,-0.075224213,0.029358028,0.021487549
1.910124937,0.015534544,0.024343133,-0.031316824,-0.075289115,0.029564520,0.021652749
1.915151824,0.015711542,0.024511281,-0.031446625,-0.075354017,0.029759225,0.021835646
1.920146572,0.016047837,0.024806278,-0.031735722,-0.075495616,0.030166319,0.022225041
1.925159237,0.016218938,0.024968524,-0.031859625,-0.075560510,0.030390512,0.022431539
1.930132055,0.016372336,0.025172070,-0.031965822,-0.075631313,0.030614713,0.022590837
1.935146451,0.016525730,0.025354972,-0.032083813,-0.075702108,0.030844806,0.022767836
1.940180229,0.016873829,0.025647016,-0.032302115,-0.075843707,0.031275500,0.023139529
1.945145227,0.017056726,0.025815163,-0.032426018,-0.075914510,0.031476103,0.023351926
1.950137534,0.017381221,0.026169162,-0.032703303,-0.076050207,0.031924497,0.023711825
1.955144294,0.017570019,0.026366808,-0.032844901,-0.076121002,0.032130990,0.023900619
1.960147064,0.017723417,0.026561504,-0.032992415,-0.076185904,0.032319788,0.024107119
1.965149894,0.017912215,0.026720803,-0.033098608,-0.076250806,0.032520391,0.024325415
1.970129044,0.018124614,0.026888950,-0.033222500,-0.076315701,0.032732781,0.024579110
1.975151889,0.018514005,0.027245896,-0.033464395,-0.076457299,0.033192981,0.024986207
1.980155088,0.018708706,0.027452394,-0.033605993,-0.076534003,0.033405378,0.025210403
1.985157839,0.018891603,0.027664790,-0.033759404,-0.076610699,0.033600073,0.025452303
1.990131609,0.019104000,0.027850635,-0.033918697,-0.076687396,0.033806574,0.025705997
1.995161835,0.019310497,0.028036483,-0.034095697,-0.076770000,0.034018964,0.025936093
2.000144675,0.019729394,0.028449481,-0.034390692,-0.076929294,0.034485061,0.026378591
2.005156096,0.019924091,0.028679579,-0.034549985,-0.077011891,0.034726959,0.026649985
2.010165163,0.020112889,0.028900828,-0.034709293,-0.077088594,0.034962956,0.026933182
2.015168868,0.020531779,0.029343320,-0.035086889,-0.077247888,0.035440847,0.027428778
2.020150257,0.020750083,0.029558666,-0.035269774,-0.077330492,0.035682745,0.027682474
2.025158156,0.020950677,0.029779911,-0.035434980,-0.077401288,0.035918742,0.027959768
2.030137962,0.021157177,0.029986413,-0.035594273,-0.077483885,0.036148842,0.028201668
2.035148677,0.021623267,0.030440703,-0.035889268,-0.077649087,0.036591340,0.028756259
2.040154258,0.021847468,0.030679652,-0.036066268,-0.077743486,0.036833234,0.029068954
2.045155867,0.022071661,0.030912697,-0.036219664,-0.077837884,0.037086926,0.029352151
2.050118725,0.022284061,0.031122150,-0.036390767,-0.077932283,0.037334729,0.029617650
2.055152689,0.022732455,0.031600043,-0.036691658,-0.078132883,0.037824418,0.030172242
2.060142455,0.022962548,0.031862590,-0.036833256,-0.078221381,0.038066313,0.030473137
2.065150680,0.023186749,0.032116286,-0.036957160,-0.078303978,0.038331818,0.030744534
2.070126153,0.023399148,0.032364082,-0.037098762,-0.078380674,0.038591407,0.031015933
2.075147972,0.023605641,0.032611877,-0.037258051,-0.078451477,0.038851004,0.031299129
2.080149116,0.024048138,0.033128120,-0.037600245,-0.078587174,0.039411500,0.031906821
2.085148197,0.024278237,0.033396572,-0.037765451,-0.078652076,0.039682895,0.032190017
2.090121202,0.024738429,0.033892166,-0.038084038,-0.078793675,0.040196192,0.032774109
2.095160254,0.024962623,0.034160614,-0.038278747,-0.078870371,0.040473491,0.033092704
2.100148861,0.025186826,0.034420207,-0.038455736,-0.078947067,0.040756680,0.033375900
2.105153519,0.025422823,0.034673899,-0.038650431,-0.079029672,0.041022182,0.033664998
2.110142836,0.025664719,0.034960054,-0.038833331,-0.079106368,0.041287679,0.033971794
2.115147339,0.026107216,0.035535298,-0.039246332,-0.079277463,0.041918967,0.034603085
2.120149348,0.026360909,0.035812594,-0.039458722,-0.079371862,0.042225763,0.034915783
2.125150516,0.026614606,0.036101688,-0.039671127,-0.079472162,0.042532563,0.035216682
2.130134062,0.026856503,0.036402583,-0.039859924,-0.079560660,0.042862959,0.035523478
2.135152527,0.027068902,0.036679879,-0.040095925,-0.079655059,0.043193355,0.035824373
2.140144393,0.027534992,0.037266925,-0.040556107,-0.079837956,0.043824643,0.036432065
2.145154637,0.027800495,0.037585519,-0.040821612,-0.079926461,0.044166844,0.036756560
2.150124766,0.028060092,0.037880514,-0.041045811,-0.080020860,0.044485439,0.037039757
2.155152400,0.028278388,0.038169611,-0.041293606,-0.080121152,0.044780429,0.037328850
2.160157061,0.028750382,0.038768448,-0.041795094,-0.080321752,0.045470722,0.037954245
2.165153919,0.029004075,0.039057553,-0.042048801,-0.080427952,0.045783423,0.038237441
2.170132076,0.029257774,0.039367296,-0.042284798,-0.080534153,0.046107914,0.038514737
2.175154135,0.029735668,0.040013336,-0.042709593,-0.080734745,0.046815909,0.039134230
2.180148819,0.029989367,0.040328979,-0.043051787,-0.080835044,0.047181703,0.039446928
2.185152399,0.030254863,0.040641680,-0.043329086,-0.080917642,0.047553401,0.039747823
2.190135339,0.030461356,0.040951423,-0.043612283,-0.081000246,0.047907397,0.040060520
2.195156016,0.030939249,0.041573867,-0.044143274,-0.081194945,0.048650786,0.040638711
2.200163813,0.031204753,0.041913114,-0.044438265,-0.081295237,0.049028382,0.040951405
2.205154992,0.031458445,0.042258263,-0.044733260,-0.081395537,0.049388278,0.041287705
2.210157221,0.031700339,0.042570952,-0.045010559,-0.081513539,0.049789473,0.041612200
2.215149016,0.031918645,0.042860050,-0.045264252,-0.081619740,0.050161164,0.041907195
2.220149347,0.032431934,0.043553293,-0.045807052,-0.081838034,0.050916355,0.042585690
2.225161879,0.032685634,0.043854192,-0.046102047,-0.081944235,0.051288053,0.042910185
2.230130195,0.032933425,0.044225886,-0.046397042,-0.082038634,0.051689252,0.043228779
2.235159227,0.033175323,0.044559233,-0.046674341,-0.082127132,0.052060943,0.043541476
2.240142842,0.033682719,0.045090225,-0.047246631,-0.082310028,0.052827932,0.044137366
2.245148576,0.033918720,0.045391124,-0.047547523,-0.082398526,0.053205527,0.044414662
2.250165997,0.034166511,0.045697916,-0.047866125,-0.082492925,0.053565420,0.044691961
2.255143567,0.034668006,0.046252511,-0.048414811,-0.082705319,0.054320615,0.045299653
2.260147388,0.034915801,0.046585850,-0.048733409,-0.082811520,0.054698210,0.045641847
2.265145879,0.035151798,0.046866104,-0.049028404,-0.082900017,0.055123005,0.045978148
2.270133573,0.035381898,0.047084399,-0.049317498,-0.082994416,0.055482902,0.046284940
2.275147653,0.035623793,0.047332197,-0.049612507,-0.083094716,0.055866394,0.046603538
2.280165883,0.036166586,0.047954634,-0.050208393,-0.083301216,0.056609783,0.047252532
2.285149323,0.036420286,0.048202433,-0.050526991,-0.083413318,0.056993280,0.047571123
2.290156233,0.036673978,0.048476778,-0.050810192,-0.083531313,0.057347275,0.047901519
2.295147600,0.036909975,0.048771776,-0.051122878,-0.083661109,0.057683572,0.048208319
2.300147555,0.037411470,0.049290974,-0.051718779,-0.083920710,0.058391564,0.048816010
2.305150960,0.037665170,0.049577121,-0.052001975,-0.084032804,0.058733758,0.049128704
2.310126751,0.037889361,0.049863264,-0.052261565,-0.084144905,0.059105456,0.049411900
2.315175147,0.038343657,0.050367706,-0.052804366,-0.084375001,0.059778046,0.050054993
2.320151761,0.038603254,0.050630249,-0.053087551,-0.084493004,0.060120244,0.050385389
2.325151768,0.038856953,0.050901648,-0.053353053,-0.084610999,0.060462438,0.050680384
2.330150873,0.039087053,0.051155351,-0.053612657,-0.084740795,0.060763337,0.050975382
2.335149926,0.039564949,0.051618494,-0.054179039,-0.085023992,0.061424125,0.051588975
2.340157343,0.039830443,0.051889885,-0.054462235,-0.085159689,0.061766323,0.051895771
2.345156462,0.040095937,0.052146539,-0.054739535,-0.085289493,0.062079020,0.052208468
2.350125110,0.040337835,0.052364830,-0.054999139,-0.085401587,0.062433016,0.052538864
2.355158869,0.040567935,0.052586079,-0.055276424,-0.085513689,0.062781103,0.052839760
2.360154223,0.041057624,0.053069875,-0.055848718,-0.085755587,0.063418299,0.053459253
2.365147236,0.041317221,0.053317674,-0.056131914,-0.085897185,0.063748695,0.053819150
2.370149525,0.041559115,0.053553663,-0.056391519,-0.086032882,0.064049594,0.054143641
2.375153582,0.041795116,0.053754266,-0.056662917,-0.086198077,0.064356387,0.054462243
2.380148995,0.042273007,0.054170214,-0.057193909,-0.086469471,0.064981781,0.055117130
2.385158135,0.042497210,0.054394409,-0.057441704,-0.086581573,0.065253176,0.055406224
2.390127411,0.042739104,0.054595008,-0.057719003,-0.086705476,0.065559976,0.055736624
2.395159770,0.043258302,0.054993249,-0.058267690,-0.086953267,0.066191263,0.056385614
2.400146926,0.043535590,0.055220395,-0.058562681,-0.087094866,0.066492163,0.056769107
2.405169719,0.043771591,0.055432796,-0.058834083,-0.087254167,0.066804856,0.057111308
2.410128034,0.044031188,0.055648141,-0.059075978,-0.087395765,0.067117549,0.057447601
2.415152001,0.044556279,0.056087684,-0.059583377,-0.087673061,0.067683943,0.058173291
2.420148046,0.044798177,0.056303032,-0.059860677,-0.087796956,0.068037942,0.058550887
2.425155336,0.045081373,0.056539036,-0.060132064,-0.087926760,0.068368338,0.058916688
2.430126905,0.045335073,0.056754380,-0.060385771,-0.088056557,0.068657435,0.059288379
2.435144261,0.045624167,0.056993324,-0.060657155,-0.088198155,0.068993732,0.059624672
2.440147557,0.046166964,0.057465322,-0.061217654,-0.088540353,0.069701724,0.060373966
2.445159842,0.046450160,0.057695419,-0.061500851,-0.088693745,0.070055723,0.060763359
2.450126171,0.046739254,0.057913713,-0.061778150,-0.088858947,0.070427410,0.061117355
2.455153006,0.047028352,0.058146760,-0.062061347,-0.089000545,0.070769608,0.061489053
2.460144951,0.047559343,0.058577456,-0.062651336,-0.089325041,0.071477599,0.062244240
2.465145229,0.047836643,0.058781005,-0.062928632,-0.089490235,0.071819797,0.062580533
2.470154419,0.048113942,0.058993399,-0.063223623,-0.089649536,0.072167888,0.062940434
2.475161984,0.048674431,0.059438847,-0.063807726,-0.090003535,0.072958484,0.063754626
2.480155241,0.048957627,0.059671886,-0.064090930,-0.090174630,0.073324278,0.064161718
2.485145665,0.049240824,0.059893139,-0.064380020,-0.090363428,0.073701873,0.064580612
2.490125592,0.049529918,0.060111441,-0.064692713,-0.090534523,0.074108966,0.064952306
2.495146837,0.049819015,0.060359232,-0.064970009,-0.090729222,0.074492462,0.065347604
2.500151254,0.050414909,0.060825326,-0.065559998,-0.091100916,0.075342052,0.066220790
2.505162026,0.050715804,0.061058372,-0.065849088,-0.091272011,0.075766847,0.066657387
2.510129922,0.051057998,0.061294369,-0.066085093,-0.091460817,0.076185741,0.067088082
2.515150261,0.051299896,0.061530374,-0.066385992,-0.091631912,0.076616436,0.067512877
2.520148838,0.051913489,0.062020063,-0.067076281,-0.092062607,0.077466026,0.068350665
2.525149739,0.052267484,0.062259011,-0.067365378,-0.092245504,0.077926219,0.068799064
2.530155704,0.052580182,0.062497951,-0.067624979,-0.092410699,0.078351013,0.069241554
2.535156731,0.053181972,0.062996492,-0.068309367,-0.092782393,0.079253703,0.070132449
2.540074335,0.053512368,0.063253142,-0.068527669,-0.092971191,0.079713896,0.070580833
2.545147304,0.053819165,0.063486196,-0.068946555,-0.093195394,0.080168188,0.071041033
2.550072586,0.054108262,0.063716292,-0.069324151,-0.093366489,0.080592982,0.071442232
2.555154489,0.054674655,0.064232543,-0.069908254,-0.093726382,0.081507474,0.072327219
2.560166366,0.055005051,0.064503931,-0.070327133,-0.093921080,0.081938170,0.072816908
2.565139874,0.055305950,0.064760581,-0.070598535,-0.094133481,0.082392462,0.073271200
2.570076149,0.055541947,0.065029025,-0.070881732,-0.094339982,0.082840860,0.073755004
2.575159551,0.055819239,0.065279774,-0.071282938,-0.094534673,0.083283350,0.074215189
2.580145631,0.056450535,0.065837309,-0.071931921,-0.094900474,0.084215537,0.075194582
2.585158866,0.056763232,0.066138208,-0.072280012,-0.095095173,0.084693432,0.075707875
2.590077327,0.057034623,0.066412553,-0.072687112,-0.095331162,0.085153632,0.076203473
2.595162266,0.057341423,0.066692799,-0.072958514,-0.095525861,0.085613824,0.076722659
2.600150277,0.057654116,0.067008451,-0.073247612,-0.095720559,0.086056322,0.077230059
2.605153222,0.058226410,0.067580745,-0.073926099,-0.096109957,0.087000310,0.078233041
2.610119434,0.058550909,0.067893445,-0.074244700,-0.096328251,0.087472305,0.078740433
2.615144631,0.059152700,0.068507031,-0.074929081,-0.096758947,0.088487089,0.079808325
2.620148551,0.059506696,0.068837427,-0.075265378,-0.096977249,0.088988572,0.080362916
2.625150208,0.059842989,0.069229767,-0.075595774,-0.097195543,0.089495972,0.080923408
2.630123863,0.060149789,0.069521815,-0.075955674,-0.097390242,0.089997478,0.081413098
2.635158471,0.060509682,0.069787316,-0.076315567,-0.097632140,0.090504862,0.081961796
2.640143832,0.061223574,0.070551351,-0.076999962,-0.098051026,0.091572754,0.083094582
2.645150563,0.061612971,0.070872903,-0.077336259,-0.098257527,0.092145048,0.083696373
2.650147504,0.062008262,0.071244597,-0.077678449,-0.098499425,0.092687838,0.084256873
2.655150034,0.062344559,0.071613342,-0.078026541,-0.098705918,0.093224727,0.084823258
2.660153907,0.063158751,0.072333142,-0.078758128,-0.099160217,0.094375208,0.085926548
2.665154438,0.063571744,0.072752029,-0.079153433,-0.099366717,0.094953410,0.086522438
2.670126203,0.063949347,0.073061779,-0.079554625,-0.099555515,0.095531605,0.087071136
2.675154096,0.064368233,0.073442318,-0.079949915,-0.099767908,0.096121587,0.087631620
2.680146091,0.065170623,0.074274212,-0.080728717,-0.100210406,0.097277969,0.088717215
2.685147563,0.065624923,0.074699000,-0.081124008,-0.100399204,0.097885668,0.089236408
2.690123775,0.066032015,0.075094305,-0.081531107,-0.100611597,0.098469757,0.089791000
2.695153130,0.066911101,0.075955689,-0.082309894,-0.101054095,0.099661544,0.090882488
2.700154878,0.067388996,0.076374583,-0.082734689,-0.101284191,0.100292847,0.091401681
2.705146686,0.067819692,0.076802328,-0.083141789,-0.101490691,0.100912333,0.091979869
2.710127891,0.068238586,0.077235974,-0.083513476,-0.101697184,0.101490527,0.092440061
2.715152132,0.068692885,0.077648968,-0.083902866,-0.101885982,0.102068715,0.092941552
2.720150015,0.069613263,0.078566402,-0.084658056,-0.102322578,0.103284113,0.094027147
2.725149886,0.070108861,0.079038404,-0.085053362,-0.102546774,0.103897691,0.094605334
2.730156978,0.070592657,0.079528093,-0.085442759,-0.102735572,0.104481794,0.095112734
2.735142173,0.071046956,0.080023684,-0.085820355,-0.102918468,0.105042271,0.095620126
2.740144281,0.071548447,0.080516331,-0.086215645,-0.103142664,0.105626374,0.096109815
2.745153041,0.072486535,0.081581272,-0.087047540,-0.103555664,0.106770962,0.097189508
2.750128141,0.073005728,0.082103416,-0.087448731,-0.103756264,0.107355051,0.097702794
2.755150907,0.073991016,0.083159499,-0.088292420,-0.104163356,0.108464234,0.098711692
2.760147707,0.074421704,0.083714090,-0.088711306,-0.104381651,0.109012932,0.099207282
2.765157171,0.074935004,0.084248029,-0.089112513,-0.104582250,0.109526232,0.099685177
2.770124547,0.075395197,0.084790826,-0.089537308,-0.104782850,0.110010020,0.100139469
2.775155762,0.075837694,0.085336566,-0.089920796,-0.104977548,0.110505611,0.100605562
2.780142728,0.076787584,0.086463459,-0.090740889,-0.105408236,0.111538105,0.101596750
2.785145673,0.077283174,0.087032802,-0.091136180,-0.105638340,0.112045504,0.102080546
2.790123695,0.077743366,0.087587386,-0.091531485,-0.105809435,0.112493888,0.102582037
2.795153418,0.078215361,0.088171482,-0.091956280,-0.106004134,0.112995379,0.103048131
2.800146892,0.079165250,0.089345574,-0.092746861,-0.106399432,0.113939367,0.104086518
2.805147275,0.079672642,0.089944407,-0.093153961,-0.106617726,0.114464462,0.104605712
2.810150042,0.080138735,0.090546206,-0.093566947,-0.106818318,0.114954166,0.105124906
2.815145576,0.080593035,0.091106698,-0.093962252,-0.107018918,0.115461551,0.105620503
2.820149175,0.081059128,0.091676041,-0.094375238,-0.107219517,0.115939438,0.106092498
2.825153396,0.081938222,0.092888474,-0.095207132,-0.107620716,0.116859838,0.107030585
2.830121887,0.082368918,0.093328029,-0.095596530,-0.107827216,0.117331818,0.107478976
2.835160196,0.083259799,0.094416559,-0.096410714,-0.108246103,0.118299417,0.108487859
2.840144060,0.083708197,0.094997704,-0.096811920,-0.108446702,0.118824512,0.109012954
2.845151966,0.084168382,0.095469698,-0.097207211,-0.108653195,0.119308300,0.109526254
2.850149467,0.084587283,0.095994785,-0.097573012,-0.108877398,0.119792096,0.110033646
2.855148133,0.085023873,0.096478581,-0.097938791,-0.109077990,0.120317191,0.110570543
2.860145045,0.085849874,0.097496316,-0.098705783,-0.109485090,0.121367373,0.111715123
2.865150659,0.086268753,0.097965360,-0.099059790,-0.109691590,0.121904261,0.112293318
2.870135858,0.086681753,0.098481603,-0.099431485,-0.109892190,0.122429371,0.112818412
2.875161830,0.087071151,0.098918200,-0.099797271,-0.110104576,0.122995749,0.113367103
2.880148061,0.087897144,0.099835642,-0.100469857,-0.110493973,0.124116749,0.114476293
2.885155182,0.088321939,0.100298777,-0.100817963,-0.110712275,0.124665424,0.115042679
2.890130036,0.088729031,0.100723580,-0.101142451,-0.110912874,0.125279024,0.115632676
2.895157994,0.089106627,0.101104125,-0.101478763,-0.111125268,0.125839531,0.116163664
2.900147685,0.089926712,0.101921260,-0.102163143,-0.111555964,0.126995906,0.117331855
2.905158321,0.090316102,0.102269359,-0.102481745,-0.111744761,0.127615392,0.117921844
2.910149511,0.090729102,0.102623358,-0.102829836,-0.111951262,0.128181785,0.118482344
2.915147974,0.091525599,0.103307754,-0.103461124,-0.112370148,0.129355893,0.119650520
2.920150383,0.091968089,0.103661746,-0.103773832,-0.112582549,0.129993051,0.120264113
2.925141846,0.092357479,0.104009837,-0.104104228,-0.112753645,0.130553558,0.120824605
2.930132058,0.092740975,0.104334332,-0.104399219,-0.112930641,0.131155372,0.121438205
2.935158368,0.093112677,0.104670629,-0.104652911,-0.113137141,0.131757155,0.122028187
2.940141353,0.093932763,0.105357975,-0.105296008,-0.113579631,0.133002028,0.123332083
2.945140940,0.094351657,0.105709016,-0.105561495,-0.113786131,0.133615613,0.124045976
2.950152345,0.094800062,0.106063008,-0.105844699,-0.113969028,0.134241015,0.124736257
2.955148442,0.095189452,0.106414057,-0.106163293,-0.114169627,0.134842798,0.125408843
2.960144733,0.095620148,0.106744453,-0.106505491,-0.114370227,0.135456413,0.126093253
2.965151704,0.096511029,0.107437693,-0.107089579,-0.114830419,0.136748478,0.127532825
2.970129174,0.096924029,0.107818246,-0.107437685,-0.115019217,0.137409270,0.128223106
2.975175375,0.097814918,0.108508527,-0.108051278,-0.115426317,0.138730854,0.129650891
2.980145124,0.098251514,0.108889073,-0.108393468,-0.115650505,0.139403448,0.130376592
2.985149462,0.098699898,0.109237172,-0.108759254,-0.115868807,0.140105560,0.131096378
2.990133461,0.099130593,0.109564617,-0.109066062,-0.116057605,0.140760422,0.131768972
2.995150303,0.099543594,0.109892055,-0.109402359,-0.116246402,0.141415313,0.132476971
3.000147090,0.100434490,0.110608906,-0.110222444,-0.116665304,0.142772317,0.133875251
3.005149209,0.100882873,0.110983551,-0.110629544,-0.116883591,0.143492103,0.134630442
3.010147023,0.101313569,0.111337543,-0.111077935,-0.117101893,0.144217804,0.135326639
3.015142215,0.101732470,0.111688592,-0.111473225,-0.117284790,0.144931674,0.136034608
3.020150443,0.102582060,0.112458527,-0.112311020,-0.117709585,0.146418467,0.137391597
3.025152718,0.103030443,0.112842023,-0.112735815,-0.117933780,0.147185460,0.138146803
3.030132475,0.103478849,0.113252074,-0.113225505,-0.118152082,0.147917062,0.138819382
3.035154984,0.103885934,0.113617867,-0.113667995,-0.118364476,0.148625031,0.139491975
3.040146191,0.104328439,0.114001364,-0.114222594,-0.118570976,0.149356633,0.140158668
3.045143329,0.105219319,0.114791952,-0.115255088,-0.119031169,0.150819808,0.141462550
3.050146737,0.105685420,0.115190201,-0.115774281,-0.119267166,0.151533708,0.142076135
3.055145561,0.106540911,0.115954235,-0.116818570,-0.119727358,0.153020471,0.143368229
3.060156886,0.106989294,0.116423279,-0.117467552,-0.119957462,0.153722584,0.144029021
3.065154598,0.107437700,0.116806775,-0.117963150,-0.120187551,0.154448256,0.144642606
3.070130106,0.107856594,0.117169626,-0.118682943,-0.120411754,0.155138537,0.145226702
3.075155869,0.108322680,0.117691770,-0.119095929,-0.120641850,0.155805230,0.145804897
3.080152357,0.109254874,0.118511856,-0.120429307,-0.121119745,0.157144517,0.147055686
3.085151247,0.109720968,0.118983850,-0.121155016,-0.121367544,0.157805309,0.147698775
3.090151568,0.110198863,0.119452894,-0.121762693,-0.121621236,0.158483833,0.148324177
3.095151895,0.110682659,0.119918987,-0.122447096,-0.121869035,0.159115106,0.148908257
3.100152215,0.111685641,0.120948523,-0.123768672,-0.122346930,0.160359979,0.150100052
3.105151271,0.112240240,0.121417567,-0.124506176,-0.122588828,0.160973594,0.150737241
3.110123819,0.112771235,0.121948563,-0.125166968,-0.122824818,0.161557674,0.151297733
3.115158219,0.113255024,0.122408763,-0.125815928,-0.123072624,0.162112281,0.151887715
3.120155083,0.113786012,0.122907303,-0.126476735,-0.123314515,0.162690476,0.152477726
3.125149916,0.114877500,0.123951584,-0.127816007,-0.123810112,0.163846850,0.153693095
3.130129947,0.115408495,0.124467835,-0.128429621,-0.124057904,0.164383724,0.154271290
3.135159246,0.116523586,0.125538662,-0.129692197,-0.124559402,0.165563732,0.155463070
3.140146674,0.117095880,0.126105055,-0.130305797,-0.124801293,0.166195005,0.156147480
3.145147975,0.117709473,0.126665562,-0.130931184,-0.125049099,0.166790918,0.156755164
3.150089553,0.118299462,0.127231956,-0.131521165,-0.125285089,0.167380899,0.157362849
3.155087283,0.118901260,0.127807200,-0.132146567,-0.125515193,0.167982683,0.157946959
3.160059964,0.120163836,0.129046172,-0.133261666,-0.125987187,0.169215769,0.159244940
3.165058196,0.120771535,0.129662722,-0.133810341,-0.126217276,0.169841185,0.159964725
3.170057841,0.121414617,0.130302861,-0.134341344,-0.126447380,0.170466557,0.160613716
3.175062311,0.122004621,0.130925298,-0.134890050,-0.126689270,0.171091959,0.161286309
3.180058256,0.122630008,0.131577253,-0.135426924,-0.126907572,0.171723261,0.161941186
3.185057104,0.123910286,0.132951945,-0.136565611,-0.127332360,0.173056647,0.163386688
3.190057942,0.124582879,0.133651063,-0.137143791,-0.127556562,0.173776418,0.164135978
3.195065425,0.125184685,0.134356111,-0.137710184,-0.127774864,0.174425423,0.164826259
3.200062508,0.125821859,0.135055244,-0.138247088,-0.128010854,0.175086215,0.165504754
3.205057320,0.127054945,0.136447638,-0.139397576,-0.128435656,0.176466778,0.166897133
3.210058108,0.127603650,0.137152672,-0.139975771,-0.128659844,0.177145272,0.167569727
3.215057276,0.128252640,0.137848854,-0.140553951,-0.128889948,0.177817851,0.168254122
3.220057357,0.129444420,0.139273703,-0.141739860,-0.129332438,0.179263368,0.169711411
3.225057746,0.130052119,0.140008241,-0.142282635,-0.129556641,0.179989040,0.170484290
3.230057477,0.130642116,0.140669033,-0.142872646,-0.129792631,0.180714741,0.171239480
3.235063384,0.131184921,0.141444862,-0.143421322,-0.130028635,0.181422710,0.171994686
3.240057750,0.131709993,0.142005369,-0.144017234,-0.130246937,0.182154313,0.172732159
3.245057659,0.132836878,0.143377095,-0.145209000,-0.130671725,0.183605686,0.174354643
3.250057652,0.133397385,0.143967092,-0.145816684,-0.130884126,0.184390381,0.175204232
3.255061801,0.133957878,0.144660324,-0.146400809,-0.131114215,0.185139671,0.176059723
3.260057022,0.134465262,0.145235568,-0.146973103,-0.131326616,0.185894862,0.176873907
3.265057663,0.135521352,0.146450967,-0.148170769,-0.131757319,0.187387556,0.178508192
3.270058258,0.136075944,0.147079289,-0.148760751,-0.131993309,0.188160434,0.179357782
3.275063910,0.136612818,0.147675201,-0.149344876,-0.132235199,0.188962817,0.180195570
3.280057744,0.137627617,0.148748979,-0.150483534,-0.132695407,0.190508619,0.181835741
3.285057637,0.138146833,0.149268180,-0.151079446,-0.132931396,0.191328689,0.182632238
3.290057948,0.138648316,0.149766713,-0.151651740,-0.133137897,0.192125201,0.183452323
3.295063505,0.139132097,0.150238723,-0.152235821,-0.133373886,0.192927584,0.184231117
3.300057722,0.140135080,0.151167944,-0.153386310,-0.133839980,0.194585472,0.185776904
3.305057736,0.140642494,0.151607499,-0.153911412,-0.134081885,0.195452765,0.186644182
3.310058663,0.141155764,0.152061790,-0.154466018,-0.134317875,0.196266934,0.187458381
3.315062488,0.141604170,0.152507246,-0.155014679,-0.134565681,0.197128326,0.188195869
3.320057417,0.142087966,0.152943835,-0.155551583,-0.134789869,0.197960228,0.188986450
3.325057208,0.143155843,0.153831750,-0.156637162,-0.135279566,0.199671209,0.190549940
3.330057308,0.143716335,0.154268354,-0.157179967,-0.135539159,0.200473577,0.191370025
3.335062441,0.144241452,0.154693156,-0.157705069,-0.135798767,0.201311380,0.192142934
3.340057585,0.144737035,0.155120909,-0.158230156,-0.136034757,0.202125579,0.192839116
3.345062298,0.145256221,0.155536830,-0.158749327,-0.136300266,0.202916160,0.193594307
3.350057538,0.146235630,0.156342179,-0.159805447,-0.136843041,0.204450130,0.194963083
3.355062560,0.146760702,0.156772882,-0.160360008,-0.137143940,0.205187634,0.195623875
3.360057932,0.147810891,0.157628357,-0.161439717,-0.137651339,0.206639007,0.196998551
3.365062355,0.148318276,0.158062011,-0.161953002,-0.137940437,0.207382411,0.197724253
3.370057157,0.148802072,0.158492714,-0.162501708,-0.138223618,0.208084494,0.198420435
3.375061917,0.149309486,0.158888012,-0.162932381,-0.138477325,0.208762974,0.199110731
3.380057349,0.149822757,0.159298062,-0.163563684,-0.138713315,0.209382489,0.199783325
3.385062296,0.150902435,0.160174191,-0.164696470,-0.139262021,0.210751250,0.201240614
3.390057559,0.151427552,0.160616681,-0.165121257,-0.139509812,0.211441562,0.201936796
3.395062442,0.151946723,0.161038533,-0.165752560,-0.139739916,0.212084636,0.202585787
3.400058659,0.152442351,0.161495775,-0.166189164,-0.139993608,0.212733641,0.203270182
3.405062114,0.153510228,0.162416160,-0.167333752,-0.140542299,0.214090645,0.204697967
3.410057590,0.154047132,0.162896991,-0.167947322,-0.140825510,0.214798614,0.205400050
3.415062070,0.154584005,0.163333595,-0.168537319,-0.141108692,0.215512499,0.206155255
3.420057671,0.155073687,0.163840994,-0.169050634,-0.141397804,0.216161489,0.206863239
3.425062279,0.155598804,0.164286435,-0.169646516,-0.141686887,0.216881290,0.207588926
3.430057440,0.156678483,0.165230423,-0.170732081,-0.142259181,0.218279585,0.208957717
3.435063183,0.157250777,0.165773213,-0.171274886,-0.142554179,0.218958080,0.209630311
3.440057058,0.158401251,0.166773260,-0.172366366,-0.143185467,0.220438942,0.211122990
3.445062489,0.158997133,0.167345554,-0.172962278,-0.143492267,0.221188232,0.211854562
3.450058331,0.159551740,0.167849988,-0.173475564,-0.143846259,0.221972927,0.212639272
3.455062169,0.160141721,0.168360353,-0.174006566,-0.144141257,0.222698629,0.213359058
3.460057239,0.160719946,0.168909043,-0.174508050,-0.144436255,0.223430216,0.214120150
3.465062111,0.162000209,0.170086056,-0.175634935,-0.145132452,0.224987790,0.215736732
3.470057331,0.162696391,0.170720309,-0.176219031,-0.145468742,0.225790173,0.216586322
3.475063025,0.163357198,0.171342745,-0.176832616,-0.145787328,0.226610273,0.217400506
3.480056883,0.164035678,0.171935678,-0.177393109,-0.146123633,0.227347776,0.218226492
3.485062375,0.165422171,0.173210070,-0.178579003,-0.146819830,0.228982046,0.219884381
3.490057883,0.166147873,0.173906267,-0.179174900,-0.147156119,0.229819834,0.220798865
3.495057678,0.166844055,0.174540520,-0.179817989,-0.147492409,0.230610415,0.221695647
3.500057193,0.167546138,0.175224900,-0.180384383,-0.147816911,0.231395110,0.222574726
3.505063065,0.168920845,0.176608428,-0.181582049,-0.148501307,0.233047098,0.224327013
3.510056976,0.169676036,0.177322328,-0.182172045,-0.148802191,0.233884871,0.225235596
3.515057230,0.170307308,0.178042114,-0.182756156,-0.149138480,0.234710872,0.226055697
3.520057123,0.171729192,0.179517090,-0.183977425,-0.149793386,0.236433640,0.227872878
3.525061907,0.172395885,0.180284083,-0.184620515,-0.150123775,0.237289131,0.228799164
3.530057939,0.173121586,0.181048125,-0.185234129,-0.150513172,0.238126934,0.229701847
3.535057444,0.173729271,0.181821018,-0.185818210,-0.150831774,0.238929302,0.230533749
3.540056999,0.174413651,0.182599813,-0.186425894,-0.151179865,0.239767104,0.231424630
3.545056586,0.175764754,0.184225231,-0.187635392,-0.151893765,0.241519377,0.233212307
3.550057598,0.176478639,0.185080722,-0.188237175,-0.152224153,0.242451563,0.234126791
3.555062696,0.177133530,0.185886055,-0.188850760,-0.152560443,0.243354276,0.235064894
3.560056878,0.177782536,0.186703205,-0.189428970,-0.152902648,0.244245142,0.235920385
3.565062563,0.178443328,0.187508553,-0.190013066,-0.153244853,0.245153755,0.236746356
3.570057593,0.179817989,0.189083830,-0.191216633,-0.153935134,0.246935502,0.238445535
3.575062974,0.180466995,0.189898014,-0.191847935,-0.154277325,0.247838214,0.239289224
3.580057455,0.181741357,0.191384792,-0.193033800,-0.154873222,0.249643594,0.240823209
3.585057463,0.182354972,0.192131132,-0.193641514,-0.155197710,0.250552177,0.241607919
3.590057446,0.182944953,0.192853883,-0.194196120,-0.155498624,0.251401752,0.242339492
3.595061816,0.183499560,0.193482220,-0.194703504,-0.155793607,0.252239555,0.243053392
3.600057443,0.184048221,0.194184303,-0.195269898,-0.156100407,0.253030121,0.243779063
3.605057415,0.185204640,0.195467547,-0.196290582,-0.156719893,0.254676223,0.245265856
3.610057398,0.185806423,0.196151942,-0.196762577,-0.157026708,0.255466819,0.246068239
3.615062163,0.186349228,0.196759641,-0.197228655,-0.157357097,0.256304622,0.246788025
3.620057389,0.186886102,0.197367325,-0.197694749,-0.157622591,0.257042080,0.247501895
3.625057703,0.188012987,0.198485345,-0.198626950,-0.158253878,0.258463949,0.248923779
3.630057057,0.188614771,0.199037015,-0.199116632,-0.158572480,0.259201467,0.249696702
3.635062766,0.189163476,0.199553251,-0.199606329,-0.158861578,0.259909481,0.250457764
3.640057512,0.189729869,0.200057685,-0.200066522,-0.159138858,0.260611534,0.251189351
3.645057303,0.190278560,0.200541481,-0.200514928,-0.159433872,0.261284143,0.251920968
3.650057947,0.191411361,0.201529711,-0.201370418,-0.160035655,0.262706012,0.253478527
3.655062559,0.191965953,0.201984018,-0.201801091,-0.160312951,0.263419896,0.254216075
3.660057568,0.193092823,0.202930957,-0.202609405,-0.160920650,0.264871299,0.255720526
3.665057493,0.193688735,0.203405902,-0.203051910,-0.161209732,0.265620559,0.256570131
3.670058181,0.194296405,0.203860193,-0.203429505,-0.161469340,0.266369849,0.257319421
3.675064184,0.194833308,0.204323351,-0.203842491,-0.161752537,0.267119169,0.258127719
3.680057896,0.195470482,0.204783529,-0.204290882,-0.162041634,0.267892033,0.258935958
3.685128621,0.196668178,0.205742270,-0.205140486,-0.162578523,0.269473225,0.260611534
3.690131288,0.197252274,0.206229001,-0.205606550,-0.162849918,0.270346433,0.261490643
3.695151076,0.197824568,0.206689209,-0.206049055,-0.163127214,0.271136999,0.262352049
3.700143739,0.198379159,0.207167104,-0.206532851,-0.163375020,0.271892190,0.263189822
3.705149702,0.199506059,0.208114028,-0.207547650,-0.163917810,0.273544192,0.264900804
3.710122967,0.200060651,0.208633229,-0.208078623,-0.164201006,0.274364263,0.265838921
3.715152692,0.200632945,0.209143564,-0.208633214,-0.164466500,0.275207967,0.266723871
3.720144302,0.201199338,0.209633261,-0.209140599,-0.164726108,0.276028067,0.267579347
3.725151765,0.201759815,0.210155427,-0.209712923,-0.165009290,0.276848137,0.268476158
3.730143980,0.202910289,0.211235091,-0.210916489,-0.165587485,0.278500140,0.270275652
3.735153347,0.203441292,0.211712986,-0.211471081,-0.165870681,0.279332012,0.271178305
3.740070122,0.204574093,0.212742537,-0.212845758,-0.166442975,0.281084299,0.273013175
3.745059479,0.205211252,0.213344306,-0.213482961,-0.166737974,0.281992882,0.274010301
3.750123271,0.205795377,0.213834018,-0.214291260,-0.167032972,0.282895565,0.274936557
3.755143020,0.206385359,0.214435816,-0.214898944,-0.167310268,0.283745170,0.275851101
3.760153791,0.206981242,0.214916646,-0.215636447,-0.167587563,0.284612447,0.276765555
3.765149542,0.208314627,0.216149732,-0.217199907,-0.168207049,0.286465019,0.278706640
3.770122682,0.209028512,0.216736794,-0.218061298,-0.168507963,0.287403107,0.279721409
3.775153388,0.209701121,0.217430025,-0.218922690,-0.168802947,0.288352996,0.280665398
3.780147668,0.210355997,0.218034774,-0.219713271,-0.169097945,0.289267510,0.281568080
3.785149370,0.211766079,0.219306186,-0.221412450,-0.169705629,0.291155487,0.283450186
3.790126992,0.212515369,0.220014185,-0.222214863,-0.170006543,0.292075843,0.284435451
3.795153814,0.213252872,0.220654324,-0.223046735,-0.170336932,0.293037534,0.285385370
3.800154375,0.213954955,0.221303314,-0.223855034,-0.170631915,0.294005126,0.286205471
3.805153296,0.215471238,0.222689807,-0.225477517,-0.171233714,0.295910805,0.287975430
3.810121421,0.216220528,0.223388940,-0.226244494,-0.171570003,0.296825290,0.288807333
3.815153735,0.216952130,0.224067450,-0.226999700,-0.171859115,0.297728002,0.289574325
3.820143648,0.218415305,0.225509971,-0.228569061,-0.172449097,0.299539268,0.291220397
3.825149520,0.219199985,0.226250410,-0.229300663,-0.172779500,0.300453752,0.292075872
3.830154131,0.219925687,0.227002650,-0.230032265,-0.173056796,0.301356435,0.292866468
3.835151865,0.220633671,0.227743089,-0.230681255,-0.173316389,0.302188307,0.293586254
3.840148122,0.221406549,0.228515983,-0.231395140,-0.173593685,0.303008407,0.294353247
3.845148204,0.222881556,0.230153218,-0.232787535,-0.174171880,0.304625005,0.295963943
3.850129900,0.223672137,0.231020510,-0.233466014,-0.174431473,0.305439204,0.296784043
3.855151427,0.224380136,0.231852382,-0.234191686,-0.174714670,0.306164861,0.297621787
3.860158947,0.225117609,0.232675433,-0.234828889,-0.175003767,0.306902379,0.298400581
3.865147860,0.225819722,0.233530924,-0.235548690,-0.175245672,0.307663471,0.299167573
3.870148352,0.227288783,0.235250756,-0.237000063,-0.175735354,0.309132546,0.300772399
3.875142763,0.227973178,0.236103296,-0.237702146,-0.175994962,0.309864134,0.301586568
3.880146338,0.229253471,0.237823129,-0.239135832,-0.176537752,0.311321408,0.303179532
3.885146743,0.229908377,0.238545865,-0.239855632,-0.176791459,0.312094301,0.304005563
3.890124297,0.230533749,0.239333510,-0.240575433,-0.177062839,0.312843591,0.304813802
3.895151150,0.231129631,0.240109324,-0.241277516,-0.177334249,0.313610584,0.305604368
3.900145802,0.231690124,0.240719974,-0.242020920,-0.177587941,0.314377576,0.306377292
3.905148405,0.232923210,0.242215604,-0.243454590,-0.178059936,0.316035450,0.308041096
3.910147070,0.233589903,0.242900014,-0.244174376,-0.178349018,0.316885054,0.308902442
3.915170181,0.234168097,0.243599147,-0.244894177,-0.178608626,0.317728758,0.309763879
3.920154276,0.234758109,0.244230434,-0.245549068,-0.178850532,0.318607837,0.310637027
3.925149932,0.235949889,0.245436981,-0.246906042,-0.179363817,0.320295185,0.312401116
3.930079550,0.236616582,0.246012211,-0.247590438,-0.179623425,0.321221471,0.313327372
3.935146643,0.237212464,0.246578604,-0.248268917,-0.179865316,0.322100580,0.314230114
3.940159314,0.237802476,0.247100756,-0.248965129,-0.180101305,0.322920680,0.315097392
3.945166028,0.238374770,0.247631758,-0.249608204,-0.180349112,0.323782057,0.316047251
3.950076681,0.239607826,0.248634726,-0.250923902,-0.180897802,0.325569749,0.317964762
3.955150417,0.240186051,0.249118537,-0.251572877,-0.181157395,0.326448828,0.318896949
3.960143309,0.241401404,0.250059575,-0.252864987,-0.181741491,0.328195184,0.320820332
3.965148321,0.242044508,0.250555158,-0.253543466,-0.182048276,0.329109699,0.321811497
3.970130723,0.242610902,0.251015365,-0.254168838,-0.182319671,0.330006480,0.322790891
3.975158909,0.243194997,0.251451969,-0.254811943,-0.182585180,0.330920964,0.323752582
3.980150576,0.243784979,0.251915097,-0.255443245,-0.182903767,0.331853151,0.324726045
3.985153021,0.245000362,0.252835512,-0.256764799,-0.183476061,0.333723426,0.326720238
3.990130520,0.245596260,0.253339916,-0.257402003,-0.183759257,0.334702820,0.327729166
3.995150347,0.246221662,0.253838480,-0.258056909,-0.184077859,0.335611403,0.328690797
4.000154319,0.246776253,0.254328132,-0.258629203,-0.184361055,0.336549491,0.329640716
4.005152860,0.247372150,0.254806042,-0.259225070,-0.184656054,0.337511182,0.330572933
4.010155991,0.248634726,0.255826771,-0.260505378,-0.185275540,0.339475870,0.332549334
4.015148869,0.249271914,0.256363630,-0.261054039,-0.185594141,0.340490639,0.333534658
4.020156043,0.249903217,0.256900549,-0.261708945,-0.185906827,0.341499537,0.334443241
4.025151942,0.251148105,0.257930040,-0.262883067,-0.186555833,0.343358040,0.336195558
4.030124056,0.251755774,0.258449256,-0.263655931,-0.186868519,0.344337404,0.337009728
4.035154120,0.252363473,0.258953691,-0.264127940,-0.187187120,0.345287293,0.337747186
4.040160829,0.253012478,0.259493530,-0.264948010,-0.187529325,0.346225381,0.338537782
4.045158673,0.254334062,0.260590941,-0.266216516,-0.188225508,0.348083854,0.340124875
4.050123432,0.255012542,0.261148453,-0.266800612,-0.188597202,0.348998338,0.340939045
4.055155780,0.255691022,0.261705995,-0.267473191,-0.188962996,0.349883318,0.341753274
4.060157578,0.256345928,0.262275368,-0.268086761,-0.189299285,0.350738823,0.342520267
4.065146977,0.257756025,0.263499588,-0.269355267,-0.190013185,0.352426201,0.344083697
4.070080801,0.258487612,0.264107287,-0.269974738,-0.190355375,0.353275806,0.344868422
4.075154712,0.259207398,0.264771044,-0.270576537,-0.190697581,0.354060471,0.345653117
4.080150978,0.259933084,0.265310884,-0.271166563,-0.191045672,0.354792088,0.346414179
4.085156059,0.260700077,0.266068995,-0.271786034,-0.191393763,0.355541348,0.347175300
4.090076365,0.262234062,0.267405361,-0.273095816,-0.192089960,0.357075363,0.348850846
4.095158538,0.262989253,0.268098593,-0.273727119,-0.192461655,0.357795119,0.349718183
4.100143316,0.264481932,0.269499838,-0.275036871,-0.193163753,0.359323204,0.351334721
4.105145483,0.265248924,0.270222545,-0.275679976,-0.193559051,0.360107899,0.352196157
4.110076029,0.265968710,0.270945311,-0.276340783,-0.193918943,0.360898495,0.352998525
4.115154773,0.266712099,0.271679848,-0.276960254,-0.194296539,0.361612380,0.353789121
4.120145206,0.267490894,0.272429138,-0.277621061,-0.194656432,0.362391174,0.354656398
4.125150260,0.269018978,0.274028003,-0.278889567,-0.195429310,0.364025474,0.356390953
4.130144906,0.269844979,0.274877608,-0.279544443,-0.195801020,0.364863247,0.357334971
4.135174640,0.270558834,0.275709510,-0.280205250,-0.196160913,0.365730524,0.358237624
4.140150547,0.271278650,0.276517808,-0.280854225,-0.196514904,0.366538823,0.359099060
4.145153070,0.272759527,0.278219908,-0.282181710,-0.197234690,0.368220329,0.360939801
4.150125767,0.273508817,0.279119670,-0.282866091,-0.197612286,0.369093508,0.361919224
4.155149605,0.274240404,0.279995799,-0.283515066,-0.198007584,0.369966686,0.362863213
4.160149885,0.274912983,0.280901432,-0.284193575,-0.198343888,0.370810390,0.363795340
4.165152924,0.275609165,0.281801164,-0.284842551,-0.198697880,0.371718943,0.364739358
4.170128501,0.276930779,0.283585906,-0.286158264,-0.199417666,0.373453557,0.366686374
4.175166222,0.277567953,0.284423709,-0.286789566,-0.199748069,0.374309033,0.367636234
4.180146947,0.278818756,0.286220193,-0.288099319,-0.200461954,0.376102597,0.369571388
4.185155610,0.279438257,0.286937058,-0.288730621,-0.200827762,0.377040684,0.370598018
4.190150083,0.280034125,0.287763059,-0.289379627,-0.201164037,0.378002375,0.371565610
4.195151352,0.280576944,0.288565427,-0.289993197,-0.201482639,0.378899187,0.372527242
4.200152369,0.281184614,0.289211452,-0.290595025,-0.201836631,0.379819542,0.373471260
4.205154360,0.282435417,0.290713012,-0.291774988,-0.202532843,0.381695747,0.375465453
4.210124430,0.283090293,0.291373789,-0.292329580,-0.202857316,0.382663310,0.376515597
4.215151491,0.283709764,0.292055249,-0.292895973,-0.203175917,0.383630902,0.377494991
4.220155134,0.284299791,0.292719007,-0.293391556,-0.203482717,0.384568989,0.378433108
4.225142483,0.284901589,0.293320775,-0.293893039,-0.203789517,0.385524780,0.379347593
4.230124410,0.286211371,0.294553876,-0.294925541,-0.204456210,0.387495369,0.381312281
4.235152392,0.286872149,0.295170397,-0.295474231,-0.204792485,0.388504267,0.382327050
4.240152014,0.287468046,0.295722038,-0.295993418,-0.205111101,0.389489532,0.383259237
4.245149125,0.288093418,0.296247154,-0.296500832,-0.205412000,0.390498400,0.384120643
4.250124743,0.289332390,0.297279626,-0.297503799,-0.206055075,0.392404079,0.385802120
4.255150827,0.289916515,0.297763407,-0.297922730,-0.206355989,0.393318594,0.386598617
4.260156721,0.290553689,0.298238337,-0.298388779,-0.206668675,0.394221306,0.387395054
4.265151624,0.291816294,0.299217761,-0.299273789,-0.207282260,0.396038473,0.389070660
4.270124618,0.292459369,0.299742848,-0.299751699,-0.207618564,0.396970630,0.389920264
4.275187407,0.293049395,0.300208926,-0.300182372,-0.207931250,0.397920519,0.390734464
4.280153796,0.293633461,0.300677985,-0.300630778,-0.208220348,0.398734719,0.391501427
4.285156734,0.294807553,0.301686883,-0.301551163,-0.208822161,0.400386691,0.393112123
4.290162682,0.295421124,0.302203119,-0.302017272,-0.209140748,0.401236296,0.393991202
4.295152420,0.296022952,0.302710533,-0.302477449,-0.209429845,0.402038693,0.394793570
4.300148525,0.296577543,0.303185463,-0.302967131,-0.209695339,0.402764350,0.395578295
4.305152711,0.297173440,0.303689897,-0.303486347,-0.209972635,0.403537244,0.396357089
4.310129055,0.298406512,0.304763675,-0.304583699,-0.210539043,0.405100763,0.398003161
4.315143934,0.299014181,0.305303514,-0.305114716,-0.210792720,0.405855954,0.398829132
4.320147149,0.300182372,0.306403875,-0.306229800,-0.211376801,0.407325000,0.400439799
4.325153244,0.300801873,0.306976140,-0.306796193,-0.211671829,0.408086091,0.401289433
4.330123727,0.301427245,0.307554364,-0.307457000,-0.211949125,0.408853084,0.402121335
4.335152078,0.302005470,0.308070600,-0.307987988,-0.212226391,0.409602374,0.402894169
4.340146158,0.302624941,0.308672369,-0.308754951,-0.212527320,0.410392970,0.403696567
4.345160594,0.303958327,0.309825808,-0.310076565,-0.213105500,0.412039071,0.405395746
4.350127377,0.304678142,0.310321391,-0.310902566,-0.213400498,0.412894547,0.406304359
4.355148170,0.305386126,0.311005801,-0.311557442,-0.213701397,0.413726419,0.407236546
4.360148076,0.306070507,0.311510235,-0.312306732,-0.213978693,0.414552420,0.408080220
4.365147160,0.306772619,0.312171042,-0.313179940,-0.214267790,0.415449202,0.409024239
4.370132171,0.308253467,0.313418865,-0.314755201,-0.214881361,0.417219192,0.410894483
4.375154711,0.309055895,0.314197659,-0.315646112,-0.215194076,0.418139577,0.411885649
4.380153346,0.309828758,0.314849615,-0.316460282,-0.215500876,0.419042259,0.412859172
4.385147553,0.310566247,0.315563500,-0.317262679,-0.215795860,0.419944972,0.413826764
4.390146597,0.312129736,0.316935241,-0.318985462,-0.216421247,0.421697229,0.415773720
4.395146283,0.312873125,0.317596018,-0.319811434,-0.216704443,0.422605842,0.416682303
4.400153239,0.313628316,0.318286300,-0.320625633,-0.217005357,0.423455387,0.417614520
4.405151485,0.315138698,0.319778979,-0.322242200,-0.217636630,0.425272614,0.419596851
4.410131536,0.315929294,0.320554852,-0.323009193,-0.217961147,0.426204771,0.420629352
4.415155585,0.316678584,0.321292341,-0.323770285,-0.218285635,0.427113384,0.421650052
4.420139209,0.317368865,0.322038651,-0.324513674,-0.218598321,0.428010136,0.422611773
4.425154474,0.318861544,0.323572665,-0.326012254,-0.219206035,0.429892242,0.424499750
4.430125114,0.319634438,0.324363232,-0.326743841,-0.219501019,0.430806726,0.425508589
4.435166870,0.320395529,0.325174481,-0.327410549,-0.219837308,0.431738883,0.426464379
4.440148932,0.321085840,0.325991631,-0.328130335,-0.220126390,0.432641596,0.427355319
4.445152610,0.321817428,0.326829433,-0.328808814,-0.220403701,0.433585584,0.428287446
4.450149819,0.323251098,0.328552186,-0.330230713,-0.220993683,0.435550243,0.430116445
4.455145712,0.323994488,0.329404712,-0.330956399,-0.221288711,0.436547339,0.431036860
4.460150882,0.324672997,0.330272019,-0.331640810,-0.221565977,0.437491357,0.431898206
4.465149452,0.325959176,0.331953466,-0.333068579,-0.222126469,0.439326227,0.433579713
4.470132432,0.326596349,0.332726389,-0.333794266,-0.222403765,0.440240711,0.434323132
4.475157379,0.327198148,0.333546460,-0.334455043,-0.222663373,0.441149294,0.435060591
4.480147527,0.327811718,0.334360659,-0.335151225,-0.222928882,0.442057878,0.435768604
4.485150205,0.329021215,0.335841537,-0.336543620,-0.223512962,0.443904549,0.437296659
4.490130222,0.329634815,0.336602628,-0.337222099,-0.223772570,0.444765955,0.438116759
4.495154455,0.330242515,0.337242782,-0.337900609,-0.224026248,0.445645034,0.438889652
4.500151779,0.330785304,0.337968469,-0.338602722,-0.224262267,0.446459234,0.439615339
4.505147571,0.331363499,0.338567317,-0.339293003,-0.224521831,0.447249800,0.440352798
4.510122765,0.332531691,0.339874148,-0.340644062,-0.225064635,0.448848695,0.441910386
4.515162284,0.333133459,0.340493619,-0.341346145,-0.225330144,0.449633390,0.442665577
4.520144117,0.333670378,0.341098368,-0.342012852,-0.225595653,0.450335503,0.443426698
4.525168463,0.334266245,0.341670692,-0.342673630,-0.225861147,0.451067060,0.444175959
4.530126792,0.335434437,0.342821151,-0.344036549,-0.226409823,0.452506632,0.445869267
4.535162853,0.336101115,0.343399346,-0.344732732,-0.226710707,0.453202844,0.446748346
4.540146788,0.336714745,0.343921483,-0.345423013,-0.226999834,0.453940332,0.447603852
4.545154244,0.337888807,0.344912678,-0.346768200,-0.227524921,0.455385834,0.449261695
4.550156594,0.338502407,0.345390588,-0.347423077,-0.227808118,0.456135124,0.450070024
4.555146840,0.339074701,0.345859617,-0.348048478,-0.228085414,0.456872582,0.450866461
4.560151215,0.339670599,0.346331596,-0.348697484,-0.228333220,0.457615972,0.451698363
4.565150999,0.340903670,0.347266734,-0.349965960,-0.228905514,0.459173560,0.453444719
4.570129643,0.341511369,0.347744644,-0.350579530,-0.229200512,0.459975928,0.454359263
4.575147067,0.342065960,0.348207802,-0.351204932,-0.229460075,0.460784227,0.455232412
4.580149209,0.342620552,0.348650277,-0.351783127,-0.229713783,0.461563021,0.456082046
4.585141521,0.343175143,0.349095702,-0.352390826,-0.229985192,0.462389052,0.456984699
4.590127681,0.344384611,0.350042641,-0.353594422,-0.230539784,0.464058727,0.458860904
4.595156780,0.345015913,0.350558937,-0.354172617,-0.230822980,0.464914203,0.459846199
4.600150141,0.345617712,0.351054490,-0.354803920,-0.231094360,0.465740174,0.460825592
4.605148737,0.346172303,0.351538301,-0.355352581,-0.231377557,0.466578007,0.461757779
4.610120812,0.346780002,0.352048635,-0.355913073,-0.231654853,0.467421681,0.462695837
4.615152214,0.347954094,0.353019178,-0.357157946,-0.232227147,0.469103158,0.464518905
4.620158496,0.348520488,0.353535414,-0.357677162,-0.232522145,0.469940931,0.465386212
4.625148378,0.349777162,0.354567915,-0.358986944,-0.233135745,0.471681416,0.467315495
4.630127069,0.350467443,0.355107784,-0.359541535,-0.233495653,0.472584099,0.468283087
4.635149373,0.351110548,0.355632842,-0.360284925,-0.233826026,0.473504484,0.469227076
4.640144869,0.351730049,0.356166780,-0.360762805,-0.234115124,0.474407166,0.470135689
4.645147059,0.352408528,0.356680095,-0.361512125,-0.234404221,0.475298047,0.471050143
4.650125453,0.353806794,0.357786298,-0.362733394,-0.235047325,0.477138847,0.472932190
4.655163883,0.354532510,0.358358592,-0.363240778,-0.235312819,0.478041530,0.473840803
4.660145184,0.355205089,0.358924985,-0.363895684,-0.235601917,0.478926539,0.474714011
4.665148045,0.355936706,0.359503210,-0.364473879,-0.235891014,0.479840994,0.475581288
4.670143139,0.357470661,0.360739231,-0.365630239,-0.236475110,0.481681794,0.477422029
4.675142830,0.358214080,0.361411840,-0.366279244,-0.236758307,0.482613981,0.478312969
4.680149235,0.358939737,0.361963481,-0.366827965,-0.237053290,0.483546197,0.479180276
4.685162340,0.359635949,0.362700939,-0.367388457,-0.237330601,0.484448850,0.480000317
4.690136583,0.360355735,0.363290966,-0.367937148,-0.237631485,0.485345662,0.480802745
4.695149067,0.361748129,0.364630222,-0.369064003,-0.238186076,0.487121493,0.482307196
4.700146545,0.362373501,0.365302801,-0.369654030,-0.238481075,0.487976998,0.483038813
4.705165035,0.363895684,0.366715848,-0.370863497,-0.239106476,0.489729285,0.484608173
4.710126646,0.364580065,0.367471039,-0.371488899,-0.239448667,0.490596563,0.485422403
4.715147340,0.365317553,0.368187904,-0.372067094,-0.239731863,0.491452068,0.486177593
4.720138861,0.365948856,0.368910640,-0.372657061,-0.240044549,0.492283940,0.486861944
4.725149825,0.366633266,0.369659901,-0.373247057,-0.240392655,0.493098110,0.487599403
4.730135181,0.368019760,0.371258795,-0.374444753,-0.241065234,0.494761884,0.489186496
4.735155062,0.368751317,0.372075915,-0.375046551,-0.241401553,0.495534807,0.489994824
4.740124819,0.369429797,0.372907817,-0.375660151,-0.241779149,0.496295869,0.490791321
4.745060535,0.370096505,0.373710215,-0.376226544,-0.242074147,0.497033328,0.491552383
4.750057371,0.370757282,0.374524415,-0.376851916,-0.242392734,0.497782677,0.492307574
4.755057330,0.372049391,0.376208842,-0.378126323,-0.243083015,0.499169171,0.493847489
4.760062055,0.372621685,0.377043664,-0.378763497,-0.243383929,0.499871254,0.494596750
4.765057831,0.373205781,0.377872616,-0.379406601,-0.243702516,0.500561535,0.495316535
4.770058121,0.374391645,0.379562974,-0.380675077,-0.244398698,0.501977503,0.496880054
4.775057643,0.374987572,0.380424321,-0.381318152,-0.244699597,0.502679646,0.497723728
4.780062730,0.375536233,0.381182492,-0.381949455,-0.245030001,0.503381729,0.498555630
4.785057126,0.376055449,0.381943583,-0.382498145,-0.245336786,0.504048407,0.499310762
4.790058148,0.377135128,0.383406758,-0.383648634,-0.246003479,0.505487919,0.500886083
4.795057570,0.377725095,0.384173751,-0.384238631,-0.246310279,0.506207764,0.501747489
4.800062981,0.378273815,0.384878755,-0.384828627,-0.246640682,0.506968856,0.502585232
4.805057757,0.378822505,0.385495305,-0.385395020,-0.247000560,0.507700384,0.503369987
4.810057977,0.379365295,0.386117756,-0.385979116,-0.247336864,0.508467376,0.504195929
4.815058065,0.380486280,0.387336075,-0.387052894,-0.248027146,0.509989560,0.505912840
4.820057480,0.381023169,0.387840539,-0.387589782,-0.248363465,0.510750711,0.506750584
4.825057382,0.382161856,0.388908446,-0.388616383,-0.248977035,0.512320042,0.508443832
4.830062831,0.382716447,0.389480710,-0.389094293,-0.249325141,0.513128340,0.509376049
4.835058276,0.383271068,0.389964521,-0.389601678,-0.249649629,0.513913095,0.510255158
4.840057583,0.383790225,0.390454233,-0.390038282,-0.249932826,0.514721334,0.511134267
4.845058017,0.384327143,0.390932113,-0.390486658,-0.250210106,0.515541434,0.512013376
4.850057520,0.385477632,0.391843647,-0.391401142,-0.250865042,0.517187476,0.513830483
4.855057434,0.386073500,0.392309755,-0.391884923,-0.251148224,0.518060684,0.514721394
4.860062638,0.386622220,0.392728627,-0.392345130,-0.251425505,0.518933892,0.515653610
4.865057745,0.387159079,0.393162310,-0.392823040,-0.251732290,0.519795299,0.516538620
4.870058245,0.387725472,0.393598855,-0.393289119,-0.252021402,0.520615399,0.517423630
4.875058233,0.388887793,0.394463211,-0.394180000,-0.252593696,0.522349954,0.519270241
4.880062591,0.389430553,0.394902766,-0.394575298,-0.252900481,0.523199499,0.520149350
4.885057768,0.389949769,0.395318687,-0.394958794,-0.253165990,0.524031401,0.520957649
4.890058259,0.391005844,0.396180093,-0.395719886,-0.253755987,0.525748312,0.522662699
4.895057630,0.391536832,0.396610796,-0.396109283,-0.254056901,0.526633263,0.523506403
4.900062885,0.392026544,0.397011966,-0.396510482,-0.254334152,0.527418017,0.524237990
4.905057423,0.392533928,0.397436738,-0.396870375,-0.254605561,0.528243959,0.525034428
4.910058028,0.393625408,0.398345351,-0.397696376,-0.255177855,0.529925466,0.526586175
4.915063337,0.394174099,0.398787856,-0.398056269,-0.255431563,0.530792773,0.527347267
4.920062445,0.394675583,0.399230361,-0.398457468,-0.255667567,0.531624675,0.528025746
4.925057162,0.395230204,0.399669915,-0.398876339,-0.255938947,0.532480180,0.528721929
4.930058387,0.396398365,0.400605023,-0.399725914,-0.256487668,0.534138024,0.530202866
4.935057214,0.397023767,0.401091784,-0.400197953,-0.256735444,0.534987569,0.530910790
4.940057031,0.397584260,0.401575565,-0.400658131,-0.256989121,0.535795867,0.531624734
4.945058184,0.398186058,0.402053446,-0.401159614,-0.257242858,0.536562860,0.532273710
4.950074494,0.398776054,0.402540207,-0.401613921,-0.257520139,0.537394762,0.532934427
4.955061106,0.400015026,0.403587431,-0.402616888,-0.258003950,0.539064407,0.534350455
4.960064284,0.400658131,0.404177457,-0.403189212,-0.258257627,0.539872766,0.535070300
4.965058275,0.401926637,0.405245304,-0.404304266,-0.258776844,0.541394949,0.536450863
4.970057594,0.402546108,0.405740917,-0.404858857,-0.259018719,0.542114735,0.537141144
4.975057911,0.403153777,0.406283706,-0.405525565,-0.259248823,0.542828619,0.537784219
4.980062998,0.403761506,0.406776369,-0.406056553,-0.259490728,0.543477595,0.538409591
4.985057618,0.404357374,0.407322109,-0.406711459,-0.259744406,0.544120669,0.539029121
4.990057058,0.405667186,0.408451915,-0.408021241,-0.260239989,0.545495391,0.540415585
4.995057081,0.406351566,0.409050763,-0.408829510,-0.260505497,0.546191514,0.541164875
5.000062739,0.406976968,0.409685016,-0.409490317,-0.260770977,0.546846390,0.541872859
5.005056965,0.407608241,0.410186529,-0.410251379,-0.261012912,0.547483623,0.542592704
5.010057246,0.408929825,0.411431372,-0.411667407,-0.261526197,0.548740327,0.544061720
5.015057118,0.409608305,0.412083358,-0.412481576,-0.261821181,0.549407005,0.544852316
5.020062932,0.410275012,0.412634999,-0.413254499,-0.262098491,0.550020576,0.545607507
5.025057423,0.410888612,0.413266271,-0.413938850,-0.262346298,0.550628304,0.546285987
5.030058156,0.411567092,0.413888723,-0.414729416,-0.262599975,0.551241875,0.547052979
5.035057326,0.412876874,0.415145397,-0.416145444,-0.263113260,0.552533984,0.548581123
5.040056858,0.413555384,0.415788502,-0.416835725,-0.263361067,0.553182960,0.549324453
5.045056834,0.414841563,0.417042226,-0.418163180,-0.263880253,0.554486871,0.550876141
5.050057539,0.415431529,0.417682379,-0.418806285,-0.264133930,0.555135787,0.551672637
5.055056722,0.416062832,0.418310702,-0.419419914,-0.264393568,0.555790722,0.552445531
5.060057410,0.416641027,0.418947935,-0.420021713,-0.264653146,0.556433797,0.553224325
5.065057988,0.417183846,0.419573307,-0.420617551,-0.264906824,0.557076931,0.553979516
5.070057765,0.418363810,0.420888990,-0.421850652,-0.265396535,0.558433890,0.555649221
5.075057189,0.418918401,0.421567500,-0.422422975,-0.265656114,0.559165478,0.556475163
5.080061954,0.419478893,0.422254831,-0.423018813,-0.265898049,0.559867561,0.557324767
5.085056765,0.419974476,0.422927409,-0.423567563,-0.266128123,0.560593307,0.558097661
5.090057361,0.420523196,0.423626542,-0.424092621,-0.266364157,0.561295390,0.558941364
5.095057271,0.421579272,0.425024837,-0.425254941,-0.266895115,0.562782168,0.560575604
5.100062581,0.422092557,0.425726950,-0.425868511,-0.267154723,0.563578606,0.561472416
5.105057454,0.422635347,0.426426053,-0.426440775,-0.267384797,0.564333797,0.562316120
5.110057238,0.423136830,0.427089810,-0.427013099,-0.267614901,0.565118551,0.563118517
5.115057799,0.424133956,0.428432047,-0.428139955,-0.268092811,0.566628933,0.564723253
5.120057745,0.424611837,0.429089904,-0.428747684,-0.268322885,0.567378163,0.565484405
5.125057328,0.425101519,0.429682821,-0.429325879,-0.268535316,0.568133354,0.566227794
5.130057531,0.426110387,0.431004405,-0.430482239,-0.268995464,0.569685042,0.567797124
5.135057269,0.426617801,0.431600273,-0.431078166,-0.269249201,0.570487440,0.568629026
5.140056955,0.427125186,0.432154894,-0.431644559,-0.269491106,0.571283937,0.569396019
5.145057354,0.427567691,0.432671160,-0.432169646,-0.269697607,0.572021425,0.570121706
5.150056899,0.428558886,0.433730185,-0.433267027,-0.270128280,0.573531806,0.571602583
5.155057396,0.429024965,0.434178561,-0.433821648,-0.270364285,0.574298799,0.572334170
5.160056812,0.429526448,0.434727252,-0.434393883,-0.270588458,0.575065792,0.573095322
5.165056711,0.429992557,0.435137302,-0.434924901,-0.270794988,0.575832784,0.573762000
5.170057487,0.430446863,0.435638785,-0.435497165,-0.270995557,0.576564372,0.574464083
5.175057651,0.431420326,0.436520845,-0.436576903,-0.271467566,0.578104198,0.575856447
5.180057472,0.431915939,0.436992824,-0.437166899,-0.271709472,0.578853548,0.576582134
5.185057315,0.432446927,0.437394023,-0.437739164,-0.271910071,0.579638243,0.577254713
5.190057468,0.433438122,0.438243628,-0.438842416,-0.272287667,0.581130922,0.578570426
5.195057885,0.433921903,0.438633025,-0.439391136,-0.272488236,0.581850708,0.579166293
5.200057435,0.434376210,0.439019442,-0.439904422,-0.272688866,0.582576394,0.579762220
5.205056991,0.434871793,0.439382285,-0.440411836,-0.272913069,0.583302081,0.580375791
5.210058045,0.435839415,0.440143377,-0.441497386,-0.273314238,0.584729910,0.581650198
5.215057192,0.436334997,0.440506250,-0.442028403,-0.273514867,0.585455537,0.582299173
5.220056957,0.436795205,0.440860242,-0.442547619,-0.273727238,0.586181223,0.582930446
5.225057041,0.437219977,0.441205382,-0.443049103,-0.273927838,0.586859703,0.583502710
5.230058061,0.437697858,0.441547573,-0.443544716,-0.274140239,0.587532341,0.584092736
5.235057552,0.438571036,0.442270309,-0.444512308,-0.274529636,0.588847995,0.585378885
5.240057320,0.439060748,0.442668557,-0.445007861,-0.274724334,0.589491069,0.585998416
5.245057025,0.439526826,0.443025500,-0.445503473,-0.274936736,0.590134203,0.586600184
5.250057244,0.439992934,0.443379521,-0.445969582,-0.275155008,0.590753675,0.587243319
5.255056717,0.440960526,0.444158286,-0.446925342,-0.275550306,0.591963172,0.588529527
5.260057382,0.441444308,0.444515228,-0.447379649,-0.275739104,0.592529595,0.589143097
5.265082551,0.442370594,0.445276320,-0.448311836,-0.276134402,0.593609273,0.590352595
5.270057193,0.442854404,0.445650965,-0.448772013,-0.276329100,0.594181538,0.590966165
5.275057377,0.443361819,0.446025640,-0.449249923,-0.276506096,0.594706655,0.591597438
5.280056762,0.443816096,0.446406186,-0.449710131,-0.276694894,0.595267117,0.592193365
5.285066542,0.444311678,0.446789652,-0.450205714,-0.276889592,0.595733225,0.592812836
5.290057417,0.445308775,0.447595000,-0.451120168,-0.277326196,0.596830606,0.594099045
5.295057047,0.445869267,0.448002100,-0.451592207,-0.277544498,0.597408831,0.594783425
5.300057799,0.446382552,0.448397398,-0.452022910,-0.277745068,0.597969294,0.595473707
5.305086773,0.446919441,0.448786795,-0.452483088,-0.277939796,0.598494411,0.596075475
5.310057923,0.447444528,0.449187994,-0.452848881,-0.278158098,0.599048972,0.596730411
5.315057665,0.448547840,0.450034618,-0.453857780,-0.278624177,0.600181758,0.598093212
5.320057420,0.449120134,0.450480044,-0.454247177,-0.278830707,0.600759923,0.598789454
5.325062945,0.449674726,0.450884193,-0.454837143,-0.279013574,0.601350009,0.599503338
5.330058052,0.450241119,0.451308995,-0.455126256,-0.279220074,0.601928174,0.600164175
5.335056980,0.451314926,0.452137947,-0.456087917,-0.279674351,0.603060901,0.601574242
5.340057902,0.451828212,0.452595204,-0.456512749,-0.279874980,0.603639185,0.602235019
5.345057184,0.452347368,0.452990472,-0.457061410,-0.280069649,0.604217350,0.602895796
5.350057321,0.453491956,0.453910887,-0.457934618,-0.280506253,0.605414987,0.604294121
5.355057281,0.454081982,0.454344511,-0.458459705,-0.280777633,0.606028616,0.605043411
5.360058178,0.454624742,0.454846025,-0.458825499,-0.281001836,0.606653988,0.605757236
5.365062769,0.455149859,0.455235422,-0.459356517,-0.281231940,0.607267559,0.606447518
5.370057240,0.455674946,0.455769360,-0.459716380,-0.281438440,0.607869387,0.607155561
5.375057365,0.456766427,0.456686795,-0.460624993,-0.281939924,0.609185100,0.608636439
5.380057212,0.457332820,0.457223713,-0.461055696,-0.282187730,0.609839976,0.609362125
5.385062606,0.457846105,0.457666159,-0.461468697,-0.282411933,0.610471249,0.610046506
5.390057441,0.458400697,0.458217800,-0.461875737,-0.282653838,0.611167431,0.610742688
5.395059112,0.459450901,0.459282756,-0.462754816,-0.283161223,0.612512589,0.612152815
5.400056769,0.459987789,0.459796071,-0.463167876,-0.283391327,0.613238275,0.612878501
5.405061740,0.461002558,0.460914075,-0.463964313,-0.283863306,0.614589393,0.614276767
5.410056820,0.461515903,0.461459816,-0.464347839,-0.284111112,0.615291476,0.614955246
5.415057676,0.462005585,0.462014437,-0.464737236,-0.284358919,0.616005361,0.615598381
5.420057351,0.462442160,0.462571979,-0.465132505,-0.284565389,0.616660237,0.616200149
5.425062099,0.462949574,0.463129520,-0.465557337,-0.284789592,0.617326915,0.616831422
5.430057704,0.463887632,0.464285910,-0.466412812,-0.285285175,0.618648529,0.618070424
5.435057370,0.464383245,0.464875877,-0.466867119,-0.285556585,0.619332969,0.618713498
5.440057280,0.464849353,0.465474725,-0.467280120,-0.285757184,0.619976044,0.619356573
5.445061821,0.465321332,0.466055870,-0.467693090,-0.285981387,0.620630920,0.619952500
5.450057192,0.465710700,0.466663539,-0.468123794,-0.286181986,0.621268094,0.620512962
5.455057530,0.466636986,0.467899591,-0.468996972,-0.286712945,0.622577906,0.621734262
5.460057615,0.467067689,0.468536794,-0.469474852,-0.286943078,0.623244584,0.622347832
5.465062453,0.467527926,0.469168067,-0.469911486,-0.287155449,0.623881757,0.622931957
5.470057621,0.467934966,0.469766915,-0.470348060,-0.287385553,0.624501288,0.623486578
5.475057353,0.468772799,0.470997036,-0.471221209,-0.287863433,0.625728428,0.624530852
5.480057151,0.469156265,0.471610665,-0.471628338,-0.288093567,0.626330256,0.625002801
5.485062228,0.469569236,0.472191781,-0.472047240,-0.288311839,0.626949728,0.625510216
5.490057186,0.470365763,0.473395407,-0.472926319,-0.288795650,0.628218234,0.626554489
5.495056990,0.470790535,0.474003077,-0.473386496,-0.289025754,0.628861308,0.627115011
5.500058106,0.471191734,0.474587142,-0.473840803,-0.289261758,0.629468977,0.627575219
5.505062305,0.471592903,0.475156486,-0.474259704,-0.289497733,0.630088508,0.628064930
5.510057260,0.472377628,0.476236194,-0.475168318,-0.289969742,0.631298006,0.629026532
5.515057179,0.472778827,0.476781905,-0.475610763,-0.290223420,0.631870270,0.629539907
5.520058006,0.473174125,0.477301121,-0.476035595,-0.290441751,0.632460237,0.630059063
5.525061767,0.473522216,0.477755427,-0.476478100,-0.290660024,0.633032560,0.630525172
5.530057295,0.473905742,0.478268713,-0.476885170,-0.290919632,0.633610785,0.631014824
5.535057204,0.474678606,0.479271680,-0.477752447,-0.291403413,0.634749413,0.632005990
5.540057293,0.475068003,0.479734838,-0.478171349,-0.291645288,0.635339439,0.632548809
5.545065116,0.475427926,0.480082929,-0.478590280,-0.291869521,0.635899961,0.633050323
5.550115620,0.475811392,0.480602115,-0.478973746,-0.292117298,0.636448622,0.633528173
5.555067721,0.476188987,0.480953187,-0.479357272,-0.292341471,0.636956036,0.634047389
5.560063369,0.476891071,0.481726080,-0.480094731,-0.292760402,0.637935400,0.634950101
5.565063368,0.477274597,0.482065320,-0.480507731,-0.292990506,0.638401508,0.635422111
5.570058006,0.478023857,0.482743800,-0.481298298,-0.293474287,0.639363229,0.636436880
5.575061262,0.478442758,0.483088970,-0.481693625,-0.293686688,0.639823377,0.636997402
5.580062141,0.478808552,0.483386904,-0.482059419,-0.293899089,0.640295327,0.637522459
5.585035507,0.479156643,0.483708441,-0.482448816,-0.294105589,0.640714288,0.638071120
5.590058337,0.479528368,0.484024107,-0.482791007,-0.294341564,0.641162634,0.638578534
5.595057570,0.480301231,0.484587550,-0.483510762,-0.294778168,0.642088950,0.639711380
5.600057134,0.480696559,0.484914958,-0.483882487,-0.295008242,0.642566860,0.640301347
5.605064622,0.481115401,0.485221773,-0.484212905,-0.295238376,0.643056571,0.640873671
5.610057373,0.481882393,0.485767543,-0.484861881,-0.295669049,0.643971026,0.641959190
5.615058247,0.482259989,0.486089051,-0.485180497,-0.295875579,0.644395828,0.642484307
5.620056887,0.482643515,0.486354530,-0.485481381,-0.296064377,0.644832432,0.643009424
5.625062044,0.483009309,0.486620069,-0.485776335,-0.296270847,0.645239472,0.643546283
5.630057066,0.483764499,0.487210035,-0.486395836,-0.296660244,0.646112680,0.644649565
5.635059722,0.484124362,0.487502098,-0.486661345,-0.296884447,0.646513879,0.645221889
5.640056921,0.484513760,0.487770557,-0.486944526,-0.297067344,0.646968186,0.645811856
5.645062714,0.484867781,0.488021284,-0.487239540,-0.297250241,0.647363544,0.646360517
5.650057854,0.485251307,0.488295615,-0.487493247,-0.297450840,0.647752881,0.646921098
5.655057312,0.485965163,0.488844335,-0.488012463,-0.297887444,0.648608387,0.648089230
5.660062355,0.486313254,0.489103913,-0.488325149,-0.298070341,0.649033189,0.648702800
5.665056867,0.486661375,0.489369422,-0.488620102,-0.298247337,0.649493337,0.649269223
5.670057819,0.487003535,0.489643753,-0.488838434,-0.298442066,0.649912238,0.649865150
5.675062278,0.487351656,0.489903390,-0.489109814,-0.298636734,0.650354743,0.650431514
5.680057157,0.488012433,0.490416676,-0.489676207,-0.299026132,0.651210248,0.651558399
5.685062847,0.488348722,0.490693957,-0.489906311,-0.299179494,0.651635051,0.652095258
5.690058114,0.489050865,0.491248548,-0.490401924,-0.299504042,0.652555466,0.653245807
5.695076047,0.489410728,0.491528809,-0.490691036,-0.299686909,0.653021514,0.653859377
5.700057850,0.489752918,0.491791368,-0.490915209,-0.299858004,0.653475821,0.654413939
5.705062872,0.490095139,0.492065728,-0.491115808,-0.300023198,0.653959572,0.654950857
5.710057784,0.490460873,0.492334157,-0.491322279,-0.300188422,0.654425681,0.655505419
5.715062502,0.491216063,0.492903501,-0.491812021,-0.300524712,0.655428648,0.656626403
5.720058162,0.491587788,0.493201435,-0.492036194,-0.300672203,0.655942023,0.657204628
5.725062557,0.492000788,0.493493468,-0.492219061,-0.300861001,0.656467080,0.657800555
5.730057470,0.492360681,0.493764848,-0.492413789,-0.301020324,0.656998098,0.658319712
5.735062597,0.492720604,0.494051009,-0.492637992,-0.301209092,0.657499552,0.658868432
5.740058205,0.493434489,0.494643956,-0.493092299,-0.301527679,0.658490777,0.659900904
5.745062215,0.493806213,0.494927168,-0.493281096,-0.301675171,0.659021735,0.660402358
5.750057445,0.494549572,0.495531857,-0.493729472,-0.302017391,0.660125017,0.661428928
5.755062329,0.494962603,0.495856345,-0.493989021,-0.302188486,0.660644233,0.661959946
5.760057326,0.495316535,0.496157289,-0.494242728,-0.302359581,0.661187053,0.662490964
5.765062200,0.495682359,0.496443450,-0.494472861,-0.302512974,0.661723912,0.662974775
5.770057719,0.496077657,0.496753156,-0.494708836,-0.302648693,0.662237167,0.663482130
5.775061994,0.496856451,0.497393310,-0.495275229,-0.302943677,0.663316846,0.664491057
5.780056773,0.497251779,0.497703075,-0.495534867,-0.303102970,0.663865626,0.665016115
5.785061319,0.497658819,0.498021662,-0.495782644,-0.303250492,0.664378881,0.665452778
5.790057879,0.498071820,0.498334318,-0.496071756,-0.303403884,0.664903939,0.665918827
5.795058396,0.498897851,0.498986304,-0.496714830,-0.303687096,0.665960073,0.666874647
5.800058222,0.499340355,0.499331474,-0.497021616,-0.303810954,0.666496933,0.667376101
5.805064708,0.499735624,0.499676555,-0.497381538,-0.303946674,0.667022049,0.667806745
5.810063525,0.500113189,0.499995172,-0.497765005,-0.304070592,0.667535365,0.668243408
5.815061849,0.500514388,0.500319719,-0.498065889,-0.304218054,0.668066323,0.668685913
5.820057747,0.501257777,0.501010001,-0.498726726,-0.304507136,0.669022143,0.669505954
5.825062654,0.501670778,0.501307964,-0.499068916,-0.304648757,0.669494092,0.669930816
5.830057940,0.502455473,0.502048373,-0.499806404,-0.304914236,0.670438111,0.670798063
5.835062631,0.502880275,0.502346337,-0.500160396,-0.305061758,0.670915961,0.671205163
5.840057025,0.503263772,0.502644300,-0.500567436,-0.305209279,0.671405673,0.671612263
5.845057344,0.503617823,0.503054321,-0.500956893,-0.305356741,0.671871781,0.672037065
5.850056982,0.503995419,0.503352225,-0.501304984,-0.305510163,0.672355592,0.672379255
5.855062323,0.504797757,0.504036665,-0.502160490,-0.305793345,0.673305452,0.673193395
5.860057602,0.505204856,0.504443705,-0.502538085,-0.305934936,0.673801064,0.673600554
5.865062728,0.505600154,0.504738688,-0.503051341,-0.306047022,0.674261212,0.674019456
5.870057225,0.505965948,0.505101562,-0.503387630,-0.306170940,0.674733281,0.674426496
5.875058168,0.506732941,0.505841970,-0.504319847,-0.306448221,0.675677240,0.675181687
5.880057446,0.507081032,0.506240249,-0.504720986,-0.306595743,0.676143348,0.675577044
5.885062473,0.507440925,0.506638527,-0.505240202,-0.306749135,0.676597595,0.675954640
5.890057793,0.508178413,0.507373035,-0.506013155,-0.307026446,0.677470803,0.676721573
5.895061654,0.508532405,0.507821441,-0.506555855,-0.307144403,0.677907407,0.677110970
5.900059106,0.508915901,0.508172512,-0.506945252,-0.307268322,0.678338110,0.677482665
5.905061271,0.509234488,0.508511782,-0.507411361,-0.307392210,0.678751051,0.677860260
5.910063125,0.509918928,0.509246349,-0.508231461,-0.307681322,0.679588914,0.678609610
5.915062831,0.510278761,0.509623885,-0.508709371,-0.307822913,0.680025458,0.678987205
5.920057520,0.510573804,0.510019183,-0.509116471,-0.307970405,0.680426657,0.679335237
5.925062066,0.510886490,0.510384917,-0.509523511,-0.308112025,0.680833817,0.679683328
5.930057613,0.511222780,0.510744810,-0.509942472,-0.308224082,0.681199610,0.680031478
5.935062106,0.511824548,0.511520743,-0.510721207,-0.308495522,0.681972444,0.680780709
5.940056721,0.512154996,0.511924863,-0.511157870,-0.308631182,0.682355940,0.681176066
5.945062159,0.512491226,0.512308359,-0.511553109,-0.308778703,0.682715833,0.681565464
5.950057513,0.512774467,0.512718379,-0.511918962,-0.308926225,0.683081627,0.681925297
5.955062493,0.513057649,0.513104796,-0.512284756,-0.309085488,0.683441520,0.682296991
5.960056963,0.513671219,0.513924956,-0.513016343,-0.309374571,0.684155464,0.683046341
5.965062166,0.513919055,0.514314294,-0.513358533,-0.309492588,0.684491754,0.683394372
5.970063506,0.514485478,0.515131474,-0.514048815,-0.309758067,0.685176134,0.684155524
5.975062767,0.514792204,0.515517890,-0.514367402,-0.309905589,0.685488820,0.684515357
5.980057827,0.515057743,0.515924990,-0.514680147,-0.310047179,0.685825109,0.684898913
5.985062253,0.515299618,0.516320288,-0.514963269,-0.310176998,0.686137795,0.685258806
5.990058380,0.515553355,0.516689062,-0.515246511,-0.310312688,0.686468184,0.685589194
5.995062339,0.516102016,0.517470777,-0.515783370,-0.310554594,0.687152565,0.686332583
6.000057437,0.516367495,0.517851353,-0.516048908,-0.310672581,0.687500715,0.686733782
6.005062347,0.516621232,0.518234730,-0.516302586,-0.310790569,0.687831044,0.687087774
6.010057646,0.516874909,0.518627167,-0.516556263,-0.310920388,0.688155591,0.687429905
6.015062728,0.517134488,0.519025445,-0.516809940,-0.311050177,0.688432872,0.687813461
6.020057731,0.517636001,0.519816041,-0.517352760,-0.311309785,0.689058304,0.688586295
6.025057942,0.517877877,0.520217180,-0.517612338,-0.311445475,0.689382732,0.688958049
6.030057861,0.518338084,0.520948768,-0.518137455,-0.311657846,0.689960957,0.689677835
6.035061955,0.518562257,0.521317482,-0.518420637,-0.311758161,0.690256000,0.690043628
6.040057130,0.518792391,0.521668553,-0.518680274,-0.311870247,0.690580428,0.690433025
6.045061894,0.519028366,0.521990180,-0.518945694,-0.311982363,0.690899074,0.690804720
6.050058145,0.519276202,0.522317588,-0.519199431,-0.312106252,0.691176355,0.691158712
6.055062680,0.519771755,0.523002028,-0.519712687,-0.312365860,0.691760421,0.691925704
6.060056590,0.519995987,0.523320556,-0.519948781,-0.312495649,0.692049503,0.692279696
6.065061771,0.520220160,0.523618460,-0.520172954,-0.312625438,0.692297280,0.692639589
6.070056846,0.520444393,0.523922324,-0.520420730,-0.312749356,0.692545116,0.692993581
6.075062170,0.520922244,0.524512291,-0.520933986,-0.312967658,0.693152785,0.693748772
6.080057126,0.521146476,0.524777889,-0.521205425,-0.313079745,0.693418324,0.694149971
6.085061933,0.521370649,0.525046349,-0.521476805,-0.313185930,0.693695605,0.694551170
6.090057345,0.521588981,0.525323629,-0.521742284,-0.313292146,0.693996489,0.694928765
6.095062995,0.521824956,0.525586128,-0.522007823,-0.313404262,0.694321036,0.695306361
6.100057079,0.522296965,0.526069880,-0.522550583,-0.313646138,0.694857895,0.696067452
6.105061917,0.522509336,0.526332438,-0.522816122,-0.313758224,0.695158780,0.696421444
6.110057282,0.522963643,0.526836872,-0.523358941,-0.313970655,0.695725203,0.697188437
6.115063267,0.523199618,0.527069986,-0.523636222,-0.314065039,0.696008384,0.697589636
6.120057767,0.523447394,0.527329564,-0.523937106,-0.314171255,0.696291566,0.697967231
6.125062156,0.523671627,0.527583241,-0.524202585,-0.314277440,0.696610212,0.698344827
6.130057488,0.523889899,0.527798593,-0.524468064,-0.314395428,0.696881592,0.698734224
6.135062170,0.524367809,0.528193891,-0.525034428,-0.314631402,0.697483361,0.699459910
6.140056887,0.524603784,0.528365016,-0.525329471,-0.314755321,0.697790146,0.699849308
6.145064298,0.524845719,0.528541982,-0.525606751,-0.314885139,0.698067486,0.700232804
6.150057617,0.525040388,0.528766155,-0.525901735,-0.315003097,0.698356569,0.700569093
6.155060249,0.525482893,0.529105425,-0.526420951,-0.315221429,0.698976040,0.701318383
6.160057845,0.525718927,0.529282331,-0.526698232,-0.315327644,0.699241519,0.701690078
6.165062056,0.525943100,0.529444635,-0.526951969,-0.315433800,0.699518800,0.702049971
6.170058030,0.526179075,0.529636443,-0.527211547,-0.315540016,0.699819684,0.702403963
6.175062593,0.526403308,0.529822290,-0.527488828,-0.315652102,0.700126529,0.702769756
6.180057412,0.526839852,0.530152678,-0.527996242,-0.315870404,0.700692952,0.703460038
6.185057140,0.527046382,0.530306041,-0.528244019,-0.315982521,0.701005638,0.703819931
6.190056895,0.527512491,0.530615807,-0.528686523,-0.316188991,0.701636910,0.704522073
6.195062432,0.527742565,0.530757368,-0.528922498,-0.316295207,0.701931894,0.704876006
6.200057153,0.527949035,0.530957937,-0.529152632,-0.316395521,0.702244639,0.705224156
6.205061807,0.528155565,0.531143844,-0.529382706,-0.316489905,0.702563167,0.705566347
6.210057448,0.528350234,0.531294346,-0.529618740,-0.316578388,0.702887654,0.705908477
6.215057450,0.528834045,0.531592250,-0.530078888,-0.316773117,0.703536689,0.706586957
6.220057493,0.529075980,0.531739712,-0.530314922,-0.316873401,0.703890681,0.706941009
6.225062879,0.529300153,0.531913757,-0.530550897,-0.316961884,0.704209268,0.707271397
6.230057671,0.529506624,0.532117367,-0.530763328,-0.317056298,0.704522014,0.707607687
6.235063690,0.529719055,0.532291353,-0.531017005,-0.317150712,0.704875946,0.707920372
6.240057108,0.530179262,0.532612920,-0.531441808,-0.317357183,0.705572128,0.708610713
6.245057547,0.530409336,0.532769263,-0.531671882,-0.317445695,0.705896616,0.708917499
6.250057533,0.530604005,0.532922626,-0.531907916,-0.317528307,0.706250668,0.709230185
6.255062511,0.530981600,0.533223629,-0.532326818,-0.317705303,0.706911445,0.709867418
6.260057574,0.531176329,0.533344567,-0.532539189,-0.317805588,0.707265437,0.710174143
6.265062017,0.531353354,0.533456564,-0.532769263,-0.317900002,0.707631230,0.710469186
6.270057328,0.531553924,0.533574641,-0.532975793,-0.317994386,0.707955778,0.710764110
6.275063037,0.531896114,0.533816576,-0.533406496,-0.318177283,0.708657861,0.711389542
6.280057297,0.532096744,0.533937454,-0.533630669,-0.318265796,0.708976388,0.711678684
6.285062119,0.532256007,0.534049571,-0.533831239,-0.318354309,0.709300935,0.711961806
6.290057391,0.532421231,0.534176409,-0.534049571,-0.318448693,0.709649026,0.712268651
6.295057588,0.532792926,0.534450769,-0.534462571,-0.318625659,0.710303903,0.712829113
6.300057298,0.532999396,0.534589410,-0.534674942,-0.318714172,0.710640192,0.713118196
6.305061594,0.533188224,0.534710348,-0.534887314,-0.318790853,0.710982382,0.713407338
6.310058615,0.533376992,0.534837246,-0.535099745,-0.318873465,0.711318672,0.713661015
6.315057481,0.533542216,0.534975827,-0.535306275,-0.318956077,0.711655021,0.713908792
6.320058175,0.533949256,0.535256147,-0.535707474,-0.319138974,0.712345302,0.714475214
6.325056486,0.534143984,0.535409451,-0.535908043,-0.319227457,0.712675631,0.714758396
6.330057389,0.534492075,0.535683870,-0.536303341,-0.319404483,0.713283360,0.715248108
6.335061686,0.534686804,0.535822511,-0.536498010,-0.319487035,0.713590205,0.715507686
6.340059890,0.534863830,0.535961151,-0.536675036,-0.319575548,0.713896930,0.715761364
6.345062626,0.535040736,0.536079168,-0.536852002,-0.319658160,0.714191973,0.715997398
6.350057450,0.535217762,0.536217809,-0.537023127,-0.319740772,0.714469254,0.716221631
6.355057647,0.535613060,0.536492109,-0.537418425,-0.319900066,0.715071023,0.716705382
6.360057548,0.535813689,0.536636710,-0.537636757,-0.319976777,0.715366006,0.716953158
6.365061415,0.536037862,0.536778212,-0.537831426,-0.320047557,0.715655088,0.717177391
6.370059082,0.536214828,0.536913991,-0.538031995,-0.320112467,0.715967834,0.717401564
6.375062558,0.536657333,0.537173569,-0.538385987,-0.320248127,0.716546059,0.717885375
6.380057610,0.536881566,0.537309289,-0.538610220,-0.320318937,0.716846943,0.718150854
6.385062104,0.537099838,0.537436128,-0.538798988,-0.320389748,0.717153668,0.718392789
6.390056976,0.537318110,0.537559986,-0.538987815,-0.320454657,0.717436910,0.718611062
6.395061577,0.537495136,0.537704587,-0.539182544,-0.320531338,0.717714250,0.718847096
6.400057492,0.537914038,0.537975967,-0.539512873,-0.320690632,0.718304217,0.719336748
6.405057148,0.538108766,0.538117588,-0.539683998,-0.320767343,0.718593299,0.719549179
6.410025612,0.538498163,0.538365364,-0.540026188,-0.320914835,0.719159722,0.719979882
6.415059465,0.538692832,0.538492203,-0.540179551,-0.320991546,0.719466507,0.720204055
6.420057508,0.538905203,0.538630843,-0.540344775,-0.321068227,0.719779193,0.720416427
6.425062394,0.539099932,0.538754821,-0.540504098,-0.321150839,0.720062375,0.720611155
6.430057181,0.539288759,0.538905203,-0.540669262,-0.321233451,0.720327854,0.720823526
6.435057531,0.539731264,0.539214969,-0.541017413,-0.321386814,0.720882475,0.721224725
6.440057373,0.539979041,0.539368331,-0.541176677,-0.321463525,0.721136153,0.721425354
6.445057090,0.540167809,0.539524734,-0.541341841,-0.321534336,0.721401691,0.721631825
6.450057850,0.540397942,0.539651573,-0.541507065,-0.321611047,0.721649468,0.721850097
6.455061632,0.540604413,0.539787233,-0.541684091,-0.321687758,0.721926749,0.722068429
6.460057677,0.541035116,0.540108800,-0.542014480,-0.321841121,0.722434163,0.722505033
6.465057660,0.541241646,0.540271044,-0.542197347,-0.321917832,0.722699642,0.722729206
6.470057283,0.541424513,0.540439188,-0.542368412,-0.322000444,0.722965121,0.722953379
6.475057214,0.541631043,0.540586710,-0.542521834,-0.322083056,0.723218858,0.723177612
6.480057006,0.542032242,0.540872812,-0.542840481,-0.322242320,0.723732114,0.723602414
6.485057912,0.542232811,0.541008472,-0.543005645,-0.322313130,0.723979950,0.723767638
6.490057396,0.542433381,0.541164875,-0.543182671,-0.322383940,0.724239528,0.723944604
6.495057316,0.542869985,0.541459918,-0.543518960,-0.322531402,0.724682033,0.724363446
6.500057317,0.543082356,0.541610360,-0.543672383,-0.322602212,0.724918008,0.724564075
6.505057397,0.543300688,0.541749001,-0.543825746,-0.322673023,0.725153983,0.724741042
6.510057066,0.543513060,0.541896462,-0.543979108,-0.322749734,0.725378215,0.724924028
6.515057768,0.543943763,0.542167842,-0.544297755,-0.322914898,0.725791216,0.725325167
6.520057161,0.544185638,0.542318344,-0.544480622,-0.323003411,0.726038992,0.725561142
6.525056583,0.544386268,0.542465806,-0.544628143,-0.323097825,0.726269126,0.725755870
6.530048520,0.544563234,0.542628050,-0.544787407,-0.323186308,0.726499200,0.725944698
6.535057696,0.544775665,0.542781413,-0.544946671,-0.323274791,0.726693928,0.726151168
6.540057055,0.545176864,0.543126583,-0.545259476,-0.323445916,0.727089226,0.726617277
6.545062280,0.545383334,0.543294787,-0.545442343,-0.323528528,0.727307498,0.726853251
6.550057169,0.545583904,0.543459952,-0.545625210,-0.323599339,0.727543473,0.727042019
6.555062329,0.545766830,0.543619275,-0.545802176,-0.323670089,0.727744043,0.727224946
6.560057656,0.546132684,0.543934882,-0.546120822,-0.323811710,0.728157103,0.727626145
6.565057701,0.546339095,0.544097126,-0.546262443,-0.323882520,0.728357673,0.727826774
6.570059702,0.546545625,0.544259429,-0.546415806,-0.323959202,0.728575945,0.728015542
6.575062102,0.546923220,0.544580877,-0.546740294,-0.324106693,0.728965342,0.728351831
6.580057294,0.547123849,0.544725537,-0.546893716,-0.324183404,0.729183674,0.728534758
6.585056142,0.547289014,0.544887722,-0.547029436,-0.324260116,0.729378402,0.728741229
6.590057625,0.547466040,0.545041084,-0.547165096,-0.324336797,0.729596674,0.728953600
6.595056983,0.547849536,0.545353830,-0.547430575,-0.324472487,0.729991972,0.729348958
6.600057035,0.548032463,0.545524895,-0.547578096,-0.324543297,0.730174839,0.729531825
6.605056382,0.548203528,0.545684218,-0.547725558,-0.324608207,0.730375409,0.729714751
6.610057474,0.548368692,0.545825839,-0.547884881,-0.324667215,0.730581939,0.729927123
6.615057148,0.548545718,0.545979202,-0.548032403,-0.324732125,0.730764806,0.730151296
6.620057362,0.548923314,0.546285987,-0.548315585,-0.324861884,0.731160164,0.730570197
6.625057110,0.549112141,0.546451211,-0.548457146,-0.324938595,0.731348932,0.730764866
6.630059461,0.549460173,0.546787500,-0.548746228,-0.325074315,0.731750131,0.731183827
6.635057020,0.549666703,0.546952724,-0.548893809,-0.325156868,0.731962502,0.731402099
6.640056729,0.549855530,0.547097266,-0.549041271,-0.325227678,0.732157230,0.731596768
6.645057428,0.550050199,0.547241807,-0.549165189,-0.325304389,0.732328355,0.731767893
6.650056680,0.550233126,0.547389388,-0.549277246,-0.325387001,0.732517123,0.731950760
6.655056650,0.550616562,0.547710836,-0.549536884,-0.325552166,0.732900620,0.732369721
6.660057330,0.550805390,0.547881961,-0.549696147,-0.325622976,0.733071744,0.732593894
6.665057292,0.550994158,0.548056006,-0.549861372,-0.325687885,0.733260512,0.732788622
6.670057509,0.551177084,0.548215270,-0.550044239,-0.325752795,0.733431578,0.733000994
6.675057260,0.551336348,0.548362792,-0.550221264,-0.325823605,0.733602703,0.733219266
6.680056241,0.551660836,0.548684359,-0.550551653,-0.325977027,0.733956754,0.733679473
6.685056703,0.551837862,0.548858345,-0.550705075,-0.326047778,0.734127820,0.733903706
6.690056936,0.552008986,0.549041271,-0.550846636,-0.326118588,0.734310687,0.734116077
6.695056438,0.552180052,0.549224138,-0.551011860,-0.326183498,0.734475911,0.734328449
6.700056148,0.552510500,0.549525023,-0.551436603,-0.326330960,0.734841704,0.734788716
6.705061648,0.552657962,0.549678445,-0.551578224,-0.326407671,0.735024631,0.734977424
6.710056791,0.552805424,0.549837828,-0.551672637,-0.326484382,0.735183895,0.735166252
6.715062487,0.553118110,0.550230145,-0.551914513,-0.326667309,0.735537887,0.735585153
6.720056982,0.553301036,0.550410151,-0.552109241,-0.326738060,0.735714912,0.735821128
6.725056995,0.553472161,0.550578237,-0.552280307,-0.326820672,0.735909581,0.736039460
6.730056901,0.553631485,0.550734520,-0.552475035,-0.326879680,0.736063004,0.736234188
6.735057898,0.553950012,0.551100373,-0.552722812,-0.327044904,0.736352086,0.736617625
6.740057104,0.554103434,0.551306844,-0.552834928,-0.327133358,0.736505508,0.736859560
6.745056924,0.554262698,0.551504493,-0.552952945,-0.327198267,0.736676574,0.737083733
6.750057973,0.554416120,0.551646113,-0.553124011,-0.327280879,0.736847699,0.737272501
6.755061776,0.554587245,0.551814258,-0.553259730,-0.327351689,0.736977458,0.737455428
6.760057383,0.554905832,0.552177191,-0.553601921,-0.327499151,0.737260699,0.737868428
6.765056969,0.555041492,0.552386522,-0.553737640,-0.327587664,0.737414062,0.738122165
6.770057496,0.555165470,0.552607775,-0.553849757,-0.327670276,0.737543821,0.738328636
6.775062100,0.555295229,0.552772999,-0.553944111,-0.327746987,0.737714946,0.738535106
6.780056925,0.555419087,0.552885056,-0.554050326,-0.327829540,0.737868369,0.738747537
6.785057440,0.555684626,0.553224325,-0.554304063,-0.327977061,0.738151550,0.739148736
6.790056890,0.555826187,0.553436697,-0.554451525,-0.328041971,0.738281369,0.739337504
6.795057577,0.556133032,0.553835034,-0.554776013,-0.328171790,0.738582253,0.739762306
6.800057391,0.556280494,0.553997219,-0.554929435,-0.328242540,0.738771081,0.739998281
6.805057513,0.556416214,0.554150581,-0.555059195,-0.328307450,0.738918543,0.740210652
6.810056538,0.556551874,0.554321647,-0.555153608,-0.328372359,0.739101470,0.740405381
6.815057524,0.556675851,0.554510474,-0.555247962,-0.328443170,0.739248931,0.740600109
6.820057028,0.556976736,0.554923534,-0.555483997,-0.328584731,0.739520311,0.741030753
6.825057388,0.557141900,0.555076897,-0.555607915,-0.328673244,0.739667892,0.741207778
6.830056838,0.557301223,0.555224419,-0.555731773,-0.328744054,0.739809394,0.741402507
6.835057015,0.557425082,0.555395484,-0.555861592,-0.328820765,0.739968777,0.741603076
6.840057123,0.557672858,0.555805445,-0.556097567,-0.328997731,0.740275502,0.741998374
6.845056661,0.557820439,0.556020856,-0.556203783,-0.329068542,0.740411222,0.742216647
6.850057512,0.557962000,0.556221485,-0.556304097,-0.329151154,0.740517437,0.742434978
6.855056671,0.558239281,0.556581378,-0.556498766,-0.329316378,0.740800619,0.742871583
6.860058861,0.558380902,0.556752443,-0.556604981,-0.329375327,0.740930438,0.743048549
6.865057146,0.558510721,0.556935430,-0.556711197,-0.329452038,0.741089761,0.743243217
6.870057102,0.558610976,0.557133079,-0.556823254,-0.329534650,0.741266668,0.743414342
6.875057715,0.558817446,0.557546020,-0.557035625,-0.329682112,0.741544008,0.743821442
6.880057412,0.558929563,0.557746649,-0.557141900,-0.329747021,0.741662025,0.744039714
6.885056811,0.559047580,0.557914793,-0.557248056,-0.329847336,0.741768241,0.744228542
6.890057493,0.559159696,0.558091760,-0.557348371,-0.329929948,0.741903901,0.744399607
6.895056949,0.559277713,0.558271766,-0.557448685,-0.330012560,0.742051423,0.744606137
6.900057256,0.559531391,0.558672905,-0.557649314,-0.330189526,0.742411256,0.745001435
6.905057629,0.559661150,0.558870554,-0.557755470,-0.330248535,0.742582381,0.745207906
6.910056909,0.559773266,0.559056401,-0.557855725,-0.330319345,0.742706299,0.745408535
6.915056717,0.559873581,0.559245229,-0.557956040,-0.330384254,0.742818415,0.745591462
6.920057040,0.559979796,0.559425175,-0.558056355,-0.330460966,0.742924631,0.745792031
6.925057103,0.560227573,0.559823394,-0.558280528,-0.330596626,0.743219554,0.746234536
6.930056856,0.560357392,0.560006261,-0.558398545,-0.330655634,0.743378937,0.746452808
6.935057396,0.560622871,0.560366273,-0.558610916,-0.330761850,0.743709266,0.746824503
6.940056677,0.560758591,0.560540199,-0.558717191,-0.330808997,0.743833184,0.747019172
6.945057369,0.560876608,0.560717225,-0.558829248,-0.330868006,0.743933439,0.747213900
6.950057413,0.560988665,0.560923755,-0.558935404,-0.330915213,0.744027913,0.747402728
6.955057477,0.561094820,0.561121464,-0.559047520,-0.330980122,0.744163573,0.747597396
6.960056954,0.561330795,0.561484218,-0.559283555,-0.331098139,0.744452655,0.747939587
6.965056827,0.561437070,0.561673045,-0.559419274,-0.331163049,0.744629681,0.748110652
6.970056387,0.561549127,0.561855912,-0.559537232,-0.331239700,0.744788945,0.748317182
6.975056667,0.561655343,0.562038779,-0.559655249,-0.331304610,0.744930565,0.748482406
6.980056618,0.561897218,0.562398672,-0.559879422,-0.331410825,0.745172501,0.748871803
6.985056765,0.561991632,0.562590480,-0.559985638,-0.331446230,0.745314062,0.749036968
6.990057585,0.562080145,0.562767506,-0.560085952,-0.331493378,0.745455623,0.749196291
6.995057638,0.562168658,0.562953293,-0.560186267,-0.331522942,0.745626748,0.749379218
7.000069083,0.562257171,0.563127398,-0.560280621,-0.331570089,0.745809615,0.749573886
7.005057116,0.562434137,0.563481331,-0.560481191,-0.331646800,0.746110559,0.749910176
7.010056944,0.562522650,0.563661337,-0.560587406,-0.331694007,0.746234477,0.750081301
7.015056807,0.562711477,0.564027131,-0.560793936,-0.331788421,0.746541262,0.750423491
7.020073918,0.562817633,0.564204037,-0.560888290,-0.331823826,0.746706426,0.750624061
7.025057473,0.562923849,0.564366341,-0.560988605,-0.331870973,0.746889293,0.750801086
7.030056890,0.563035965,0.564525604,-0.561088920,-0.331918240,0.747060478,0.750966251
7.035057610,0.563148022,0.564684927,-0.561177433,-0.331947684,0.747225642,0.751125574
7.040057311,0.563360393,0.565027118,-0.561354399,-0.332024395,0.747502983,0.751426458
7.045057082,0.563466668,0.565204084,-0.561466515,-0.332089305,0.747650445,0.751632929
7.050057083,0.563566923,0.565369368,-0.561584532,-0.332136512,0.747815669,0.751815856
7.055056839,0.563673079,0.565502107,-0.561696649,-0.332183659,0.748004436,0.752010524
7.060061482,0.563885510,0.565791190,-0.561950326,-0.332295835,0.748352528,0.752317369
7.065056598,0.563991725,0.565941632,-0.562086046,-0.332360685,0.748499990,0.752488434
7.070057572,0.564103842,0.566089153,-0.562209904,-0.332413793,0.748647571,0.752647758
7.075056702,0.564328015,0.566404819,-0.562451839,-0.332525909,0.748977900,0.753007650
7.080061886,0.564440072,0.566546321,-0.562575698,-0.332555413,0.749172628,0.753184617
7.085057491,0.564534545,0.566673219,-0.562699616,-0.332608521,0.749367297,0.753343880
7.090056785,0.564628899,0.566808939,-0.562847078,-0.332637966,0.749538422,0.753491461
7.095057275,0.564823627,0.567095041,-0.563147962,-0.332720578,0.749827504,0.753792346
7.100061888,0.564923942,0.567239642,-0.563295484,-0.332767785,0.749975026,0.753957570
7.105057359,0.565018296,0.567378283,-0.563431203,-0.332820892,0.750140190,0.754134536
7.110057949,0.565112710,0.567522764,-0.563566864,-0.332850397,0.750311255,0.754293799
7.115057526,0.565207064,0.567658484,-0.563696682,-0.332903504,0.750505984,0.754441321
7.120061506,0.565401793,0.567915201,-0.563979864,-0.333003759,0.750865877,0.754718602
7.125056793,0.565502107,0.568044901,-0.564109683,-0.333051026,0.751025200,0.754860222
7.130057111,0.565590620,0.568186522,-0.564251304,-0.333104074,0.751190424,0.755007684
7.135057191,0.565679133,0.568316340,-0.564386964,-0.333151281,0.751361489,0.755155206
7.140057244,0.565767586,0.568434298,-0.564516783,-0.333204389,0.751544356,0.755302727
7.145057211,0.565944612,0.568705738,-0.564741015,-0.333322346,0.751921952,0.755609512
7.150056910,0.566027164,0.568829656,-0.564864874,-0.333393157,0.752093077,0.755757034
7.155056760,0.566198349,0.569062710,-0.565095007,-0.333511174,0.752423465,0.756016612
7.160062122,0.566286743,0.569180608,-0.565224767,-0.333581984,0.752600431,0.756170034
7.165058644,0.566375256,0.569292784,-0.565330982,-0.333646894,0.752777457,0.756305695
7.170056743,0.566457868,0.569398999,-0.565431297,-0.333682299,0.752966225,0.756459117
7.175056989,0.566546381,0.569502234,-0.565555155,-0.333735406,0.753155053,0.756600678
7.180061970,0.566735208,0.569711685,-0.565779328,-0.333823860,0.753532648,0.756860316
7.185057450,0.566835463,0.569812059,-0.565891445,-0.333871067,0.753715575,0.756978273
7.190057278,0.566935778,0.569903433,-0.566015303,-0.333924174,0.753886640,0.757119894
7.195056561,0.567036092,0.569985986,-0.566139281,-0.333977282,0.754057765,0.757255554
7.200060539,0.567236662,0.570160091,-0.566392899,-0.334065795,0.754405856,0.757574141
7.205057384,0.567336977,0.570263326,-0.566505075,-0.334136605,0.754588723,0.757727563
7.210056270,0.567437291,0.570360661,-0.566617191,-0.334189713,0.754765749,0.757880986
7.215056477,0.567531705,0.570460916,-0.566746950,-0.334242761,0.754936874,0.758016646
7.220061230,0.567637861,0.570564210,-0.566864967,-0.334295869,0.755125642,0.758128762
7.225064810,0.567844391,0.570741236,-0.567089140,-0.334419787,0.755485535,0.758394241
7.230056864,0.567938745,0.570853293,-0.567213058,-0.334472895,0.755674362,0.758529961
7.235057336,0.568127573,0.571053922,-0.567454934,-0.334620357,0.756046057,0.758825004
7.240056137,0.568227828,0.571157098,-0.567567050,-0.334691167,0.756228924,0.758972466
7.245056461,0.568322301,0.571248531,-0.567673266,-0.334761977,0.756417751,0.759108126
7.250057036,0.568404853,0.571348846,-0.567785323,-0.334815085,0.756600618,0.759214401
7.255057415,0.568481565,0.571449220,-0.567885637,-0.334850430,0.756783545,0.759326458
7.260061729,0.568646789,0.571658611,-0.568092108,-0.334944844,0.757125735,0.759568393
7.265056997,0.568729341,0.571764886,-0.568192422,-0.334997952,0.757290959,0.759704053
7.270057077,0.568811953,0.571868181,-0.568304539,-0.335051060,0.757456064,0.759845674
7.275057294,0.568900466,0.571974277,-0.568422496,-0.335110068,0.757627249,0.759987235
7.280062204,0.568994820,0.572065711,-0.568522811,-0.335145473,0.757792413,0.760128856
7.285056950,0.569160044,0.572242737,-0.568746984,-0.335233986,0.758140504,0.760370731
7.290056602,0.569236755,0.572319448,-0.568829656,-0.335292935,0.758305728,0.760476947
7.295057284,0.569319308,0.572404981,-0.568935812,-0.335346043,0.758447349,0.760577202
7.300062771,0.569472730,0.572564244,-0.569142342,-0.335440457,0.758718669,0.760795534
7.305056744,0.569537640,0.572658658,-0.569248497,-0.335493565,0.758854389,0.760907650
7.310057050,0.569614351,0.572741270,-0.569342911,-0.335552573,0.759001911,0.761025667
7.315056365,0.569673359,0.572815001,-0.569466829,-0.335605621,0.759167075,0.761143625
7.320061152,0.569838524,0.572965503,-0.569702804,-0.335735440,0.759503424,0.761385500
7.325056276,0.569927037,0.573030353,-0.569809020,-0.335794449,0.759662688,0.761491776
7.330056882,0.570021451,0.573113024,-0.569921136,-0.335865259,0.759810150,0.761586130
7.335056959,0.570104063,0.573177874,-0.570050955,-0.335924268,0.759951770,0.761692345
7.340057027,0.570310593,0.573316455,-0.570275128,-0.336018682,0.760258615,0.761910617
7.345056714,0.570410848,0.573372602,-0.570404947,-0.336077631,0.760417879,0.762028635
7.350057700,0.570505202,0.573449314,-0.570505202,-0.336130738,0.760583103,0.762146652
7.355057191,0.570587873,0.573505282,-0.570634961,-0.336189747,0.760742366,0.762264609
7.360057304,0.570682228,0.573573172,-0.570770681,-0.336225152,0.760889828,0.762400270
7.365056833,0.570859253,0.573711812,-0.571024358,-0.336325467,0.761161268,0.762630403
7.370056683,0.570941806,0.573776722,-0.571118832,-0.336360812,0.761291087,0.762730718
7.375057227,0.571130633,0.573897660,-0.571337044,-0.336455226,0.761550665,0.762925446
7.380056482,0.571242750,0.573959649,-0.571455061,-0.336514235,0.761704087,0.763025701
7.385056319,0.571343064,0.574012756,-0.571573138,-0.336555541,0.761863351,0.763137817
7.390056426,0.571431518,0.574080586,-0.571673393,-0.336590946,0.762010813,0.763238132
7.395057471,0.571519971,0.574142516,-0.571809113,-0.336649954,0.762140632,0.763338387
7.400061994,0.571696997,0.574284077,-0.571991980,-0.336762071,0.762388408,0.763550818
7.405056754,0.571785510,0.574354887,-0.572109997,-0.336821020,0.762506485,0.763662875
7.410057040,0.571862221,0.574452281,-0.572210312,-0.336897731,0.762636244,0.763763189
7.415057087,0.571938932,0.574517131,-0.572292864,-0.336939037,0.762766004,0.763857603
7.420062547,0.572092295,0.574664652,-0.572475791,-0.337074757,0.763049245,0.764052272
7.425057218,0.572174907,0.574753165,-0.572576106,-0.337116003,0.763202667,0.764158487
7.430056660,0.572251618,0.574829817,-0.572658658,-0.337175071,0.763326585,0.764264703
7.435056535,0.572334230,0.574909508,-0.572758973,-0.337210417,0.763450444,0.764364958
7.440057050,0.572428584,0.574980378,-0.572841585,-0.337251723,0.763580263,0.764471173
7.445056709,0.572599709,0.575142503,-0.573042154,-0.337352037,0.763839841,0.764677644
7.450057166,0.572670519,0.575213313,-0.573101163,-0.337393343,0.763981462,0.764772117
7.455056634,0.572817981,0.575349092,-0.573242784,-0.337470055,0.764264643,0.764966786
7.460056909,0.572894692,0.575422823,-0.573325336,-0.337511301,0.764406204,0.765061200
7.465056282,0.572965562,0.575505376,-0.573390245,-0.337546766,0.764530122,0.765155554
7.470056509,0.573030412,0.575582087,-0.573490560,-0.337588012,0.764642239,0.765244067
7.475057006,0.573095322,0.575649977,-0.573549569,-0.337629318,0.764754295,0.765326679
7.480056937,0.573236883,0.575779796,-0.573714733,-0.337706029,0.764984429,0.765527308
7.485057391,0.573331296,0.575838804,-0.573797345,-0.337747335,0.765120089,0.765639365
7.490056671,0.573408008,0.575897753,-0.573879957,-0.337806344,0.765249908,0.765757382
7.495057227,0.573490620,0.575950742,-0.573962569,-0.337847650,0.765367866,0.765869498
7.500060015,0.573567331,0.576003909,-0.574045181,-0.337882996,0.765485883,0.765981615
7.505057039,0.573762000,0.576116085,-0.574186742,-0.337965608,0.765716016,0.766199827
7.510056587,0.573844612,0.576169133,-0.574251652,-0.338024616,0.765804529,0.766306043
7.515057225,0.573909521,0.576210380,-0.574310660,-0.338083625,0.765922487,0.766412318
7.520057358,0.574062884,0.576287150,-0.574393213,-0.338183939,0.766146719,0.766618729
7.525056346,0.574151397,0.576325536,-0.574475884,-0.338201642,0.766264677,0.766713202
7.530057179,0.574222207,0.576369762,-0.574540794,-0.338260591,0.766388595,0.766807556
7.535056741,0.574293017,0.576393366,-0.574605703,-0.338301957,0.766512454,0.766901970
7.540056711,0.574469984,0.576475918,-0.574747205,-0.338360906,0.766742587,0.767114401
7.545057128,0.574552536,0.576505423,-0.574812114,-0.338402212,0.766837001,0.767220557
7.550057742,0.574641049,0.576537967,-0.574853480,-0.338443518,0.766937315,0.767320812
7.555056900,0.574729562,0.576576233,-0.574918389,-0.338461220,0.767031670,0.767403483
7.560056563,0.574924290,0.576652944,-0.575042248,-0.338537931,0.767244101,0.767562747
7.565056502,0.575012803,0.576700151,-0.575124800,-0.338561535,0.767385662,0.767645299
7.570056834,0.575077713,0.576756239,-0.575189710,-0.338579237,0.767521381,0.767727971
7.575057193,0.575166225,0.576797485,-0.575254619,-0.338661790,0.767674804,0.767804682
7.580056325,0.575225174,0.576853514,-0.575319529,-0.338661790,0.767798662,0.767887235
7.585056396,0.575366795,0.576986313,-0.575425744,-0.338738501,0.768016994,0.768076003
7.590062558,0.575414002,0.577045262,-0.575490654,-0.338762105,0.768105507,0.768164515
7.595056786,0.575537860,0.577160358,-0.575573266,-0.338838816,0.768288374,0.768341541
7.600056928,0.575602770,0.577213407,-0.575638175,-0.338856518,0.768394589,0.768435955
7.605056559,0.575661778,0.577260613,-0.575679421,-0.338880122,0.768483102,0.768524468
7.610059504,0.575708926,0.577296019,-0.575720727,-0.338921428,0.768606961,0.768607020
7.615056958,0.575791597,0.577334344,-0.575767934,-0.338980436,0.768713176,0.768677831
7.620057416,0.575903654,0.577396333,-0.575850546,-0.339039385,0.768960953,0.768813550
7.625056355,0.575962663,0.577428818,-0.575891793,-0.339074790,0.769061267,0.768884361
7.630057314,0.576027572,0.577484846,-0.575939059,-0.339098394,0.769132078,0.768961012
7.635056519,0.576092482,0.577514291,-0.575980306,-0.339157403,0.769220531,0.769043624
7.640057485,0.576157391,0.577573299,-0.576045215,-0.339198709,0.769309044,0.769126236
7.645056371,0.576287150,0.577664733,-0.576127887,-0.339293122,0.769468307,0.769309103
7.650057660,0.576334357,0.577697217,-0.576216340,-0.339316726,0.769556820,0.769397616
7.655057257,0.576399267,0.577753305,-0.576257646,-0.339352131,0.769663036,0.769492030
7.660056710,0.576452315,0.577809334,-0.576322556,-0.339393377,0.769769311,0.769586444
7.665056844,0.576564431,0.577906668,-0.576434612,-0.339475989,0.769999325,0.769775212
7.670056764,0.576617539,0.577962756,-0.576475918,-0.339511395,0.770111442,0.769863725
7.675056919,0.576700211,0.578024626,-0.576540828,-0.339552701,0.770223558,0.769946337
7.680057328,0.576847672,0.578151584,-0.576629341,-0.339611709,0.770365119,0.770117402
7.685056647,0.576936185,0.578186870,-0.576652944,-0.339653015,0.770430028,0.770211816
7.690061091,0.577001095,0.578237057,-0.576694250,-0.339712024,0.770494938,0.770294428
7.695057218,0.577083647,0.578287244,-0.576735497,-0.339729726,0.770559847,0.770382941
7.700056912,0.577225268,0.578384519,-0.576847613,-0.339812338,0.770725071,0.770554006
7.705056785,0.577290177,0.578431785,-0.576888919,-0.339847684,0.770807624,0.770648420
7.710057613,0.577360928,0.578476012,-0.576936126,-0.339871287,0.770907938,0.770748734
7.715062784,0.577431738,0.578520238,-0.577001035,-0.339906693,0.770978749,0.770843089
7.720057448,0.577496648,0.578567445,-0.577042341,-0.339930296,0.771096766,0.770937502
7.725056917,0.577638268,0.578655958,-0.577130854,-0.339989305,0.771279633,0.771108627
7.730057643,0.577709019,0.578703165,-0.577195764,-0.340030611,0.771379948,0.771179438
7.735056943,0.577779830,0.578747392,-0.577260673,-0.340048313,0.771468401,0.771261990
7.740056705,0.577945054,0.578838825,-0.577413976,-0.340125024,0.771621823,0.771403611
7.745056355,0.578015864,0.578891993,-0.577478886,-0.340148628,0.771710336,0.771474421
7.750057213,0.578086615,0.578936219,-0.577543795,-0.340183973,0.771781147,0.771539330
7.755057291,0.578157425,0.578974605,-0.577608705,-0.340225279,0.771863759,0.771604240
7.760057067,0.578287184,0.579089582,-0.577744424,-0.340325594,0.772040725,0.771763504
7.765057077,0.578340352,0.579154491,-0.577809334,-0.340366900,0.772129238,0.771852016
7.770057194,0.578417003,0.579219401,-0.577897847,-0.340384603,0.772235394,0.771940470
7.775056747,0.578452408,0.579284310,-0.577962756,-0.340425909,0.772306263,0.772023082
7.780061325,0.578582227,0.579378724,-0.578116119,-0.340502620,0.772465527,0.772170603
7.785056636,0.578623533,0.579422951,-0.578204572,-0.340543866,0.772518635,0.772247314
7.790057810,0.578658938,0.579478979,-0.578269482,-0.340567470,0.772571743,0.772312164
7.795057499,0.578694344,0.579526186,-0.578310788,-0.340602875,0.772642493,0.772382975
7.800056568,0.578753293,0.579558611,-0.578375697,-0.340644181,0.772695601,0.772447884
7.805057933,0.578847766,0.579661906,-0.578487813,-0.340703189,0.772860825,0.772601247
7.810056996,0.578883111,0.579703212,-0.578576326,-0.340744495,0.772931635,0.772683918
7.815056608,0.579001129,0.579776943,-0.578682482,-0.340803504,0.773096800,0.772831380
7.820056656,0.579054236,0.579815269,-0.578723788,-0.340844810,0.773173511,0.772913992
7.825056797,0.579154551,0.579847693,-0.578788698,-0.340862513,0.773262024,0.772996604
7.830057552,0.579207599,0.579883158,-0.578853607,-0.340886116,0.773332775,0.773079157
7.835057582,0.579266667,0.579921484,-0.578900814,-0.340921462,0.773427248,0.773161769
7.840056618,0.579384625,0.579998195,-0.579007030,-0.341004074,0.773574710,0.773321092
7.845057238,0.579437733,0.580048323,-0.579071939,-0.341045380,0.773627818,0.773397744
7.850057385,0.579479039,0.580086708,-0.579136789,-0.341063082,0.773686826,0.773468614
7.855057102,0.579538047,0.580136895,-0.579201698,-0.341104388,0.773739934,0.773545265
7.860057235,0.579596996,0.580189943,-0.579266608,-0.341122091,0.773816645,0.773621976
7.865057479,0.579691410,0.580290198,-0.579372823,-0.341204703,0.773987710,0.773781300
7.870057004,0.579732776,0.580346227,-0.579414070,-0.341240108,0.774058521,0.773863852
7.875057782,0.579774022,0.580396414,-0.579455376,-0.341263711,0.774152875,0.773940563
7.880057282,0.579809368,0.580437660,-0.579502583,-0.341299057,0.774247348,0.774023116
7.885057258,0.579892039,0.580532134,-0.579608798,-0.341363966,0.774442017,0.774188340
7.890058292,0.579927444,0.580570519,-0.579691350,-0.341399372,0.774518728,0.774288654
7.895057717,0.579968750,0.580608845,-0.579714954,-0.341440678,0.774595380,0.774371266
7.900057159,0.580069005,0.580691457,-0.579797626,-0.341499686,0.774689794,0.774524689
7.905056712,0.580128014,0.580744624,-0.579838932,-0.341535091,0.774748802,0.774589539
7.910057877,0.580186963,0.580785751,-0.579903781,-0.341576397,0.774784207,0.774654448
7.915056971,0.580269635,0.580812335,-0.579921484,-0.341594100,0.774843216,0.774719357
7.920057684,0.580405295,0.580886126,-0.580004036,-0.341653109,0.774961233,0.774843216
7.925057857,0.580464303,0.580921531,-0.580051303,-0.341694355,0.775020182,0.774908125
7.930057471,0.580546916,0.580962837,-0.580092549,-0.341729820,0.775079191,0.774973035
7.935063818,0.580605924,0.580995321,-0.580110312,-0.341771066,0.775161803,0.775037944
7.940057374,0.580688536,0.581045449,-0.580175221,-0.341806471,0.775256157,0.775096953
7.945056920,0.580830097,0.581130981,-0.580257773,-0.341865480,0.775439084,0.775238574
7.950145415,0.580889106,0.581181109,-0.580316782,-0.341883183,0.775539398,0.775327086
7.955152268,0.580953956,0.581234217,-0.580358088,-0.341924489,0.775616109,0.775397837
7.960143602,0.581013024,0.581275523,-0.580446541,-0.341959894,0.775698662,0.775480449
7.965159639,0.581119180,0.581372857,-0.580505610,-0.342018902,0.775822580,0.775604367
7.970130304,0.581160486,0.581420064,-0.580546856,-0.342036605,0.775881588,0.775669277
7.975147994,0.581219494,0.581467271,-0.580588162,-0.342071950,0.775922835,0.775710523
7.980147060,0.581367016,0.581564665,-0.580688477,-0.342148662,0.776064456,0.775810838
7.985148689,0.581431866,0.581608891,-0.580712080,-0.342166364,0.776129365,0.775858045
7.990152904,0.581490934,0.581647217,-0.580771029,-0.342207670,0.776211977,0.775917053
7.995146178,0.581573486,0.581682563,-0.580812395,-0.342225373,0.776294589,0.775981963
8.000153856,0.581661999,0.581753433,-0.580895007,-0.342296183,0.776442051,0.776105881
8.005151936,0.581726909,0.581788778,-0.580918610,-0.342337489,0.776542366,0.776170731
8.010059878,0.581768215,0.581812501,-0.580959857,-0.342355192,0.776630878,0.776229739
8.015064531,0.581827164,0.581850767,-0.581018865,-0.342390597,0.776713431,0.776294649
8.020058303,0.581874371,0.581886172,-0.581036568,-0.342426002,0.776796103,0.776365399
8.025056811,0.581956983,0.581948102,-0.581101477,-0.342502654,0.776902258,0.776524782
8.030057049,0.582021892,0.581977606,-0.581142783,-0.342520356,0.776943564,0.776607335
8.035062161,0.582063198,0.582007170,-0.581184089,-0.342573464,0.777008474,0.776695848
8.040056650,0.582151651,0.582066059,-0.581260800,-0.342650175,0.777138293,0.776843309
8.045056481,0.582216561,0.582107425,-0.581284404,-0.342685580,0.777179539,0.776908219
8.050057379,0.582257926,0.582136929,-0.581325650,-0.342720985,0.777244449,0.776961327
8.055061652,0.582299232,0.582175255,-0.581384659,-0.342756331,0.777303517,0.777026236
8.060056825,0.582411289,0.582269669,-0.581484973,-0.342809439,0.777456820,0.777155995
8.065057788,0.582476139,0.582313895,-0.581526220,-0.342844844,0.777521729,0.777215064
8.070057202,0.582541049,0.582369924,-0.581567585,-0.342886150,0.777604401,0.777279973
8.075061453,0.582582414,0.582428932,-0.581626534,-0.342903852,0.777692854,0.777344823
8.080061849,0.582629561,0.582476139,-0.581667840,-0.342956960,0.777757704,0.777415633
8.085057100,0.582712173,0.582582355,-0.581726849,-0.342992365,0.777905285,0.777563095
8.090056646,0.582777083,0.582641363,-0.581785858,-0.343027771,0.777946532,0.777639806
8.095059708,0.582824290,0.582679689,-0.581827164,-0.343063176,0.777993798,0.777734220
8.100057266,0.582847893,0.582723916,-0.581868470,-0.343080878,0.778035045,0.777816832
8.105056796,0.582930446,0.582800627,-0.581968725,-0.343157589,0.778141260,0.777999699
8.110056529,0.582954049,0.582841992,-0.582004130,-0.343175292,0.778182566,0.778058767
8.115061660,0.582995355,0.582862616,-0.582027793,-0.343210638,0.778229773,0.778135419
8.120057174,0.583083868,0.582930446,-0.582086742,-0.343263745,0.778312325,0.778259337
8.125062913,0.583131075,0.582965851,-0.582128108,-0.343287349,0.778353631,0.778318346
8.130056627,0.583172381,0.583001256,-0.582145751,-0.343322754,0.778418541,0.778371453
8.135061140,0.583213687,0.583033681,-0.582163453,-0.343358159,0.778465748,0.778436363
8.140057039,0.583325803,0.583089828,-0.582246065,-0.343417168,0.778571963,0.778566122
8.145057025,0.583390713,0.583128095,-0.582263768,-0.343452573,0.778636873,0.778642774
8.150063876,0.583408356,0.583169341,-0.582305074,-0.343493879,0.778678119,0.778719485
8.155056862,0.583496869,0.583198965,-0.582322776,-0.343511522,0.778743029,0.778802156
8.160057376,0.583561778,0.583225429,-0.582340479,-0.343546987,0.778825700,0.778867006
8.165057552,0.583715200,0.583308101,-0.582423031,-0.343605936,0.778931856,0.779014528
8.170057707,0.583756506,0.583352327,-0.582458436,-0.343623698,0.778996766,0.779097080
8.175062206,0.583821416,0.583393574,-0.582499743,-0.343664944,0.779043913,0.779150188
8.180058010,0.583886266,0.583437860,-0.582541049,-0.343682647,0.779102981,0.779203355
8.185056960,0.583951175,0.583476186,-0.582576454,-0.343700349,0.779150128,0.779262304
8.190057513,0.584080994,0.583561778,-0.582659006,-0.343759358,0.779256344,0.779356658
8.195062108,0.584122300,0.583614886,-0.582694471,-0.343782961,0.779321253,0.779397964
8.200057506,0.584228456,0.583700418,-0.582771122,-0.343818367,0.779468715,0.779510081
8.205056818,0.584293365,0.583735824,-0.582812428,-0.343841970,0.779486418,0.779569149
8.210057357,0.584334671,0.583777070,-0.582830191,-0.343859673,0.779574931,0.779598594
8.215062463,0.584375918,0.583803654,-0.582871437,-0.343859673,0.779639840,0.779669404
8.220056827,0.584482193,0.583871543,-0.582906842,-0.343877375,0.779763758,0.779781520
8.225057529,0.584547043,0.583892167,-0.582965851,-0.343900919,0.779828668,0.779858232
8.230057725,0.584611952,0.583921671,-0.582983553,-0.343918681,0.779893577,0.779928982
8.235062459,0.584676862,0.583939373,-0.583007157,-0.343918681,0.779958487,0.779999793
8.240058014,0.584759474,0.583968878,-0.583042562,-0.343936384,0.780017436,0.780058801
8.245056996,0.584865689,0.584007144,-0.583101511,-0.343959928,0.780105948,0.780206323
8.250056885,0.584948242,0.584033728,-0.583119273,-0.343959928,0.780147254,0.780271232
8.255061802,0.585013151,0.584060311,-0.583136916,-0.343959928,0.780188501,0.780330181
8.260057020,0.585054457,0.584092736,-0.583154678,-0.343977630,0.780229807,0.780400991
8.265056475,0.585142910,0.584148765,-0.583195984,-0.343977630,0.780353725,0.780507207
8.270056871,0.585184216,0.584169388,-0.583213627,-0.344001293,0.780377328,0.780572116
8.275062539,0.585225582,0.584198952,-0.583213627,-0.344001293,0.780442238,0.780619264
8.280057080,0.585290492,0.584246159,-0.583254933,-0.344018936,0.780566096,0.780737281
8.285056323,0.585331738,0.584272683,-0.583254933,-0.344018936,0.780631006,0.780802190
8.290056770,0.585373044,0.584296346,-0.583254933,-0.344018936,0.780690014,0.780849397
8.295062220,0.585396647,0.584337592,-0.583290339,-0.344018936,0.780754924,0.780908406
8.300057521,0.585437953,0.584367156,-0.583290339,-0.344036639,0.780796230,0.780991018
8.305057339,0.585520506,0.584434927,-0.583290339,-0.344036639,0.780902386,0.781114876
8.310057926,0.585544169,0.584476233,-0.583308041,-0.344060242,0.780967295,0.781191587
8.315057083,0.585609019,0.584526420,-0.583308041,-0.344060242,0.781026363,0.781274199
8.320056447,0.585632682,0.584567726,-0.583308041,-0.344060242,0.781049907,0.781321347
8.325056908,0.585756540,0.584659159,-0.583308041,-0.344060242,0.781132519,0.781451166
8.330057003,0.585797846,0.584700465,-0.583325744,-0.344077945,0.781173825,0.781498373
8.335061584,0.585845053,0.584747672,-0.583349288,-0.344101548,0.781197429,0.781533778
8.340057014,0.585951209,0.584818423,-0.583367050,-0.344119251,0.781279981,0.781628191
8.345061953,0.586016119,0.584853888,-0.583384752,-0.344119251,0.781297684,0.781675339
8.350057359,0.586033881,0.584895134,-0.583384752,-0.344136953,0.781339049,0.781722546
8.355062225,0.586075127,0.584930539,-0.583384752,-0.344136953,0.781380296,0.781775653
8.360057839,0.586163640,0.585007191,-0.583420157,-0.344178259,0.781486511,0.781870067
8.365078410,0.586181343,0.585027814,-0.583443761,-0.344201863,0.781527817,0.781934917
8.370057422,0.586228549,0.585063279,-0.583461463,-0.344201863,0.781569064,0.781970382
8.375062059,0.586246252,0.585078001,-0.583461463,-0.344219565,0.781610429,0.782052994
8.380056668,0.586269855,0.585107565,-0.583496869,-0.344243169,0.781675339,0.782100141
8.385056679,0.586334765,0.585151732,-0.583555818,-0.344284475,0.781757891,0.782218158
8.390056846,0.586352408,0.585178316,-0.583591223,-0.344302177,0.781822801,0.782283068
8.395057334,0.586399674,0.585207820,-0.583644331,-0.344319880,0.781864107,0.782353878
8.400057442,0.586417317,0.585222602,-0.583703339,-0.344343424,0.781923115,0.782418787
8.405057237,0.586464524,0.585240245,-0.583756447,-0.344361126,0.781964421,0.782471895
8.410056684,0.586547136,0.585284531,-0.583868504,-0.344426036,0.782046974,0.782589853
8.415062240,0.586570740,0.585317016,-0.583921611,-0.344443738,0.782088280,0.782625258
8.420056673,0.586653292,0.585358322,-0.583998322,-0.344508648,0.782176793,0.782707870
8.425062193,0.586694658,0.585378885,-0.584051430,-0.344526350,0.782194495,0.782743275
8.430057517,0.586741805,0.585405469,-0.584086835,-0.344549954,0.782235801,0.782808185
8.435062108,0.586783111,0.585434914,-0.584139943,-0.344567657,0.782259405,0.782843530
8.440057440,0.586889327,0.585473299,-0.584246099,-0.344650209,0.782318413,0.782943845
8.445062491,0.586954176,0.585517526,-0.584281504,-0.344673872,0.782342017,0.782961547
8.450056816,0.587019086,0.585538149,-0.584316969,-0.344691575,0.782383323,0.783032358
8.455062239,0.587060452,0.585564792,-0.584352374,-0.344715118,0.782400966,0.783085465
8.460057462,0.587101758,0.585597277,-0.584375918,-0.344756424,0.782448232,0.783132613
8.465061607,0.587207913,0.585670948,-0.584464431,-0.344821334,0.782530785,0.783238888
8.470057027,0.587272823,0.585706353,-0.584499836,-0.344839036,0.782589793,0.783309639
8.475062640,0.587314129,0.585753560,-0.584535241,-0.344862640,0.782654703,0.783362746
8.480057514,0.587355435,0.585791945,-0.584588349,-0.344903946,0.782696009,0.783433557
8.485061767,0.587420285,0.585833192,-0.584641457,-0.344903946,0.782754958,0.783486664
8.490056876,0.587502956,0.585912824,-0.584747612,-0.344927549,0.782861233,0.783592880
8.495061524,0.587544262,0.585954189,-0.584818423,-0.344945252,0.782926142,0.783645928
8.500056724,0.587650418,0.586024940,-0.584936380,-0.344968855,0.783050001,0.783734441
8.505056364,0.587691724,0.586063325,-0.584989548,-0.344968855,0.783109009,0.783769846
8.510056601,0.587733030,0.586107612,-0.585060298,-0.344986558,0.783156157,0.783822954
8.515056907,0.587774277,0.586143017,-0.585095763,-0.344986558,0.783215225,0.783858359
8.520057139,0.587815642,0.586184263,-0.585131109,-0.344986558,0.783256471,0.783893764
8.525057028,0.587921858,0.586255074,-0.585213721,-0.345010161,0.783339083,0.783982277
8.530057504,0.587963104,0.586287498,-0.585266829,-0.345010161,0.783380389,0.784041226
8.535057294,0.588028014,0.586302280,-0.585319936,-0.345010161,0.783421695,0.784094334
8.540057161,0.588087022,0.586337686,-0.585367143,-0.345027804,0.783445299,0.784129739
8.545062553,0.588169634,0.586387813,-0.585437894,-0.345051467,0.783527911,0.784253657
8.550057788,0.588234544,0.586405516,-0.585467398,-0.345051467,0.783569157,0.784294963
8.555061389,0.588293493,0.586417317,-0.585502803,-0.345027804,0.783610463,0.784348071
8.560058023,0.588334858,0.586440921,-0.585520506,-0.345051467,0.783675373,0.784401119
8.565058003,0.588399768,0.586485147,-0.585573614,-0.345051467,0.783775687,0.784530938
8.570057107,0.588458717,0.586502790,-0.585591316,-0.345051467,0.783816993,0.784589887
8.575063398,0.588482320,0.586529434,-0.585603118,-0.345051467,0.783881903,0.784643054
8.580057280,0.588541269,0.586591363,-0.585673928,-0.345075071,0.783982217,0.784755111
8.585028239,0.588559031,0.586623788,-0.585691571,-0.345075071,0.784047067,0.784831822
8.590059546,0.588600338,0.586665154,-0.585721135,-0.345075071,0.784082472,0.784873128
8.595062894,0.588623941,0.586709380,-0.585738838,-0.345075071,0.784147382,0.784908533
8.600063132,0.588665187,0.586759567,-0.585774243,-0.345051467,0.784188688,0.784943938
8.605061903,0.588700652,0.586859822,-0.585856795,-0.345075071,0.784247696,0.785020649
8.610057757,0.588741899,0.586909950,-0.585892200,-0.345075071,0.784288943,0.785061955
8.615062858,0.588783205,0.586965978,-0.585957110,-0.345075071,0.784312546,0.785097301
8.620061467,0.588824511,0.587016165,-0.586004257,-0.345075071,0.784330308,0.785138667
8.625062159,0.588883519,0.587060452,-0.586069167,-0.345075071,0.784353852,0.785174012
8.630057113,0.588948429,0.587154806,-0.586181283,-0.345075071,0.784412861,0.785250723
8.635062257,0.588966131,0.587201953,-0.586228549,-0.345075071,0.784412861,0.785292029
8.640061935,0.589048684,0.587290525,-0.586311102,-0.345075071,0.784454167,0.785404146
8.645061734,0.589066446,0.587340713,-0.586340606,-0.345075071,0.784495473,0.785445392
8.650057386,0.589107692,0.587390780,-0.586387813,-0.345075071,0.784495473,0.785486698
8.655062666,0.589148998,0.587443948,-0.586435020,-0.345075071,0.784513175,0.785563409
8.660061157,0.589190304,0.587476373,-0.586464524,-0.345075071,0.784536779,0.785604715
8.665061114,0.589249313,0.587547183,-0.586558878,-0.345075071,0.784578085,0.785740435
8.670057159,0.589308262,0.587579608,-0.586588383,-0.345092714,0.784613431,0.785799384
8.675061191,0.589326024,0.587609112,-0.586600184,-0.345075071,0.784637094,0.785858452
8.680061660,0.589349627,0.587635696,-0.586647391,-0.345075071,0.784654737,0.785899699
8.685061792,0.589384973,0.587685764,-0.586694658,-0.345075071,0.784737408,0.785958767
8.690057390,0.589426279,0.587715328,-0.586712301,-0.345075071,0.784778655,0.786017716
8.695061706,0.589449883,0.587741852,-0.586724102,-0.345075071,0.784819961,0.786041319
8.700061735,0.589467645,0.587783098,-0.586741805,-0.345092714,0.784855366,0.786076725
8.705061471,0.589467645,0.587806761,-0.586753607,-0.345075071,0.784896672,0.786118031
8.710057328,0.589508891,0.587856948,-0.586783111,-0.345075071,0.784979224,0.786200583
8.715063153,0.589526594,0.587886393,-0.586783111,-0.345075071,0.785014689,0.786241889
8.720062295,0.589550197,0.587933540,-0.586812615,-0.345075071,0.785138607,0.786318600
8.725061399,0.589550197,0.587971985,-0.586830318,-0.345075071,0.785173953,0.786383510
8.730057259,0.589585602,0.587995529,-0.586847961,-0.345075071,0.785232961,0.786418915
8.735061916,0.589609146,0.588025033,-0.586859763,-0.345075071,0.785256565,0.786460221
8.740061261,0.589609146,0.588057458,-0.586889267,-0.345075071,0.785315573,0.786501467
8.745061958,0.589644611,0.588125348,-0.586936474,-0.345092714,0.785392284,0.786607742
8.750057345,0.589668214,0.588163733,-0.586948276,-0.345092714,0.785433531,0.786666691
8.755061247,0.589703619,0.588184357,-0.586965978,-0.345092714,0.785451293,0.786725760
8.760056136,0.589727223,0.588216782,-0.586995542,-0.345075071,0.785468936,0.786790609
8.765061399,0.589803874,0.588275790,-0.587036788,-0.345075071,0.785528004,0.786914527
8.770056730,0.589845240,0.588305295,-0.587054491,-0.345092714,0.785551548,0.786973536
8.775061471,0.589904189,0.588325918,-0.587083995,-0.345092714,0.785569251,0.786997080
8.780056631,0.589939594,0.588346601,-0.587095797,-0.345092714,0.785604656,0.787056088
8.785061019,0.589998543,0.588373065,-0.587113500,-0.345092714,0.785628259,0.787079692
8.790057662,0.590081215,0.588420331,-0.587172508,-0.345092714,0.785687268,0.787162304
8.795061140,0.590140164,0.588443935,-0.587196112,-0.345092714,0.785704970,0.787180007
8.800057298,0.590234637,0.588499963,-0.587243319,-0.345075071,0.785763979,0.787244856
8.805057474,0.590293586,0.588523626,-0.587255120,-0.345092714,0.785817087,0.787303925
8.810063511,0.590352595,0.588544250,-0.587284625,-0.345092714,0.785858333,0.787327528
8.815059068,0.590388000,0.588576674,-0.587314069,-0.345092714,0.785893798,0.787368834
8.820056901,0.590447009,0.588603258,-0.587343574,-0.345092714,0.785935044,0.787410080
8.825062483,0.590488315,0.588626862,-0.587355375,-0.345092714,0.785970509,0.787451386
8.830056685,0.590564966,0.588674068,-0.587396681,-0.345092714,0.786047101,0.787533998
8.835061160,0.590623975,0.588703573,-0.587414384,-0.345092714,0.786082566,0.787551701
8.840057007,0.590682983,0.588741839,-0.587437987,-0.345092714,0.786159277,0.787634254
8.845056970,0.590718389,0.588759542,-0.587455690,-0.345092714,0.786218286,0.787675619
8.850057066,0.590736091,0.588777304,-0.587467492,-0.345092714,0.786235929,0.787716925
8.855062042,0.590759695,0.588797927,-0.587485194,-0.345092714,0.786289036,0.787758231
8.860057100,0.590795100,0.588821530,-0.587485194,-0.345092714,0.786330342,0.787823081
8.865061413,0.590836406,0.588842154,-0.587508798,-0.345092714,0.786365747,0.787882090
8.870056862,0.590889513,0.588895321,-0.587526441,-0.345092714,0.786442459,0.787988305
8.875057637,0.590930760,0.588910043,-0.587538242,-0.345092714,0.786477864,0.788029611
8.880056435,0.590966225,0.588945508,-0.587556005,-0.345092714,0.786513209,0.788070917
8.885058092,0.591060579,0.589001536,-0.587567806,-0.345092714,0.786589921,0.788135827
8.890057887,0.591119587,0.589033961,-0.587597311,-0.345092714,0.786625385,0.788177073
8.895061660,0.591154993,0.589060426,-0.587609112,-0.345092714,0.786643028,0.788194776
8.900056933,0.591196239,0.589098811,-0.587609112,-0.345092714,0.786678433,0.788218379
8.905057166,0.591290712,0.589166641,-0.587638617,-0.345075071,0.786755145,0.788277388
8.910057208,0.591343820,0.589202046,-0.587638617,-0.345092714,0.786790550,0.788300991
8.915061943,0.591385067,0.589234471,-0.587650418,-0.345092714,0.786843657,0.788342297
8.920056489,0.591438174,0.589272916,-0.587668061,-0.345092714,0.786884964,0.788365901
8.925057283,0.591479480,0.589308262,-0.587668061,-0.345092714,0.786938071,0.788424909
8.930057715,0.591567993,0.589379072,-0.587679863,-0.345075071,0.787026584,0.788489759
8.935060997,0.591609240,0.589405656,-0.587691665,-0.345092714,0.787097335,0.788548827
8.940056887,0.591680110,0.589467525,-0.587709427,-0.345092714,0.787191689,0.788613737
8.945057379,0.591697752,0.589514852,-0.587709427,-0.345092714,0.787244797,0.788654983
8.950056521,0.591739058,0.589538395,-0.587721169,-0.345075071,0.787280202,0.788696289
8.955061989,0.591739058,0.589576781,-0.587721169,-0.345092714,0.787333310,0.788737595
8.960056763,0.591756821,0.589609146,-0.587721169,-0.345092714,0.787386417,0.788761199
8.965057103,0.591774464,0.589653432,-0.587738931,-0.345092714,0.787439525,0.788802505
8.970063460,0.591792166,0.589715362,-0.587750733,-0.345092714,0.787474930,0.788861513
8.975057129,0.591809869,0.589750767,-0.587750733,-0.345092714,0.787528038,0.788902819
8.980056724,0.591809869,0.589783192,-0.587750733,-0.345092714,0.787545741,0.788944066
8.985057251,0.591809869,0.589842200,-0.587762535,-0.345092714,0.787581146,0.789050281
8.990056965,0.591833472,0.589868784,-0.587780178,-0.345092714,0.787598848,0.789091587
8.995063786,0.591833472,0.589901268,-0.587780178,-0.345092714,0.787634194,0.789132893
9.000057843,0.591851175,0.589918971,-0.587791979,-0.345092714,0.787651956,0.789156437
9.005057225,0.591868877,0.589951396,-0.587791979,-0.345092714,0.787669659,0.789197803
9.010057775,0.591868877,0.590013266,-0.587821484,-0.345092714,0.787687302,0.789262712
9.015057588,0.591868877,0.590031028,-0.587803781,-0.345092714,0.787705064,0.789280415
9.020057950,0.591886520,0.590095878,-0.587821484,-0.345092714,0.787740469,0.789304018
9.025058026,0.591904283,0.590137243,-0.587833285,-0.345092714,0.787758112,0.789362967
9.030057682,0.591921985,0.590163767,-0.587850988,-0.345092714,0.787758112,0.789362967
9.035061570,0.591921985,0.590190351,-0.587850988,-0.345092714,0.787775815,0.789386570
9.040056674,0.591939688,0.590219855,-0.587862790,-0.345092714,0.787787616,0.789404273
9.045057536,0.591998637,0.590275884,-0.587874591,-0.345092714,0.787823021,0.789451480
9.050056839,0.592016339,0.590299487,-0.587892294,-0.345092714,0.787840724,0.789492786
9.055062419,0.592034101,0.590325952,-0.587904036,-0.345092714,0.787876129,0.789510489
9.060057497,0.592069507,0.590346694,-0.587933600,-0.345092714,0.787911534,0.789551795
9.065057265,0.592104852,0.590376139,-0.587933600,-0.345092714,0.787929237,0.789598942
9.070057183,0.592216969,0.590435207,-0.587974906,-0.345092714,0.788000047,0.789681613
9.075062506,0.592252374,0.590461731,-0.587986708,-0.345092714,0.788035393,0.789740562
9.080057206,0.592287719,0.590488255,-0.588016152,-0.345092714,0.788070858,0.789787769
9.085056906,0.592346787,0.590520740,-0.588045657,-0.345092714,0.788118064,0.789829075
9.090056296,0.592417538,0.590579689,-0.588098764,-0.345092714,0.788188815,0.789929390
9.095062597,0.592470646,0.590603292,-0.588110566,-0.345092714,0.788224220,0.789976537
9.100057495,0.592523754,0.590638757,-0.588163674,-0.345092714,0.788259625,0.789994299
9.105056967,0.592600465,0.590694785,-0.588234484,-0.345092714,0.788359940,0.790100455
9.110057412,0.592635870,0.590727210,-0.588275790,-0.345092714,0.788395345,0.790141761
9.115062437,0.592671275,0.590759635,-0.588317096,-0.345092714,0.788424790,0.790183067
9.120057127,0.592688978,0.590786219,-0.588370144,-0.345092714,0.788460255,0.790247977
9.125057149,0.592759788,0.590854049,-0.588488162,-0.345092714,0.788531005,0.790330589
9.130057389,0.592777491,0.590895414,-0.588529527,-0.345092714,0.788542807,0.790371895
9.135061594,0.592812896,0.590927839,-0.588564873,-0.345092714,0.788560569,0.790395498
9.140059250,0.592812896,0.590966225,-0.588594437,-0.345092714,0.788578212,0.790413141
9.145056544,0.592848241,0.590992749,-0.588647485,-0.345092714,0.788595915,0.790436804
9.150068716,0.592866004,0.591057658,-0.588735938,-0.345092714,0.788613617,0.790501654
9.155059421,0.592883646,0.591093063,-0.588777304,-0.345092714,0.788631320,0.790542960
9.160062535,0.592883646,0.591134310,-0.588830411,-0.345092714,0.788649023,0.790560663
9.165061926,0.592901349,0.591196299,-0.588895321,-0.345092714,0.788678527,0.790625572
9.170056898,0.592901349,0.591240525,-0.588918865,-0.345092714,0.788696229,0.790649176
9.175061931,0.592901349,0.591267049,-0.588948369,-0.345092714,0.788696229,0.790690422
9.180061445,0.592901349,0.591305375,-0.589001477,-0.345092714,0.788696229,0.790749490
9.185061624,0.592919052,0.591361523,-0.589060426,-0.345092714,0.788749337,0.790838003
9.190057868,0.592919052,0.591393948,-0.589101791,-0.345092714,0.788749337,0.790879250
9.195061302,0.592936754,0.591414511,-0.589148939,-0.345092714,0.788761139,0.790920556
9.200061682,0.592936754,0.591438115,-0.589202046,-0.345092714,0.788778782,0.790938258
9.205061039,0.592936754,0.591464698,-0.589237452,-0.345092714,0.788796544,0.791003168
9.210057032,0.592954457,0.591497183,-0.589325964,-0.345092714,0.788831890,0.791085780
9.215061105,0.592954457,0.591517806,-0.589390874,-0.345092714,0.788849652,0.791109324
9.220061132,0.592972159,0.591541350,-0.589473486,-0.345092714,0.788896799,0.791174233
9.225060327,0.592972159,0.591556132,-0.589538336,-0.345092714,0.788914561,0.791215599
9.230056488,0.592972159,0.591567934,-0.589597404,-0.345092714,0.788932204,0.791233242
9.235062362,0.592989862,0.591573834,-0.589644551,-0.345092714,0.788961709,0.791274548
9.240061286,0.592989862,0.591588616,-0.589697659,-0.345092714,0.789014816,0.791315854
9.245060911,0.593007565,0.591594517,-0.589756668,-0.345092714,0.789079666,0.791363060
9.250057213,0.593042910,0.591612220,-0.589792073,-0.345092714,0.789109230,0.791404366
9.255061422,0.593042910,0.591618121,-0.589827418,-0.345092714,0.789162338,0.791422009
9.260061257,0.593060672,0.591618121,-0.589862883,-0.345092714,0.789209485,0.791445613
9.265062327,0.593078375,0.591618121,-0.589898288,-0.345092714,0.789274395,0.791463375
9.270056965,0.593131423,0.591623962,-0.589957237,-0.345092714,0.789368808,0.791504681
9.275061316,0.593166888,0.591638684,-0.589980841,-0.345092714,0.789433718,0.791528285
9.280061807,0.593184531,0.591644645,-0.589992642,-0.345092714,0.789486825,0.791528285
9.285061500,0.593237638,0.591656446,-0.590004444,-0.345092714,0.789533973,0.791545928
9.290057237,0.593326151,0.591665268,-0.590028107,-0.345092714,0.789628446,0.791545928
9.295062130,0.593379259,0.591677070,-0.590039909,-0.345092714,0.789675593,0.791569591
9.300062601,0.593432307,0.591682971,-0.590039909,-0.345092714,0.789705157,0.791593194
9.305062343,0.593538523,0.591703653,-0.590063453,-0.345092714,0.789740503,0.791610837
9.310056667,0.593591690,0.591721356,-0.590063453,-0.345092714,0.789770067,0.791634440
9.315067738,0.593638837,0.591742039,-0.590063453,-0.345092714,0.789787710,0.791652143
9.320063665,0.593691945,0.591756701,-0.590075254,-0.345092714,0.789799511,0.791652143
9.325061363,0.593798101,0.591792107,-0.590075254,-0.345092714,0.789834917,0.791717052
9.330056750,0.593833566,0.591818690,-0.590087056,-0.345092714,0.789846659,0.791740656
9.335062073,0.593880773,0.591851115,-0.590087056,-0.345092714,0.789864421,0.791758358
9.340061317,0.593916118,0.591871798,-0.590098858,-0.345092714,0.789864421,0.791799605
9.345061289,0.593951523,0.591898322,-0.590098858,-0.345092714,0.789882123,0.791840971
9.350057013,0.594016433,0.591972053,-0.590104759,-0.345092714,0.789911568,0.791947186
9.355061932,0.594051838,0.592013359,-0.590104759,-0.345092714,0.789929330,0.791988432
9.360061001,0.594087243,0.592042923,-0.590116560,-0.345092714,0.789929330,0.792053342
9.365061618,0.594104946,0.592090070,-0.590128362,-0.345092714,0.789941132,0.792076945
9.370057544,0.594152153,0.592175603,-0.590151966,-0.345092714,0.789976478,0.792159557
9.375061464,0.594187498,0.592205167,-0.590151966,-0.345116317,0.789988279,0.792224407
9.380061254,0.594205260,0.592261195,-0.590151966,-0.345092714,0.790006042,0.792242110
9.385061894,0.594258368,0.592352629,-0.590175569,-0.345092714,0.790035486,0.792324781
9.390057643,0.594287813,0.592393994,-0.590175569,-0.345092714,0.790053189,0.792348385
9.395062289,0.594287813,0.592444062,-0.590187371,-0.345092714,0.790082753,0.792413235
9.400061678,0.594323277,0.592482448,-0.590199172,-0.345092714,0.790112197,0.792430937
9.405061555,0.594340920,0.592526734,-0.590222776,-0.345092714,0.790147662,0.792472243
9.410057067,0.594388127,0.592609286,-0.590246320,-0.345116317,0.790224254,0.792537153
9.415061722,0.594405830,0.592650592,-0.590258121,-0.345116317,0.790283322,0.792560756
9.420061263,0.594441235,0.592680097,-0.590275884,-0.345092714,0.790348232,0.792578399
9.425061684,0.594470739,0.592712522,-0.590299487,-0.345092714,0.790407181,0.792602003
9.430056837,0.594506145,0.592756867,-0.590358436,-0.345092714,0.790542901,0.792625666
9.435062421,0.594535649,0.592780411,-0.590393841,-0.345092714,0.790619612,0.792625666
9.440061616,0.594571054,0.592812777,-0.590435147,-0.345092714,0.790678561,0.792643309
9.445061343,0.594606400,0.592842340,-0.590523660,-0.345092714,0.790796578,0.792643309
9.450057737,0.594618201,0.592871845,-0.590570807,-0.345092714,0.790837944,0.792666912
9.455062521,0.594653606,0.592889547,-0.590612173,-0.345116317,0.790885091,0.792643309
9.460061393,0.594683111,0.592895389,-0.590665281,-0.345092714,0.790896893,0.792684615
9.465062316,0.594736218,0.592927814,-0.590795100,-0.345092714,0.790955901,0.792684615
9.470057000,0.594765723,0.592933774,-0.590836346,-0.345092714,0.790973604,0.792684615
9.475062171,0.594801128,0.592942595,-0.590889454,-0.345092714,0.790985405,0.792708218
9.480061760,0.594830632,0.592966318,-0.590930760,-0.345092714,0.791014910,0.792708218
9.485062176,0.594860137,0.592966318,-0.590972006,-0.345092714,0.791014910,0.792708218
9.490057520,0.594925046,0.592975080,-0.591072381,-0.345092714,0.791044354,0.792731822
9.495062650,0.594960451,0.592980981,-0.591125429,-0.345092714,0.791056156,0.792749524
9.500062439,0.594989955,0.592986882,-0.591166735,-0.345092714,0.791073918,0.792773128
9.505062289,0.595019400,0.592998683,-0.591213942,-0.345092714,0.791085720,0.792790830
9.510057589,0.595054805,0.592998683,-0.591255248,-0.345116317,0.791085720,0.792814434
9.515062805,0.595102072,0.593007565,-0.591343760,-0.345092714,0.791115224,0.792879283
9.520062499,0.595131516,0.593022346,-0.591402709,-0.345116317,0.791115224,0.792920649
9.525062219,0.595161021,0.593042970,-0.591514826,-0.345092714,0.791127026,0.793003261
9.530057806,0.595161021,0.593045831,-0.591579735,-0.345116317,0.791156471,0.793068111
9.535062452,0.595178723,0.593069434,-0.591644645,-0.345092714,0.791156471,0.793109417
9.540057918,0.595178723,0.593078315,-0.591715395,-0.345092714,0.791174173,0.793150723
9.545063714,0.595196426,0.593104899,-0.591857016,-0.345116317,0.791203737,0.793239236
9.550058032,0.595178723,0.593113780,-0.591927886,-0.345116317,0.791215539,0.793298244
9.555062189,0.595196426,0.593137264,-0.591980934,-0.345116317,0.791227341,0.793345392
9.560057065,0.595196426,0.593160927,-0.592034042,-0.345092714,0.791244984,0.793386698
9.565056733,0.595196426,0.593196392,-0.592116654,-0.345092714,0.791298091,0.793469369
9.570057465,0.595196426,0.593214035,-0.592157900,-0.345116317,0.791327596,0.793510616
9.575062190,0.595196426,0.593231678,-0.592205107,-0.345116317,0.791357040,0.793534219
9.580061921,0.595208228,0.593255341,-0.592258215,-0.345116317,0.791386604,0.793599129
9.585063480,0.595196426,0.593273044,-0.592299521,-0.345116317,0.791427910,0.793616831
9.590057313,0.595196426,0.593326151,-0.592358530,-0.345116317,0.791498661,0.793664038
9.595062633,0.595208228,0.593349695,-0.592388034,-0.345116317,0.791540027,0.793705344
9.600062245,0.595196426,0.593376279,-0.592411637,-0.345092714,0.791593134,0.793705344
9.605061810,0.595196426,0.593408704,-0.592441142,-0.345116317,0.791634381,0.793722987
9.610058089,0.595208228,0.593479574,-0.592506051,-0.345116317,0.791716993,0.793746591
9.615063197,0.595208228,0.593517900,-0.592547297,-0.345116317,0.791770101,0.793770254
9.620062580,0.595208228,0.593559206,-0.592576861,-0.345116317,0.791811347,0.793770254
9.625062711,0.595208228,0.593656540,-0.592683017,-0.345092714,0.791888058,0.793770254
9.630057473,0.595208228,0.593697786,-0.592736125,-0.345116317,0.791917622,0.793787897
9.635062451,0.595208228,0.593736231,-0.592795134,-0.345092714,0.791952968,0.793811500
9.640057108,0.595208228,0.593780398,-0.592859983,-0.345116317,0.791982532,0.793811500
9.645061295,0.595208228,0.593812823,-0.592924893,-0.345116317,0.791994274,0.793811500
9.650057196,0.595208228,0.593889594,-0.593072474,-0.345116317,0.792023778,0.793829203
9.655057177,0.595208228,0.593919039,-0.593137324,-0.345116317,0.792023778,0.793829203
9.660057673,0.595208228,0.593942642,-0.593184531,-0.345116317,0.792035580,0.793829203
9.665057796,0.595208228,0.593978047,-0.593243539,-0.345116317,0.792035580,0.793829203
9.670056497,0.595208228,0.594016433,-0.593367398,-0.345116317,0.792047381,0.793829203
9.675057108,0.595208228,0.594031215,-0.593426406,-0.345116317,0.792059183,0.793829203
9.680061696,0.595208228,0.594031215,-0.593485415,-0.345116317,0.792047381,0.793829203
9.685056686,0.595208228,0.594048858,-0.593591630,-0.345116317,0.792059183,0.793829203
9.690058532,0.595208228,0.594048858,-0.593638778,-0.345116317,0.792059183,0.793829203
9.695058758,0.595208228,0.594040036,-0.593691885,-0.345116317,0.792059183,0.793829203
9.700057784,0.595225930,0.594048858,-0.593750954,-0.345116317,0.792059183,0.793829203
9.705056893,0.595208228,0.594048858,-0.593798101,-0.345116317,0.792059183,0.793852806
9.710056942,0.595208228,0.594048858,-0.593910217,-0.345116317,0.792059183,0.793852806
9.715057384,0.595208228,0.594051838,-0.593975127,-0.345116317,0.792059183,0.793829203
9.720057304,0.595208228,0.594051838,-0.594040036,-0.345116317,0.792070985,0.793852806
9.725057061,0.595208228,0.594051838,-0.594093084,-0.345116317,0.792059183,0.793852806
9.730062697,0.595208228,0.594051838,-0.594193399,-0.345116317,0.792059183,0.793852806
9.735056879,0.595225930,0.594051838,-0.594234705,-0.345116317,0.792059183,0.793829203
9.740056977,0.595208228,0.594051838,-0.594270110,-0.345116317,0.792070985,0.793829203
9.745055058,0.595225930,0.594051838,-0.594311416,-0.345116317,0.792070985,0.793852806
9.750059274,0.595208228,0.594051838,-0.594329119,-0.345116317,0.792070985,0.793852806
9.755068333,0.595208228,0.594051838,-0.594340920,-0.345116317,0.792059183,0.793829203
9.760065119,0.595208228,0.594051838,-0.594358563,-0.345116317,0.792059183,0.793852806
9.765057956,0.595208228,0.594051838,-0.594376326,-0.345116317,0.792070985,0.793852806
9.770057960,0.595208228,0.594051838,-0.594411731,-0.345116317,0.792070985,0.793852806
9.775058028,0.595225930,0.594051838,-0.594423473,-0.345116317,0.792059183,0.793852806
9.780062701,0.595208228,0.594051838,-0.594435275,-0.345116317,0.792070985,0.793852806
9.785056977,0.595208228,0.594051838,-0.594441235,-0.345116317,0.792070985,0.793852806
9.790057195,0.595208228,0.594060659,-0.594453037,-0.345092714,0.792070985,0.793852806
9.795057109,0.595208228,0.594051838,-0.594458878,-0.345092714,0.792070985,0.793852806
9.800062384,0.595208228,0.594051838,-0.594458878,-0.345116317,0.792059183,0.793829203
9.805056846,0.595208228,0.594051838,-0.594470680,-0.345116317,0.792070985,0.793852806
9.810057386,0.595208228,0.594051838,-0.594470680,-0.345092714,0.792070985,0.793852806
9.815057190,0.595208228,0.594051838,-0.594470680,-0.345116317,0.792059183,0.793852806
9.820062559,0.595225930,0.594051838,-0.594470680,-0.345116317,0.792070985,0.793852806
9.825057198,0.595208228,0.594051838,-0.594476640,-0.345116317,0.792070985,0.793852806
9.830057552,0.595208228,0.594051838,-0.594476640,-0.345116317,0.792070985,0.793852806
9.835057392,0.595208228,0.594051838,-0.594476640,-0.345116317,0.792070985,0.793852806
9.840056962,0.595208228,0.594051838,-0.594476640,-0.345116317,0.792070985,0.793852806
9.845056596,0.595225930,0.594051838,-0.594476640,-0.345116317,0.792059183,0.793852806
9.850057434,0.595208228,0.594051838,-0.594476640,-0.345116317,0.792070985,0.793852806
9.855057743,0.595208228,0.594051838,-0.594476640,-0.345116317,0.792070985,0.793852806
9.860062249,0.595208228,0.594051838,-0.594476640,-0.345116317,0.792059183,0.793829203
9.865056883,0.595208228,0.594051838,-0.594476640,-0.345116317,0.792070985,0.793852806
9.870058219,0.595208228,0.594051838,-0.594482481,-0.345116317,0.792070985,0.793829203
9.875058581,0.595225930,0.594051838,-0.594482481,-0.345092714,0.792059183,0.793852806
9.880063261,0.595208228,0.594051838,-0.594476640,-0.345116317,0.792070985,0.793852806
9.885057262,0.595208228,0.594051838,-0.594482481,-0.345116317,0.792070985,0.793829203
9.890057229,0.595208228,0.594051838,-0.594482481,-0.345116317,0.792070985,0.793852806
9.895057138,0.595208228,0.594051838,-0.594482481,-0.345116317,0.792070985,0.793852806
9.900062164,0.595208228,0.594051838,-0.594482481,-0.345116317,0.792070985,0.793852806
9.905057368,0.595208228,0.594051838,-0.594476640,-0.345134020,0.792059183,0.793852806
9.910057282,0.595208228,0.594043016,-0.594482481,-0.345134020,0.792059183,0.793852806
9.915064152,0.595208228,0.594051838,-0.594476640,-0.345116317,0.792059183,0.793829203
9.920061576,0.595208228,0.594051838,-0.594476640,-0.345116317,0.792070985,0.793829203
9.925057476,0.595208228,0.594051838,-0.594482481,-0.345134020,0.792070985,0.793829203
9.930057161,0.595208228,0.594051838,-0.594476640,-0.345092714,0.792070985,0.793852806
9.935057307,0.595208228,0.594051838,-0.594482481,-0.345116317,0.792070985,0.793852806
9.940056922,0.595208228,0.594051838,-0.594482481,-0.345092714,0.792059183,0.793852806
9.945056953,0.595208228,0.594051838,-0.594482481,-0.345116317,0.792059183,0.793852806
9.950057126,0.595208228,0.594051838,-0.594482481,-0.345116317,0.792059183,0.793829203
9.955057281,0.595208228,0.594051838,-0.594476640,-0.345116317,0.792059183,0.793829203
9.960062272,0.595208228,0.594051838,-0.594476640,-0.345116317,0.792059183,0.793852806
9.965056970,0.595208228,0.594051838,-0.594476640,-0.345116317,0.792059183,0.793852806
9.970057014,0.595208228,0.594051838,-0.594476640,-0.345116317,0.792059183,0.793852806
9.975057505,0.595208228,0.594051838,-0.594476640,-0.345116317,0.792059183,0.793829203
9.980062721,0.595208228,0.594051838,-0.594482481,-0.345116317,0.792059183,0.793829203
9.985057272,0.595208228,0.594051838,-0.594476640,-0.345116317,0.792059183,0.793852806
9.990057048,0.595208228,0.594051838,-0.594476640,-0.345116317,0.792059183,0.793829203
9.995057938,0.595208228,0.594051838,-0.594476640,-0.345116317,0.792059183,0.793852806
10.000063549,0.595208228,0.594051838,-0.594476640,-0.345092714,0.792047381,0.793829203
10.005056749,0.595208228,0.594051838,-0.594476640,-0.345116317,0.792059183,0.793829203
10.010057397,0.595208228,0.594051838,-0.594476640,-0.345116317,0.792059183,0.793829203
10.015057383,0.595208228,0.594051838,-0.594476640,-0.345116317,0.792047381,0.793829203
10.020061424,0.595208228,0.594051838,-0.594470680,-0.345116317,0.792059183,0.793829203
10.025056854,0.595208228,0.594040036,-0.594470680,-0.345116317,0.792047381,0.793829203
10.030057427,0.595208228,0.594048858,-0.594470680,-0.345116317,0.792047381,0.793829203
10.035057507,0.595196426,0.594048858,-0.594476640,-0.345116317,0.792047381,0.793829203
10.040057673,0.595208228,0.594048858,-0.594476640,-0.345116317,0.792047381,0.793829203
10.045057494,0.595196426,0.594040036,-0.594476640,-0.345116317,0.792047381,0.793829203
10.050056950,0.595208228,0.594048858,-0.594470680,-0.345092714,0.792047381,0.793829203
10.055057327,0.595208228,0.594040036,-0.594470680,-0.345116317,0.792035580,0.793811500
10.060062559,0.595208228,0.594048858,-0.594470680,-0.345116317,0.792035580,0.793787897
10.065056797,0.595196426,0.594048858,-0.594470680,-0.345116317,0.792035580,0.793811500
10.070057531,0.595208228,0.594048858,-0.594470680,-0.345116317,0.792035580,0.793787897
10.075057154,0.595196426,0.594037056,-0.594470680,-0.345116317,0.792023778,0.793770254
10.080062621,0.595196426,0.594040036,-0.594470680,-0.345116317,0.792023778,0.793746591
10.085056944,0.595196426,0.594040036,-0.594464839,-0.345116317,0.792023778,0.793681741
10.090060858,0.595196426,0.594037056,-0.594464839,-0.345116317,0.792006075,0.793616831
10.095056882,0.595196426,0.594037056,-0.594464839,-0.345116317,0.792023778,0.793575525
10.100062076,0.595178723,0.594040036,-0.594464839,-0.345116317,0.792006075,0.793557823
10.105057264,0.595196426,0.594037056,-0.594464839,-0.345116317,0.792006075,0.793510616
10.110057304,0.595196426,0.594037056,-0.594464839,-0.345116317,0.791994274,0.793404460
10.115057371,0.595178723,0.594037056,-0.594464839,-0.345116317,0.791982532,0.793345392
10.120062254,0.595178723,0.594045877,-0.594458878,-0.345116317,0.791982532,0.793280542
10.125057204,0.595178723,0.594031215,-0.594458878,-0.345116317,0.791970730,0.793192029
10.130057903,0.595178723,0.594031215,-0.594458878,-0.345116317,0.791952968,0.793133020
10.135056926,0.595178723,0.594031215,-0.594458878,-0.345116317,0.791952968,0.792938352
10.140057940,0.595178723,0.594019413,-0.594458878,-0.345116317,0.791929364,0.792832136
10.145056662,0.595161021,0.594019413,-0.594453037,-0.345116317,0.791899860,0.792643309
10.150057858,0.595149219,0.594019413,-0.594453037,-0.345116317,0.791876256,0.792537153
10.155056988,0.595149219,0.594019413,-0.594458878,-0.345134020,0.791864455,0.792454541
10.160062379,0.595149219,0.594019413,-0.594453037,-0.345116317,0.791823149,0.792371929
10.165056968,0.595131516,0.594019413,-0.594453037,-0.345116317,0.791793704,0.792307019
10.170057422,0.595113814,0.594010532,-0.594453037,-0.345116317,0.791687489,0.792135954
10.175058050,0.595102072,0.594016433,-0.594453037,-0.345116317,0.791622579,0.792053342
10.180062501,0.595102072,0.594010532,-0.594447076,-0.345092714,0.791540027,0.791947186
10.185057685,0.595066667,0.594004631,-0.594447076,-0.345116317,0.791451514,0.791840971
10.190057741,0.595037162,0.594001651,-0.594447076,-0.345116317,0.791274488,0.791634440
10.195056995,0.595007598,0.593998730,-0.594447076,-0.345116317,0.791156471,0.791504681
10.200062112,0.594989955,0.593998730,-0.594447076,-0.345116317,0.791044354,0.791422009
10.205057418,0.594942689,0.593983889,-0.594447076,-0.345116317,0.790944099,0.791298151
10.210057669,0.594913244,0.593983889,-0.594447076,-0.345116317,0.790867388,0.791215599
10.215056579,0.594801128,0.593969226,-0.594447076,-0.345116317,0.790737629,0.791026771
10.220062700,0.594748020,0.593969226,-0.594441235,-0.345116317,0.790678561,0.790938258
10.225057287,0.594606400,0.593963325,-0.594441235,-0.345092714,0.790554702,0.790708184
10.230057321,0.594523847,0.593939722,-0.594441235,-0.345092714,0.790495694,0.790601909
10.235057714,0.594453037,0.593939722,-0.594435275,-0.345116317,0.790418983,0.790478051
10.240057103,0.594358623,0.593933821,-0.594435275,-0.345092714,0.790330529,0.790354133
10.245057149,0.594287813,0.593922019,-0.594429433,-0.345116317,0.790253818,0.790247977
10.250057881,0.594087243,0.593895495,-0.594423473,-0.345116317,0.790035486,0.789976537
10.255056921,0.594004631,0.593865991,-0.594423473,-0.345092714,0.789911568,0.789805472
10.260062690,0.593933880,0.593842387,-0.594423473,-0.345092714,0.789770067,0.789681613
10.265057076,0.593851209,0.593818724,-0.594423473,-0.345092714,0.789646089,0.789510489
10.270058192,0.593780458,0.593783379,-0.594417632,-0.345092714,0.789516330,0.789362967
10.275057421,0.593627036,0.593721390,-0.594411731,-0.345092714,0.789309800,0.789032578
10.280062312,0.593538523,0.593674183,-0.594405830,-0.345092714,0.789191782,0.788885117
10.285057139,0.593450069,0.593641758,-0.594399929,-0.345092714,0.789062023,0.788737595
10.290057126,0.593255401,0.593556225,-0.594399929,-0.345092714,0.788849652,0.788407207
10.295057308,0.593149185,0.593500137,-0.594393969,-0.345092714,0.788713872,0.788259685
10.300062893,0.593042910,0.593447089,-0.594393969,-0.345092714,0.788595915,0.788112164
10.305056960,0.592919052,0.593391001,-0.594388127,-0.345092714,0.788460255,0.787988305
10.310057239,0.592688978,0.593237638,-0.594376326,-0.345092714,0.788188815,0.787716925
10.315060202,0.592600465,0.593155026,-0.594370365,-0.345092714,0.788070858,0.787593007
10.320062590,0.592488408,0.593069434,-0.594364524,-0.345092714,0.787946880,0.787427843
10.325057316,0.592382193,0.592978001,-0.594352722,-0.345092714,0.787805378,0.787262619
10.330058136,0.592146158,0.592789233,-0.594335020,-0.345092714,0.787581146,0.786955774
10.335056953,0.592016339,0.592694879,-0.594317317,-0.345092714,0.787439525,0.786790609
10.340057470,0.591904283,0.592597485,-0.594299614,-0.345075071,0.787315667,0.786643088
10.345057232,0.591792166,0.592509031,-0.594287813,-0.345075071,0.787174046,0.786525130
10.350057026,0.591662347,0.592426419,-0.594264209,-0.345092714,0.787044227,0.786359906
10.355062537,0.591420472,0.592270017,-0.594228804,-0.345075071,0.786772847,0.786000013
10.360058612,0.591308355,0.592196345,-0.594205201,-0.345075071,0.786660790,0.785781741
10.365058254,0.591196239,0.592104793,-0.594187498,-0.345075071,0.786513209,0.785622418
10.370057215,0.590948462,0.591898322,-0.594134390,-0.345075071,0.786253631,0.785268426
10.375057707,0.590812802,0.591786265,-0.594093084,-0.345075071,0.786106169,0.785079598
10.380062295,0.590682983,0.591674209,-0.594051838,-0.345075071,0.785935044,0.784873128
10.385057432,0.590564966,0.591550231,-0.593998730,-0.345027804,0.785763979,0.784684360
10.390057084,0.590293586,0.591328979,-0.593851209,-0.345027804,0.785409927,0.784330368
10.395057710,0.590140164,0.591240525,-0.593750954,-0.345027804,0.785256565,0.784165144
10.400062217,0.589998543,0.591151953,-0.593638778,-0.345010161,0.785097241,0.783982277
10.405056943,0.589845240,0.591069460,-0.593526721,-0.344986558,0.784955680,0.783822954
10.410057302,0.589668214,0.590989828,-0.593414605,-0.344945252,0.784778655,0.783645928
10.415056835,0.589384973,0.590777338,-0.593196332,-0.344880342,0.784412861,0.783256531
10.420056575,0.589225709,0.590668261,-0.593101919,-0.344839036,0.784247696,0.783085465
10.425057555,0.588948429,0.590417504,-0.592924893,-0.344738722,0.783940911,0.782707870
10.430056868,0.588783205,0.590296507,-0.592824638,-0.344650209,0.783775687,0.782507241
10.435057652,0.588623941,0.590175569,-0.592712522,-0.344591260,0.783628225,0.782300770
10.440057584,0.588458717,0.590057552,-0.592570901,-0.344526350,0.783463001,0.782153249
10.445057242,0.588293493,0.589966059,-0.592411637,-0.344467342,0.783321381,0.781952679
10.450057672,0.587986708,0.589789093,-0.592098951,-0.344319880,0.782943785,0.781580985
10.455057603,0.587815642,0.589685917,-0.591957331,-0.344284475,0.782802165,0.781356752
10.460061762,0.587650418,0.589567900,-0.591839373,-0.344219565,0.782631099,0.781162083
10.465056631,0.587461591,0.589443982,-0.591744959,-0.344178259,0.782465875,0.780991018
10.470056721,0.587290525,0.589302361,-0.591626942,-0.344101548,0.782300711,0.780802190
10.475057570,0.586930633,0.588998556,-0.591302454,-0.343959928,0.781923115,0.780400991
10.480057352,0.586759567,0.588842154,-0.591095984,-0.343900919,0.781716645,0.780194521
10.485057262,0.586588442,0.588700533,-0.590901256,-0.343841970,0.781527817,0.779970288
10.490056940,0.586399674,0.588564873,-0.590741992,-0.343800664,0.781339049,0.779781520
10.495056657,0.586016119,0.588293552,-0.590446949,-0.343682647,0.780943692,0.779386222
10.500057436,0.585845053,0.588163733,-0.590287685,-0.343647242,0.780754924,0.779179752
10.505056865,0.585650325,0.588001490,-0.590104759,-0.343588233,0.780589700,0.778961420
10.510056810,0.585290492,0.587694645,-0.589697659,-0.343470275,0.780188501,0.778548419
10.515056737,0.585078061,0.587556005,-0.589526534,-0.343417168,0.779958487,0.778330088
10.520061843,0.584906936,0.587411523,-0.589373171,-0.343358159,0.779763758,0.778105915
10.525057125,0.584718168,0.587278724,-0.589225650,-0.343287349,0.779574931,0.777887583
10.530057661,0.584375918,0.586980820,-0.588842213,-0.343139887,0.779150128,0.777445078
10.535056819,0.584187150,0.586812615,-0.588635683,-0.343045473,0.778914154,0.777232707
10.540063227,0.583992481,0.586644411,-0.588423252,-0.342992365,0.778701723,0.777014434
10.545057485,0.583797753,0.586488128,-0.588246286,-0.342903852,0.778465748,0.776784360
10.550057860,0.583603084,0.586319983,-0.588098764,-0.342827141,0.778247476,0.776554227
10.555057048,0.583213687,0.586016119,-0.587691665,-0.342667878,0.777775466,0.776082277
10.560057720,0.582995355,0.585842073,-0.587455690,-0.342573464,0.777521729,0.775822639
10.565063378,0.582800686,0.585668087,-0.587255120,-0.342467248,0.777285755,0.775557160
10.570056913,0.582411289,0.585340500,-0.586907029,-0.342278481,0.776861012,0.775091112
10.575057569,0.582234323,0.585169435,-0.586724102,-0.342166364,0.776607275,0.774884582
10.580057235,0.582063198,0.585010171,-0.586523473,-0.342054248,0.776377141,0.774660349
10.585061465,0.581850767,0.584865630,-0.586311102,-0.341942191,0.776188374,0.774436176
10.590056871,0.581473172,0.584573567,-0.585986614,-0.341771066,0.775757670,0.774011374
10.595057846,0.581284404,0.584426045,-0.585803688,-0.341670752,0.775515795,0.773793101
10.600064234,0.581119180,0.584266782,-0.585620821,-0.341576397,0.775297463,0.773568928
10.605087271,0.580930412,0.584122300,-0.585437894,-0.341499686,0.775079191,0.773332834
10.610057711,0.580747545,0.583942294,-0.585249066,-0.341381669,0.774866760,0.773085058
10.615057380,0.580328584,0.583626688,-0.584901035,-0.341163397,0.774400711,0.772630751
10.620057362,0.580145717,0.583487988,-0.584765315,-0.341063082,0.774152875,0.772371233
10.625079989,0.579950988,0.583358228,-0.584606051,-0.340945065,0.773910999,0.772105694
10.630057126,0.579791725,0.583225489,-0.584411323,-0.340821207,0.773704529,0.771840215
10.635057178,0.579384625,0.582936287,-0.584016025,-0.340644181,0.773226619,0.771368206
10.640057258,0.579189956,0.582762301,-0.583833158,-0.340567470,0.772990584,0.771126330
10.645062130,0.579001129,0.582588255,-0.583644331,-0.340467155,0.772772312,0.770866692
10.650057455,0.578641236,0.582287371,-0.583290339,-0.340266585,0.772270858,0.770400584
10.655056941,0.578434765,0.582142830,-0.583083868,-0.340148628,0.772023022,0.770164609
10.660057576,0.578234136,0.581989467,-0.582871437,-0.340048313,0.771781147,0.769905031
10.665061980,0.578051209,0.581809461,-0.582676768,-0.339930296,0.771551073,0.769639552
10.670056553,0.577673614,0.581426024,-0.582364082,-0.339688420,0.771043658,0.769155681
10.675056841,0.577496648,0.581257820,-0.582163453,-0.339570403,0.770795822,0.768890262
10.680057444,0.577307820,0.581116259,-0.581968725,-0.339475989,0.770559847,0.768583417
10.685062319,0.577101350,0.580983460,-0.581768155,-0.339375734,0.770317972,0.768282533
10.690057794,0.576918423,0.580809474,-0.581567585,-0.339275420,0.770046592,0.768052459
10.695057752,0.576534986,0.580405235,-0.581201732,-0.339057148,0.769545019,0.767533243
10.700057620,0.576322556,0.580213547,-0.581018865,-0.338939130,0.769291401,0.767220557
10.705062617,0.576127887,0.580039501,-0.580794692,-0.338797510,0.769019961,0.766972780
10.710057661,0.575726688,0.579709053,-0.580381632,-0.338537931,0.768483102,0.766530275
10.715057803,0.575520158,0.579517365,-0.580192864,-0.338419914,0.768247128,0.766258895
10.720057743,0.575337291,0.579316735,-0.580004036,-0.338319600,0.767993391,0.766016960
10.725062169,0.575118959,0.579113185,-0.579815269,-0.338219345,0.767721951,0.765792787
10.730057998,0.574700117,0.578806400,-0.579349160,-0.338001013,0.767190993,0.765308976
10.735057122,0.574511290,0.578617632,-0.579136789,-0.337882996,0.766913712,0.764966786
10.740057748,0.574334323,0.578408182,-0.578942120,-0.337765038,0.766606927,0.764677644
10.745061614,0.574121892,0.578201652,-0.578747392,-0.337647021,0.766288280,0.764424026
10.750057580,0.573909521,0.577983379,-0.578552723,-0.337529063,0.765987396,0.764152586
10.755057569,0.573449314,0.577620506,-0.578116119,-0.337310731,0.765326619,0.763550818
10.760062652,0.573225081,0.577419937,-0.577921391,-0.337192714,0.764990270,0.763279438
10.765061920,0.573018610,0.577219367,-0.577679515,-0.337074757,0.764659941,0.762978494
10.770057024,0.572806180,0.577009916,-0.577455342,-0.336980343,0.764311790,0.762683511
10.775057762,0.572322428,0.576614618,-0.577001035,-0.336726665,0.763615668,0.762152493
10.780056782,0.572115898,0.576461196,-0.576782763,-0.336608648,0.763279319,0.761875212
10.785061316,0.571903527,0.576304913,-0.576540828,-0.336514235,0.762907624,0.761550725
10.790057910,0.571443379,0.575871229,-0.576045215,-0.336248755,0.762187839,0.760966599
10.795057692,0.571207285,0.575676441,-0.575809240,-0.336130738,0.761792600,0.760659873
10.800057031,0.571000874,0.575467110,-0.575573266,-0.336018682,0.761415005,0.760341227
10.805062323,0.570782542,0.575281143,-0.575319529,-0.335906565,0.761055052,0.760052145
10.810057661,0.570304632,0.574939013,-0.574812114,-0.335658729,0.760282218,0.759491682
10.815057035,0.570050955,0.574726582,-0.574582040,-0.335511267,0.759881020,0.759173036
10.820057337,0.569826722,0.574517131,-0.574334264,-0.335399151,0.759467959,0.758878052
10.825061606,0.569590747,0.574310660,-0.574062884,-0.335257590,0.759043157,0.758600712
10.830057410,0.569348872,0.574127793,-0.573815048,-0.335127771,0.758636117,0.758299828
10.835057322,0.568835557,0.573726535,-0.573307693,-0.334891796,0.757727504,0.757644951
10.840058209,0.568575978,0.573502362,-0.573000848,-0.334761977,0.757290959,0.757291019
10.845062412,0.568322301,0.573254585,-0.572717667,-0.334620357,0.756848454,0.756925225
10.850057967,0.568050861,0.573030353,-0.572452188,-0.334472895,0.756423593,0.756588876
10.855057269,0.567555308,0.572608531,-0.571891665,-0.334171951,0.755544543,0.755945802
10.860057706,0.567307472,0.572413862,-0.571614385,-0.334030390,0.755149245,0.755609512
10.865062749,0.567041934,0.572192550,-0.571337044,-0.333906472,0.754736245,0.755290926
10.870057493,0.566516876,0.571694016,-0.570770681,-0.333664596,0.753863037,0.754571140
10.875057801,0.566251397,0.571455121,-0.570481598,-0.333546579,0.753379285,0.754193544
10.880057681,0.565997660,0.571227968,-0.570198417,-0.333410859,0.752942681,0.753839493
10.885063053,0.565738082,0.570986032,-0.569921136,-0.333269298,0.752529681,0.753491461
10.890057964,0.565472603,0.570729375,-0.569643795,-0.333121777,0.752063572,0.753131509
10.895057119,0.564935684,0.570192575,-0.569077432,-0.332820892,0.751178563,0.752388120
10.900057161,0.564652503,0.569915235,-0.568746984,-0.332691073,0.750706613,0.751992881
10.905062236,0.564369321,0.569626093,-0.568457901,-0.332555413,0.750252306,0.751597524
10.910057891,0.564103842,0.569331169,-0.568174720,-0.332425594,0.749803901,0.751208127
10.915071312,0.563578725,0.568758786,-0.567537487,-0.332124710,0.748901248,0.750388026
10.920057815,0.563289642,0.568449140,-0.567213058,-0.331947684,0.748435140,0.749939680
10.925062432,0.562994599,0.568154097,-0.566894472,-0.331788421,0.748004436,0.749520779
10.930057342,0.562463641,0.567578912,-0.566263199,-0.331475735,0.747131228,0.748688877
10.935057662,0.562180459,0.567257345,-0.565932751,-0.331334114,0.746688724,0.748240471
10.940057565,0.561932683,0.566953421,-0.565590560,-0.331163049,0.746234477,0.747827530
10.945062394,0.561637640,0.566646636,-0.565289676,-0.331021428,0.745827377,0.747385025
10.950057066,0.561106622,0.565974057,-0.564605296,-0.330714643,0.744995475,0.746511817
10.955057112,0.560811698,0.565637708,-0.564263105,-0.330549419,0.744570673,0.746033967
10.960057028,0.560528457,0.565301538,-0.563944459,-0.330396056,0.744151771,0.745615005
10.965061767,0.560274720,0.564968109,-0.563619971,-0.330260336,0.743756533,0.745184302
10.970056851,0.560021102,0.564625978,-0.563265979,-0.330112815,0.743337631,0.744729996
10.975062383,0.559413373,0.563917935,-0.562605202,-0.329829633,0.742499769,0.743803740
10.980057216,0.559124291,0.563561022,-0.562257111,-0.329652607,0.742051423,0.743260980
10.985062461,0.558858812,0.563186347,-0.561891317,-0.329493344,0.741632462,0.742765367
10.990057605,0.558593273,0.562829375,-0.561560929,-0.329328179,0.741219521,0.742281556
10.995062934,0.558268785,0.562445939,-0.561206937,-0.329162955,0.740782917,0.741797745
11.000057391,0.557731926,0.561723113,-0.560493052,-0.328867972,0.739951015,0.740859687
11.005061890,0.557466447,0.561345577,-0.560139060,-0.328685045,0.739502668,0.740381777
11.010057282,0.556829214,0.560599208,-0.559425116,-0.328319252,0.738694370,0.739420056
11.015076220,0.556563675,0.560183287,-0.559041679,-0.328124583,0.738263667,0.738954008
11.020056729,0.556233346,0.559796810,-0.558711231,-0.327947557,0.737868369,0.738476098
11.025061704,0.555902898,0.559413314,-0.558386743,-0.327782393,0.737449467,0.738015950
11.030056940,0.555619776,0.559000373,-0.558015108,-0.327605367,0.737054169,0.737538040
11.035057095,0.555006087,0.558192074,-0.557289362,-0.327245474,0.736181021,0.736535072
11.040057716,0.554646254,0.557728887,-0.556911767,-0.327062547,0.735756218,0.736057162
11.045062313,0.554351211,0.557315886,-0.556545973,-0.326879680,0.735343158,0.735567451
11.050057808,0.554038525,0.556941271,-0.556239188,-0.326732218,0.734900713,0.735089600
11.055062351,0.553354204,0.555988431,-0.555478096,-0.326401770,0.734045208,0.734116077
11.060056872,0.553023756,0.555607915,-0.555189013,-0.326213002,0.733561397,0.733626366
11.065061539,0.552681565,0.555121124,-0.554764211,-0.326018274,0.733113050,0.733154356
11.070057720,0.552339375,0.554725885,-0.554416120,-0.325823605,0.732646942,0.732676446
11.075063261,0.551654994,0.553784847,-0.553849757,-0.325463712,0.731791437,0.731779695
11.080058175,0.551301003,0.553389549,-0.553430796,-0.325298488,0.731348932,0.731360793
11.085061837,0.550952911,0.552938223,-0.553100407,-0.325127423,0.730953634,0.730936050
11.090057434,0.550180018,0.552017808,-0.552398324,-0.324755728,0.730050981,0.730033338
11.095062480,0.549831927,0.551492691,-0.552044332,-0.324561000,0.729614377,0.729543626
11.100056885,0.549460173,0.551050186,-0.551778793,-0.324389935,0.729165971,0.729065716
11.105062405,0.549088538,0.550554633,-0.551489711,-0.324218810,0.728752971,0.728599668
11.110057196,0.548722744,0.550023556,-0.551047206,-0.324053586,0.728316367,0.728163004
11.115061449,0.547949791,0.548988163,-0.550439596,-0.323693722,0.727425516,0.727207243
11.120057294,0.547525048,0.548492551,-0.550032437,-0.323510826,0.726988852,0.726729333
11.125062542,0.547135651,0.547964573,-0.549696147,-0.323333830,0.726558208,0.726251483
11.130060875,0.546752095,0.547442436,-0.549395263,-0.323180407,0.726098001,0.725820720
11.135062232,0.545932055,0.546409905,-0.548663676,-0.322885424,0.725248396,0.724924028
11.140057813,0.545518994,0.545908451,-0.548303783,-0.322732031,0.724788189,0.724451959
11.145061657,0.545094252,0.545392215,-0.547908485,-0.322566837,0.724363387,0.724003613
11.150058094,0.544291854,0.544406891,-0.547188699,-0.322212815,0.723531544,0.723118603
11.155062262,0.543831706,0.543937862,-0.546817005,-0.322047621,0.723124444,0.722658396
11.160057476,0.543412805,0.543477654,-0.546439409,-0.321894228,0.722711504,0.722204149
11.165061854,0.543005645,0.543038130,-0.546061814,-0.321740836,0.722316146,0.721785188
11.170057551,0.542156100,0.542212129,-0.545283020,-0.321380913,0.721519649,0.720870733
11.175062016,0.541731298,0.541796207,-0.544887722,-0.321186244,0.721094847,0.720381021
11.180057216,0.541282892,0.541403830,-0.544504225,-0.321009219,0.720693648,0.719891369
11.185061900,0.540828586,0.541002572,-0.544126630,-0.320861757,0.720286548,0.719466567
11.190057077,0.540439188,0.540627956,-0.543743134,-0.320714235,0.719867706,0.719006360
11.195062262,0.539518774,0.539884567,-0.542964339,-0.320354372,0.719018102,0.718115449
11.200056666,0.539052784,0.539536536,-0.542574942,-0.320159674,0.718557894,0.717584491
11.205062012,0.538586676,0.539194345,-0.542191446,-0.319964945,0.718062282,0.717118382
11.210057230,0.538108766,0.538846254,-0.541784346,-0.319782078,0.717596173,0.716640472
11.215061691,0.537648559,0.538509905,-0.541377246,-0.319634557,0.717100620,0.716180325
11.220057565,0.536698699,0.537843227,-0.540580750,-0.319321871,0.716085792,0.715212703
11.225062525,0.536214828,0.537503958,-0.540167749,-0.319150776,0.715566635,0.714782000
11.230063562,0.535282671,0.536846161,-0.539347708,-0.318779081,0.714528263,0.713838041
11.235062466,0.534840167,0.536533415,-0.538922906,-0.318596184,0.713944197,0.713336527
11.240057499,0.534362257,0.536214828,-0.538533509,-0.318425059,0.713401377,0.712823272
11.245061646,0.533908010,0.535928726,-0.538144112,-0.318259895,0.712852657,0.712351203
11.250057726,0.533483207,0.535621881,-0.537748814,-0.318088770,0.712274492,0.711867452
11.255062506,0.532586455,0.535031915,-0.536970079,-0.317705303,0.711100399,0.710864425
11.260057895,0.532155752,0.534731030,-0.536568820,-0.317528307,0.710469127,0.710368872
11.265062111,0.531713247,0.534418344,-0.536161721,-0.317357183,0.709855556,0.709849656
11.270057726,0.531294286,0.534105659,-0.535748780,-0.317191988,0.709206522,0.709354043
11.275062455,0.530450642,0.533486187,-0.534964025,-0.316843927,0.707955778,0.708309829
11.280057533,0.530025840,0.533129215,-0.534545124,-0.316637397,0.707277298,0.707802415
11.285061380,0.529624641,0.532813549,-0.534167528,-0.316419095,0.706657767,0.707271397
11.290057423,0.528851748,0.532244205,-0.533347487,-0.316082835,0.705412865,0.706233025
11.295062215,0.528456450,0.531919718,-0.532952189,-0.315923512,0.704752028,0.705690265
11.300057126,0.528120160,0.531651258,-0.532539189,-0.315746486,0.704162061,0.705141485
11.305062507,0.527760267,0.531403482,-0.532120287,-0.315563619,0.703513086,0.704663634
11.310058259,0.527382672,0.531126142,-0.531671882,-0.315374792,0.702881813,0.704120874
11.315058064,0.526656985,0.530512571,-0.530845881,-0.315014899,0.701560199,0.703047037
11.320057347,0.526249886,0.530250013,-0.530421078,-0.314837933,0.700911224,0.702457070
11.325062053,0.525889993,0.529931426,-0.530037642,-0.314678609,0.700250447,0.701914251
11.330057626,0.525524199,0.529598057,-0.529636443,-0.314513415,0.699619114,0.701371491
11.335062525,0.525128901,0.529291272,-0.529217541,-0.314318717,0.698993742,0.700811028
11.340056863,0.524332404,0.528686523,-0.528397441,-0.313929319,0.697760642,0.699654639
11.345062280,0.523960710,0.528344393,-0.527931333,-0.313740551,0.697176576,0.699082315
11.350058260,0.523134708,0.527795672,-0.527081788,-0.313368857,0.695949376,0.697861016
11.355062138,0.522721767,0.527418017,-0.526633322,-0.313168228,0.695306301,0.697229683
11.360057748,0.522332370,0.527061105,-0.526202679,-0.312961757,0.694692671,0.696616113
11.365062579,0.521913469,0.526772022,-0.525777817,-0.312755257,0.694085002,0.696020246
11.370057716,0.521529973,0.526494741,-0.525305867,-0.312572360,0.693542182,0.695388973
11.375057299,0.520703971,0.525795579,-0.524426818,-0.312230170,0.692379951,0.694067359
11.380057507,0.520279169,0.525450468,-0.523937106,-0.312047243,0.691795826,0.693436086
11.385062476,0.519889772,0.525099397,-0.523500443,-0.311858445,0.691229403,0.692722201
11.390057441,0.519476771,0.524727702,-0.523087502,-0.311669648,0.690668941,0.692073166
11.395057084,0.518644869,0.524019718,-0.522172987,-0.311297953,0.689553857,0.690704405
11.400057678,0.518208325,0.523645043,-0.521742284,-0.311103255,0.688963830,0.689978719
11.405062482,0.517765820,0.523282230,-0.521287978,-0.310902655,0.688350260,0.689312041
11.410056677,0.517364621,0.522925258,-0.520804226,-0.310696185,0.687772095,0.688663006
11.415062899,0.516945720,0.522532940,-0.520373523,-0.310501456,0.687193871,0.688019991
11.420057888,0.516125619,0.521724641,-0.519400001,-0.310112089,0.686049283,0.686680675
11.425062414,0.515718520,0.521323442,-0.518933952,-0.309929192,0.685512424,0.686043501
11.430058017,0.514910221,0.520467877,-0.517930984,-0.309533894,0.684385478,0.684739590
11.435062228,0.514455914,0.520025373,-0.517405868,-0.309333295,0.683795512,0.684090614
11.440058248,0.514066577,0.519612491,-0.516927958,-0.309120893,0.683229148,0.683423936
11.445061562,0.513700724,0.519190609,-0.516444147,-0.308932126,0.682656884,0.682845712
11.450057580,0.513281822,0.518756986,-0.515930891,-0.308755100,0.682078660,0.682243943
11.455062499,0.512449920,0.517848372,-0.514921963,-0.308383405,0.680857360,0.680999041
11.460057048,0.511995673,0.517370462,-0.514408708,-0.308176935,0.680261493,0.680350006
11.465062073,0.511612177,0.516895533,-0.513901293,-0.307946801,0.679647863,0.679712832
11.470057357,0.511157870,0.516417623,-0.513405740,-0.307740331,0.679093301,0.679111063
11.475062667,0.510744870,0.515954494,-0.512874722,-0.307545602,0.678515077,0.678491592
11.480057077,0.509848058,0.514951468,-0.511848152,-0.307114929,0.677358687,0.677240729
11.485062052,0.509423316,0.514417589,-0.511323035,-0.306873024,0.676780522,0.676621318
11.490058105,0.508532405,0.513373256,-0.510343611,-0.306436419,0.675659537,0.675488532
11.495061968,0.508119464,0.512809873,-0.509853959,-0.306224048,0.675116718,0.674874961
11.500057538,0.507629752,0.512287617,-0.509364247,-0.306023419,0.674562156,0.674290836
11.505062562,0.507216692,0.511744976,-0.508880496,-0.305793345,0.674031198,0.673724413
11.510057075,0.506786048,0.511196256,-0.508331776,-0.305580914,0.673494279,0.673199356
11.515061766,0.505830288,0.510025024,-0.507328808,-0.305173844,0.672367394,0.672007501
11.520057354,0.505334675,0.509464562,-0.506909907,-0.304961443,0.671765625,0.671329021
11.525062350,0.504880369,0.508833289,-0.506296277,-0.304749072,0.671216905,0.670733154
11.530057368,0.504408360,0.508225560,-0.505812466,-0.304542571,0.670650482,0.670166790
11.535061887,0.503452599,0.507048607,-0.504868567,-0.304100066,0.669429183,0.669016242
11.540057834,0.502927482,0.506355286,-0.504426062,-0.303864062,0.668792009,0.668438077
11.545062242,0.502431870,0.505741715,-0.503859639,-0.303628087,0.668160737,0.667848110
11.550057392,0.501954019,0.505107522,-0.503411233,-0.303403884,0.667517602,0.667281687
11.555057754,0.501452506,0.504464388,-0.502880275,-0.303191453,0.666856825,0.666709423
11.560057235,0.500443637,0.503151655,-0.501942158,-0.302766681,0.665552974,0.665553033
11.565063011,0.499930352,0.502535105,-0.501399338,-0.302542508,0.664874434,0.665022016
11.570057725,0.498856544,0.501154542,-0.500384569,-0.302123576,0.663511574,0.663836122
11.575056956,0.498296052,0.500396371,-0.499906689,-0.301905274,0.662809491,0.663216650
11.580062810,0.497788638,0.499694347,-0.499346226,-0.301692903,0.662060201,0.662644386
11.585062374,0.497234046,0.498989284,-0.498827010,-0.301474571,0.661322713,0.662089765
11.590056918,0.496697187,0.498287201,-0.498284221,-0.301238596,0.660591125,0.661523402
11.595062575,0.495552599,0.496939033,-0.497198611,-0.300790191,0.659092546,0.660266697
11.600056845,0.494997978,0.496301860,-0.496644020,-0.300566018,0.658343256,0.659611821
11.605062903,0.494396210,0.495626330,-0.496083528,-0.300329983,0.657564461,0.658933342
11.610057086,0.493859291,0.495006800,-0.495528936,-0.300094008,0.656815171,0.658319712
11.615057233,0.493316472,0.494381368,-0.494980276,-0.299840301,0.656059980,0.657664835
11.620057138,0.492101073,0.493180811,-0.493835688,-0.299368322,0.654514194,0.656343281
11.625062254,0.491463900,0.492587864,-0.493269295,-0.299138248,0.653717697,0.655653000
11.630057092,0.490862131,0.492024392,-0.492685169,-0.298890412,0.652927101,0.654950857
11.635066857,0.489688009,0.490941763,-0.491581917,-0.298442066,0.651434422,0.653587997
11.640057120,0.489074439,0.490449131,-0.491044968,-0.298229635,0.650661528,0.652891755
11.645062719,0.488519847,0.489994824,-0.490478635,-0.298011333,0.649941802,0.652207434
11.650057312,0.487923920,0.489537597,-0.489935845,-0.297769427,0.649216056,0.651517093
11.655057125,0.486702651,0.488652587,-0.488838434,-0.297291517,0.647788286,0.650042117
11.660057698,0.486094981,0.488204181,-0.488325149,-0.297067344,0.647092104,0.649227917
11.665062088,0.485487282,0.487794161,-0.487800002,-0.296801835,0.646395862,0.648478627
11.670057411,0.484932691,0.487419516,-0.487274945,-0.296577632,0.645723343,0.647735238
11.675062760,0.483864784,0.486625969,-0.486224771,-0.296064377,0.644330978,0.646142304
11.680057346,0.483286619,0.486271977,-0.485735089,-0.295792967,0.643593431,0.645310402
11.685061442,0.482773334,0.485858977,-0.485221744,-0.295545161,0.642873645,0.644502103
11.690057683,0.482236385,0.485484332,-0.484720260,-0.295320988,0.642195106,0.643717349
11.695062615,0.481752634,0.485115588,-0.484271884,-0.295090854,0.641522586,0.642926812
11.700057568,0.480767310,0.484304309,-0.483280718,-0.294612974,0.640183270,0.641369224
11.705062180,0.480318964,0.483938575,-0.482749701,-0.294359297,0.639516592,0.640608132
11.710057587,0.479333639,0.483115494,-0.481776208,-0.293899089,0.638135970,0.639080048
11.715062807,0.478843957,0.482708395,-0.481298298,-0.293621778,0.637439787,0.638289452
11.720057744,0.478348345,0.482277691,-0.480814546,-0.293350399,0.636749506,0.637504756
11.725061922,0.477876365,0.481929660,-0.480354309,-0.293073088,0.636047423,0.636790872
11.730057412,0.477398485,0.481522501,-0.479876429,-0.292825311,0.635363042,0.636041641
11.735061914,0.476365983,0.480655223,-0.478932410,-0.292300224,0.634000182,0.634578407
11.740057298,0.475834966,0.480171442,-0.478419155,-0.292034686,0.633286297,0.633817375
11.745062364,0.475327611,0.479784995,-0.477958977,-0.291769207,0.632596016,0.633073926
11.750057166,0.474861532,0.479433954,-0.477504671,-0.291503727,0.631929338,0.632354140
11.755057301,0.474359989,0.478947222,-0.477032661,-0.291261822,0.631274402,0.631646156
11.760057920,0.473321617,0.478144825,-0.476053268,-0.290742636,0.629917383,0.630153477
11.765062518,0.472778827,0.477684617,-0.475528181,-0.290465355,0.629221201,0.629398286
11.770057446,0.472265542,0.477271616,-0.475026697,-0.290205717,0.628542721,0.628702104
11.775057855,0.471769929,0.476837993,-0.474537015,-0.289946139,0.627876043,0.627988219
11.780057120,0.470761091,0.475911736,-0.473575294,-0.289438725,0.626572132,0.626637101
11.785064098,0.470277250,0.475492775,-0.473073810,-0.289167345,0.625970364,0.626029432
11.790058324,0.469799370,0.475032598,-0.472584128,-0.288872361,0.625362694,0.625345051
11.795061940,0.468790472,0.474109262,-0.471510321,-0.288347274,0.624094129,0.623988032
11.800057178,0.468259454,0.473604828,-0.470961630,-0.288075864,0.623468757,0.623232841
11.805061999,0.467787504,0.473106265,-0.470412970,-0.287769049,0.622825682,0.622548461
11.810057733,0.467309594,0.472610682,-0.469899625,-0.287515372,0.622188509,0.621893525
11.815062712,0.466294825,0.471575260,-0.468784571,-0.287019789,0.620843351,0.620518923
11.820056828,0.465752035,0.471053094,-0.468212306,-0.286712945,0.620123506,0.619775534
11.825062658,0.465279996,0.470530957,-0.467622310,-0.286412060,0.619409621,0.619079292
11.830057767,0.464743137,0.469999969,-0.467079520,-0.286146581,0.618689835,0.618436217
11.835057848,0.464241654,0.469433576,-0.466471791,-0.285869300,0.617975950,0.617751837
11.840057613,0.463191420,0.468256533,-0.465339005,-0.285285175,0.616377056,0.616294563
11.845062488,0.462571979,0.467651814,-0.464749038,-0.285013795,0.615545213,0.615527570
11.850056971,0.462076366,0.467044115,-0.464135438,-0.284718782,0.614731014,0.614801824
11.855062717,0.461008489,0.465849400,-0.462949544,-0.284176022,0.613067210,0.613397658
11.860057765,0.460489273,0.465232849,-0.462347776,-0.283881009,0.612223506,0.612713277
11.865058679,0.459981859,0.464654624,-0.461840361,-0.283597827,0.611368060,0.612052500
11.870058093,0.459439129,0.464041054,-0.461250365,-0.283314645,0.610500753,0.611356318
11.875058173,0.458359390,0.462751925,-0.460052669,-0.282742321,0.608801544,0.609910846
11.880057572,0.457745790,0.462079316,-0.459521711,-0.282441437,0.607922494,0.609143853
11.885057128,0.457214803,0.461397886,-0.458878607,-0.282128721,0.607084692,0.608353257
11.890058189,0.456677914,0.460701704,-0.458436102,-0.281833738,0.606252789,0.607639372
11.895062735,0.456176430,0.460064530,-0.457722247,-0.281556427,0.605403185,0.606890023
11.900057634,0.455014139,0.458651453,-0.456577659,-0.280877948,0.603656828,0.605332494
11.905057501,0.454412341,0.457919836,-0.456129223,-0.280559361,0.602795482,0.604530096
11.910056893,0.453786969,0.457149953,-0.455427140,-0.280223072,0.601998985,0.603757203
11.915056996,0.453202844,0.456492126,-0.455008239,-0.279886782,0.601190627,0.602931201
11.920057463,0.452005208,0.454984665,-0.453899026,-0.279249549,0.599627137,0.601285160
11.925057245,0.451427013,0.454232424,-0.453267783,-0.278942764,0.598848343,0.600524008
11.930057741,0.450772136,0.453432977,-0.452789903,-0.278647780,0.598069608,0.599739373
11.935057777,0.449515402,0.451854736,-0.451686561,-0.278034180,0.596517920,0.598051965
11.940058048,0.448901832,0.451052368,-0.451067120,-0.277745068,0.595768631,0.597172916
11.945057887,0.448252827,0.450258821,-0.450518399,-0.277450085,0.595031142,0.596270144
11.950057619,0.447645128,0.449471176,-0.449934334,-0.277166903,0.594305456,0.595432401
11.955057649,0.446305841,0.447928369,-0.448789746,-0.276565105,0.592848122,0.593644738
11.960057700,0.445568383,0.447182000,-0.448205620,-0.276246488,0.592063487,0.592747927
11.965063973,0.444925278,0.446450412,-0.447609723,-0.275957406,0.591308296,0.591862977
11.970075348,0.444229096,0.445760101,-0.447055161,-0.275674194,0.590529501,0.591019273
11.975058402,0.443544686,0.445105225,-0.446482837,-0.275391042,0.589803755,0.590210974
11.980057775,0.442111015,0.443810225,-0.445332408,-0.274830520,0.588346481,0.588429213
11.985057192,0.441379428,0.443181843,-0.444736481,-0.274565041,0.587597251,0.587520599
11.990057698,0.440677315,0.442594826,-0.444175959,-0.274275959,0.586818457,0.586629748
11.995057395,0.439284950,0.441509217,-0.442978323,-0.273691833,0.585325718,0.585019052
12.000057577,0.438594639,0.441001832,-0.442400128,-0.273432255,0.584552884,0.584246099
12.005057054,0.437981069,0.440509200,-0.441821933,-0.273154944,0.583809495,0.583538175
12.010057313,0.437284887,0.440046072,-0.441267341,-0.272848159,0.583072007,0.582765281
12.015057489,0.435939699,0.439137459,-0.440116823,-0.272334844,0.581573427,0.581172287
12.020057768,0.435308397,0.438671380,-0.439497322,-0.272051632,0.580806434,0.580369890
12.025062404,0.434653491,0.438217074,-0.438919127,-0.271756649,0.580080688,0.579567492
12.030057684,0.434081197,0.437774569,-0.438376397,-0.271455765,0.579366803,0.578865409
12.035057776,0.433473527,0.437314391,-0.437780470,-0.271213889,0.578658819,0.578116119
12.040056970,0.432264030,0.436367452,-0.436641753,-0.270741880,0.577183902,0.576582134
12.045057480,0.431650460,0.435889542,-0.436039954,-0.270458698,0.576428711,0.575762033
12.050057355,0.431066334,0.435393959,-0.435455918,-0.270204961,0.575702965,0.574941933
12.055057418,0.430476338,0.434910178,-0.434859991,-0.269963086,0.574959576,0.574233949
12.060057195,0.429384887,0.433945537,-0.433691829,-0.269396722,0.573531806,0.572770834
12.065057381,0.428859770,0.433585614,-0.433143139,-0.269113511,0.572806120,0.572127700
12.070056946,0.428311110,0.433104753,-0.432553113,-0.268883407,0.572050929,0.571413755
12.075062472,0.427178323,0.432163745,-0.431331873,-0.268340617,0.570452034,0.569962442
12.080057355,0.426600128,0.431597352,-0.430735946,-0.268022001,0.569608390,0.569148242
12.085057231,0.426045507,0.431196153,-0.430140048,-0.267774224,0.568794191,0.568452060
12.090057450,0.425496817,0.430691719,-0.429561853,-0.267544091,0.567956388,0.567690909
12.095057414,0.424369931,0.429747730,-0.428328753,-0.266995430,0.566233575,0.566227794
12.100057217,0.423774034,0.429240346,-0.427744716,-0.266706318,0.565289617,0.565437198
12.105056957,0.423231244,0.428759485,-0.427113414,-0.266464412,0.564333797,0.564693809
12.110057955,0.422658950,0.428258002,-0.426541090,-0.266210735,0.563431144,0.563962221
12.115057732,0.422098458,0.427756488,-0.425921619,-0.265939325,0.562510729,0.563207030
12.120057226,0.420930266,0.426759392,-0.424723923,-0.265396535,0.560658157,0.561619937
12.125057481,0.420322597,0.426234305,-0.424110353,-0.265119255,0.559672892,0.560752630
12.130057269,0.419738501,0.425682664,-0.423473120,-0.264824271,0.558728933,0.559950233
12.135057299,0.418605715,0.424597085,-0.422204643,-0.264275551,0.556888103,0.558345437
12.140057235,0.418039322,0.424033642,-0.421543896,-0.264039546,0.555991292,0.557554841
12.145057334,0.417490631,0.423482001,-0.420936167,-0.263762236,0.555100441,0.556752503
12.150057636,0.416977346,0.422912657,-0.420263559,-0.263455451,0.554233134,0.555944204
12.155057407,0.415791452,0.421714991,-0.418918371,-0.262906760,0.552492678,0.554132879
12.160057275,0.415189654,0.421092510,-0.418245822,-0.262617648,0.551643074,0.553224325
12.165057060,0.414635062,0.420464158,-0.417561412,-0.262322664,0.550799370,0.552303970
12.170061157,0.414074570,0.419853568,-0.416906506,-0.262045383,0.550008774,0.551401198
12.175057483,0.413537651,0.419231117,-0.416222155,-0.261774004,0.549194634,0.550492704
12.180057738,0.412357688,0.417947888,-0.414882839,-0.261231184,0.547566235,0.548557460
12.185057424,0.411720484,0.417239845,-0.414174825,-0.260953903,0.546704888,0.547554493
12.190057581,0.411106914,0.416537791,-0.413555384,-0.260682493,0.545849383,0.546581030
12.195057506,0.410511017,0.415835679,-0.412906349,-0.260422885,0.545046926,0.545672417
12.200057118,0.409277916,0.414428592,-0.411584765,-0.259868324,0.543459892,0.543796241
12.205062471,0.408634841,0.413688123,-0.410977125,-0.259596944,0.542657495,0.542869985
12.210057526,0.408038944,0.413018465,-0.410334021,-0.259337306,0.541837454,0.541949570
12.215057424,0.406764537,0.411555290,-0.409041941,-0.258782715,0.540208995,0.540161908
12.220057280,0.406086057,0.410702765,-0.408440113,-0.258493602,0.539359450,0.539247453
12.225057478,0.405442953,0.409974128,-0.407820672,-0.258239925,0.538551152,0.538374186
12.230057073,0.404811680,0.409239590,-0.407142162,-0.257986248,0.537748754,0.537565887
12.235057614,0.403519601,0.407652497,-0.405897290,-0.257449329,0.536167562,0.535860837
12.240059483,0.402793914,0.406894356,-0.405342698,-0.257183850,0.535365164,0.535011232
12.245057339,0.402068198,0.406080186,-0.404652357,-0.256930172,0.534592330,0.534149885
12.250058371,0.401389718,0.405277789,-0.404156774,-0.256670535,0.533801675,0.533376932
12.255057498,0.400687635,0.404463589,-0.403436989,-0.256393254,0.533034682,0.532586396
12.260057025,0.399271667,0.402726054,-0.402121335,-0.255803287,0.531441748,0.530958056
12.265057239,0.398522377,0.401864678,-0.401431054,-0.255514175,0.530668795,0.530090749
12.270057832,0.397808462,0.401038647,-0.400758415,-0.255219162,0.529925466,0.529276490
12.275058050,0.397118181,0.400218606,-0.400079936,-0.254900575,0.529182076,0.528485954
12.280057234,0.396374762,0.399451613,-0.399407357,-0.254623264,0.528479993,0.527683556
12.285057444,0.394946992,0.397902876,-0.398056269,-0.254086375,0.527052164,0.526179075
12.290057500,0.394256711,0.397144735,-0.397348255,-0.253785491,0.526326537,0.525417984
12.295057563,0.392769903,0.395740539,-0.395973593,-0.253219098,0.524810195,0.523824990
12.300056952,0.392026544,0.395079732,-0.395289212,-0.252918214,0.524013758,0.522981346
12.305056792,0.391306758,0.394451410,-0.394646108,-0.252629101,0.523181856,0.522161245
12.310057482,0.390598774,0.393876165,-0.393967628,-0.252351820,0.522361755,0.521411896
12.315056715,0.389884859,0.393342227,-0.393336296,-0.252056837,0.521523952,0.520597696
12.320062301,0.388439387,0.392277300,-0.392020613,-0.251443207,0.519718587,0.518886745
12.325057455,0.387725472,0.391740382,-0.391401142,-0.251130521,0.518780529,0.518001795
12.330057122,0.387035191,0.391232997,-0.390758038,-0.250829637,0.517842412,0.517140388
12.335057100,0.386386186,0.390763938,-0.390150368,-0.250499219,0.516904354,0.516320288
12.340057084,0.385105938,0.389775693,-0.388917267,-0.249932826,0.514898300,0.514644682
12.345057257,0.384451032,0.389274240,-0.388274193,-0.249608338,0.513859987,0.513777375
12.350057317,0.383807927,0.388766825,-0.387690097,-0.249283835,0.512915969,0.512904227
12.355057504,0.382604361,0.387766778,-0.386445194,-0.248723358,0.510951281,0.511210918
12.360075931,0.381973058,0.387321353,-0.385831594,-0.248410642,0.509977758,0.510290563
12.365057652,0.381371289,0.386787415,-0.385223925,-0.248115659,0.508980751,0.509458661
12.370057850,0.380834371,0.386327207,-0.384633929,-0.247802958,0.508042634,0.508650362
12.375057931,0.379624873,0.385374367,-0.383430332,-0.247236565,0.506178200,0.506963015
12.380063102,0.379005402,0.384887636,-0.382822663,-0.246923879,0.505287349,0.506030798
12.385057390,0.378421307,0.384321243,-0.382203132,-0.246640682,0.504414201,0.505098581
12.390057522,0.377849013,0.383863986,-0.381607264,-0.246381074,0.503582299,0.504219532
12.395057541,0.377276719,0.383285791,-0.381023169,-0.246109679,0.502714992,0.503305078
12.400062219,0.376049548,0.382294595,-0.379813671,-0.245466575,0.500962734,0.501428843
12.405057140,0.375424147,0.381763637,-0.379146993,-0.245142102,0.500107229,0.500402331
12.410057360,0.374798775,0.381270975,-0.378545195,-0.244835302,0.499298930,0.499411076
12.415057211,0.374202847,0.380748808,-0.377931595,-0.244516686,0.498502463,0.498473018
12.420061762,0.373595178,0.380250275,-0.377323925,-0.244180411,0.497694165,0.497499496
12.425057189,0.372432888,0.379164696,-0.376138031,-0.243584529,0.496113002,0.495629251
12.430057570,0.371836990,0.378618956,-0.375518531,-0.243242323,0.495281100,0.494744301
12.435056802,0.370645195,0.377489150,-0.374250054,-0.242611021,0.493593723,0.492850363
12.440057710,0.370055199,0.376893222,-0.373583376,-0.242316023,0.492744088,0.491894603
12.445056979,0.369435698,0.376291454,-0.372946173,-0.241973847,0.491929948,0.490932882
12.450056970,0.368892938,0.375698507,-0.372314900,-0.241637528,0.491139382,0.490024328
12.455056422,0.368297011,0.375108540,-0.371665895,-0.241336644,0.490301609,0.489157051
12.460061933,0.367046237,0.373875439,-0.370326608,-0.240687639,0.488620073,0.487363428
12.465061981,0.366462141,0.373211682,-0.369618595,-0.240351364,0.487740993,0.486443043
12.470057289,0.365777761,0.372530222,-0.368951917,-0.240020946,0.486909091,0.485522687
12.475057457,0.365229070,0.371872425,-0.368285209,-0.239714161,0.486094922,0.484643549
12.480061303,0.363972396,0.370482981,-0.366910547,-0.239071071,0.484448850,0.482903123
12.485057587,0.363282114,0.369745463,-0.366220266,-0.238717094,0.483658284,0.482047617
12.490057495,0.362597704,0.369025707,-0.365524054,-0.238404378,0.482832253,0.481203943
12.495057555,0.362025410,0.368302941,-0.364904583,-0.238097578,0.482065260,0.480372041
12.500057244,0.360721529,0.366836786,-0.363535792,-0.237401396,0.480490029,0.478802681
12.505057543,0.360054851,0.366052121,-0.362939894,-0.237088680,0.479669929,0.477935374
12.510056673,0.359470755,0.365302831,-0.362231910,-0.236775994,0.478902936,0.477168322
12.515056930,0.358143270,0.363695085,-0.360922128,-0.236091614,0.477309912,0.475622565
12.520061746,0.357423455,0.362883866,-0.360414743,-0.235749409,0.476483941,0.474814326
12.525057125,0.356721371,0.362093270,-0.359659553,-0.235395432,0.475616664,0.474023670
12.530056853,0.356084168,0.361290872,-0.359069526,-0.235029623,0.474784762,0.473262608
12.535056964,0.355382085,0.360503227,-0.358461857,-0.234687418,0.473899812,0.472460240
12.540056880,0.353942513,0.358774543,-0.357246459,-0.234020725,0.472106189,0.470802367
12.545057276,0.353199124,0.357916117,-0.356503099,-0.233654931,0.471179932,0.469905555
12.550057523,0.352508843,0.357063591,-0.355983883,-0.233318642,0.470235944,0.469085455
12.555057550,0.351783127,0.356193334,-0.355323076,-0.233017758,0.469297826,0.468271285
12.560061977,0.351057440,0.355287701,-0.354697704,-0.232699141,0.468312562,0.467457116
12.565057534,0.349523455,0.353559017,-0.353423297,-0.232044250,0.466277122,0.465746135
12.570057621,0.348744661,0.352703512,-0.352792025,-0.231702060,0.465321273,0.464943707
12.575057362,0.347193003,0.351045668,-0.351488143,-0.231005877,0.463327110,0.463256299
12.580061306,0.346402407,0.350234419,-0.350833237,-0.230628282,0.462335944,0.462365419
12.585057313,0.345617712,0.349458575,-0.350196034,-0.230268389,0.461368352,0.461498141
12.590056909,0.344868451,0.348750591,-0.349570662,-0.229949772,0.460418433,0.460648566
12.595057621,0.344101429,0.348042607,-0.348957062,-0.229637086,0.459480375,0.459739983
12.600061869,0.342532068,0.346720994,-0.347688586,-0.228929102,0.457592398,0.457810670
12.605056904,0.341729671,0.346110374,-0.347016007,-0.228592798,0.456683785,0.456790030
12.610057014,0.341033459,0.345535100,-0.346384704,-0.228250623,0.455763400,0.455798805
12.615056767,0.340319604,0.344995290,-0.345747530,-0.227914304,0.454890221,0.454860747
12.620061843,0.338927209,0.343918562,-0.344473124,-0.227259412,0.453214645,0.452854753
12.625065082,0.338183790,0.343408227,-0.343830019,-0.226917237,0.452347368,0.451781005
12.630057648,0.337534845,0.342862457,-0.343222350,-0.226592720,0.451503664,0.450777978
12.635057257,0.336885840,0.342372775,-0.342596978,-0.226315424,0.450642288,0.449810386
12.640057155,0.335581928,0.341355026,-0.341328472,-0.225725427,0.448925406,0.447875202
12.645057311,0.334950626,0.340850592,-0.340720773,-0.225406840,0.448099405,0.446907640
12.650153002,0.334384233,0.340360880,-0.340077668,-0.225123644,0.447285235,0.445987225
12.655161271,0.333174765,0.339357913,-0.338809192,-0.224486455,0.445627332,0.444122910
12.660151479,0.332531691,0.338850498,-0.338136613,-0.224203259,0.444765955,0.443172991
12.665149293,0.331935793,0.338307738,-0.337517112,-0.223914161,0.443904549,0.442282110
12.670076033,0.331322193,0.337865233,-0.336903542,-0.223613262,0.443060875,0.441397101
12.675143387,0.330738097,0.337298810,-0.336266339,-0.223288774,0.442229003,0.440535724
12.680140286,0.329463720,0.336334199,-0.335021436,-0.222734183,0.440523922,0.438759834
12.685153179,0.328802943,0.335770726,-0.334348857,-0.222445086,0.439662516,0.437845379
12.690132675,0.328165740,0.335266292,-0.333711654,-0.222138271,0.438836515,0.436978102
12.695143668,0.327552140,0.334747106,-0.333092183,-0.221843272,0.438028216,0.436158001
12.700149124,0.326324970,0.333626151,-0.331811875,-0.221259192,0.436317235,0.434500128
12.705143772,0.325670063,0.333145261,-0.331162870,-0.220922902,0.435473561,0.433644623
12.710128893,0.325080067,0.332575917,-0.330472589,-0.220627919,0.434653461,0.432812721
12.715142310,0.323882371,0.331460834,-0.329204112,-0.220031992,0.433113605,0.431172520
12.720153052,0.323262900,0.330882668,-0.328555107,-0.219678029,0.432323009,0.430346549
12.725171973,0.322696507,0.330331028,-0.327906132,-0.219418421,0.431579620,0.429508746
12.730135173,0.322124213,0.329785287,-0.327251226,-0.219164714,0.430824429,0.428718150
12.735161692,0.320926517,0.328622997,-0.325929672,-0.218580619,0.429249138,0.427119255
12.740141052,0.320354223,0.327994645,-0.325233459,-0.218291521,0.428411335,0.426246107
12.745159596,0.319728851,0.327363372,-0.324554980,-0.218020126,0.427585363,0.425402433
12.750127897,0.319156557,0.326735020,-0.323870599,-0.217742831,0.426753461,0.424629509
12.755144126,0.318548858,0.326118469,-0.323203892,-0.217436031,0.425909787,0.423815340
12.760154960,0.317280382,0.324820489,-0.321799695,-0.216840148,0.424092591,0.422021776
12.765166909,0.316613674,0.324124277,-0.321085840,-0.216521561,0.423142701,0.421095461
12.770060386,0.315982372,0.323451698,-0.320377827,-0.216208845,0.422139734,0.420228153
12.775058177,0.315345198,0.322761416,-0.319675744,-0.215907961,0.421195745,0.419366807
12.780058479,0.314737499,0.322065204,-0.318997264,-0.215636551,0.420216352,0.418505400
12.785063204,0.313480824,0.320643336,-0.317640275,-0.215070158,0.418233991,0.416882902
12.790063424,0.312796444,0.319923520,-0.317008972,-0.214804664,0.417236894,0.416062802
12.795061522,0.311451256,0.318371832,-0.315705091,-0.214232370,0.415266305,0.414263338
12.800061995,0.310707867,0.317598969,-0.314979404,-0.213937372,0.414281011,0.413325280
12.805062151,0.310052961,0.316787720,-0.314383507,-0.213666007,0.413307548,0.412428468
12.810057083,0.309374481,0.316029608,-0.313722700,-0.213412300,0.412328154,0.411572963
12.815062098,0.308725476,0.315218329,-0.313020617,-0.213146791,0.411354661,0.410688013
12.820062086,0.307327181,0.313572288,-0.311787546,-0.212580398,0.409466714,0.408782303
12.825061945,0.306583822,0.312657773,-0.311114937,-0.212297201,0.408558100,0.407767534
12.830056806,0.305852205,0.311722636,-0.310395151,-0.212031692,0.407667220,0.406746864
12.835061713,0.305120617,0.310887814,-0.309887767,-0.211766228,0.406788111,0.405814648
12.840056828,0.304394931,0.310055912,-0.309126675,-0.211477131,0.405932635,0.404870659
12.845057127,0.302855045,0.308212191,-0.307810962,-0.210922524,0.404150873,0.402876526
12.850056985,0.302076250,0.307303607,-0.307097107,-0.210633442,0.403283566,0.401808590
12.855061618,0.300571769,0.305512965,-0.305734217,-0.210013926,0.401666999,0.399802625
12.860061592,0.299792975,0.304651558,-0.305085212,-0.209724829,0.400870472,0.398846835
12.865062136,0.299014181,0.303834438,-0.304406732,-0.209441632,0.400062203,0.397914648
12.870056898,0.298241317,0.303052723,-0.303734154,-0.209152535,0.399295211,0.397023767
12.875061609,0.297509700,0.302268028,-0.303061515,-0.208857551,0.398481011,0.396103382
12.880057761,0.295958042,0.300739944,-0.301651478,-0.208285257,0.396829039,0.394221306
12.885056699,0.295208752,0.300046682,-0.300937563,-0.207996160,0.395997137,0.393253744
12.890057411,0.294471234,0.299371123,-0.300241381,-0.207683474,0.395182967,0.392356932
12.895056866,0.293786854,0.298751652,-0.299545199,-0.207406178,0.394368768,0.391513228
12.900056785,0.292353183,0.297642469,-0.298199981,-0.206786662,0.392746300,0.389796317
12.905057601,0.291645199,0.297126234,-0.297533303,-0.206468076,0.391873121,0.388881862
12.910056984,0.291002095,0.296604097,-0.296866596,-0.206161290,0.391035318,0.387996852
12.915057420,0.290353090,0.296090782,-0.296223551,-0.205860376,0.390221149,0.387188613
12.920057439,0.289721817,0.295589298,-0.295545042,-0.205553576,0.389406949,0.386356711
12.925056879,0.288459212,0.294580400,-0.294270635,-0.204975381,0.387837559,0.384751886
12.930057541,0.287839741,0.294123173,-0.293633461,-0.204662696,0.387064666,0.383961320
12.935057453,0.286653847,0.293137878,-0.292388558,-0.204060912,0.385542482,0.382391930
12.940057217,0.286022574,0.292642266,-0.291733712,-0.203754112,0.384757787,0.381536454
12.945057645,0.285450280,0.292143732,-0.291149586,-0.203447312,0.383973122,0.380757660
12.950057098,0.284883887,0.291698277,-0.290553689,-0.203116924,0.383188426,0.380026072
12.955066693,0.284329295,0.291179091,-0.289951921,-0.202816024,0.382433236,0.379241347
12.960060321,0.283090293,0.290190876,-0.288712919,-0.202226028,0.380804867,0.377671987
12.965057475,0.282447189,0.289686441,-0.288081616,-0.201936930,0.379978865,0.376798838
12.970057598,0.281857222,0.289187878,-0.287485749,-0.201641932,0.379111558,0.375961006
12.975057188,0.281284928,0.288689315,-0.286895752,-0.201364651,0.378261983,0.375235349
12.980057667,0.280694932,0.288226187,-0.286311656,-0.201087341,0.377377003,0.374379843
12.985057728,0.279467732,0.287152380,-0.285090387,-0.200461954,0.375565708,0.372674793
12.990057659,0.278824657,0.286550581,-0.284506291,-0.200155169,0.374592215,0.371801585
12.995057597,0.278199255,0.286128759,-0.283863187,-0.199871972,0.373654157,0.370946079
13.000058140,0.276983887,0.285054982,-0.282683223,-0.199252456,0.371695369,0.369270504
13.005057288,0.276399791,0.284568250,-0.282057792,-0.198963374,0.370686471,0.368432730
13.010057877,0.275815696,0.284034312,-0.281479627,-0.198674262,0.369718879,0.367624432
13.015058166,0.275231570,0.283512145,-0.280871928,-0.198385179,0.368733585,0.366822064
13.020057094,0.274063408,0.282373458,-0.279632956,-0.197777495,0.366816133,0.365111083
13.025058345,0.273467511,0.281765759,-0.279031128,-0.197441190,0.365830839,0.364178866
13.030057791,0.272853941,0.281202316,-0.278399855,-0.197152093,0.364851445,0.363234878
13.035057256,0.272305250,0.280618250,-0.277792156,-0.196851194,0.363925159,0.362379402
13.040058042,0.271125227,0.279417604,-0.276553154,-0.196219891,0.362078488,0.360479623
13.045057098,0.270470351,0.278780401,-0.275910079,-0.195907205,0.361181706,0.359494299
13.050057747,0.269903988,0.278149128,-0.275284708,-0.195594519,0.360302597,0.358591646
13.055058060,0.269260883,0.277535528,-0.274635702,-0.195287704,0.359435290,0.357653588
13.060063652,0.268700391,0.276913077,-0.273998499,-0.194980919,0.358615220,0.356691867
13.065057889,0.267461389,0.275553167,-0.272718221,-0.194373220,0.356986851,0.354809791
13.070057486,0.266835988,0.274865806,-0.272081017,-0.194054633,0.356202126,0.353877604
13.075058135,0.265602916,0.273485243,-0.270794868,-0.193423331,0.354638666,0.352048606
13.080058113,0.265007019,0.272780180,-0.270128161,-0.193128347,0.353806764,0.351086944
13.085057255,0.264346212,0.272063345,-0.269502759,-0.192815661,0.352992594,0.350160629
13.090057793,0.263744444,0.271370113,-0.268853754,-0.192502946,0.352184296,0.349281549
13.095057119,0.263136744,0.270638525,-0.268275559,-0.192190260,0.351399601,0.348390669
13.100062715,0.261821061,0.269175351,-0.267007083,-0.191606164,0.349806637,0.346597105
13.105057631,0.261130750,0.268378854,-0.266381681,-0.191275775,0.348980665,0.345682591
13.110057465,0.260422766,0.267594129,-0.265679598,-0.190951273,0.348166466,0.344809443
13.115057540,0.259791464,0.266788810,-0.265195817,-0.190644473,0.347364068,0.343983412
13.120060366,0.259095281,0.265968740,-0.264452428,-0.190314084,0.346561670,0.343175143
13.125057503,0.257649809,0.264349163,-0.263237029,-0.189635590,0.344903797,0.341475964
13.130058249,0.256930023,0.263458312,-0.262741446,-0.189316988,0.344089597,0.340585083
13.135057468,0.256186634,0.262670636,-0.261980355,-0.188980699,0.343275428,0.339770854
13.140057944,0.255490422,0.261753201,-0.261555582,-0.188656211,0.342526138,0.339009792
13.145057604,0.254044950,0.260056973,-0.260263473,-0.188054413,0.340968549,0.337499410
13.150057809,0.253307462,0.259260505,-0.259667575,-0.187765300,0.340213358,0.336773753
13.155063636,0.252599478,0.258458108,-0.259177893,-0.187464416,0.339458168,0.336042136
13.160062588,0.251065493,0.256868094,-0.257903486,-0.186821327,0.337971389,0.334484577
13.165057715,0.250280827,0.256071597,-0.257284015,-0.186514527,0.337239772,0.333652675
13.170057378,0.249549225,0.255316377,-0.256670415,-0.186225429,0.336531788,0.332844377
13.175057209,0.248870730,0.254558265,-0.256098121,-0.185936332,0.335812002,0.332077384
13.180057810,0.247413427,0.253192425,-0.254888654,-0.185287341,0.334325224,0.330525666
13.185057360,0.246664166,0.252575874,-0.254257351,-0.184980541,0.333552361,0.329681993
13.190057753,0.245973855,0.251979977,-0.253661454,-0.184667856,0.332773536,0.328885525
13.195063909,0.245289460,0.251419485,-0.253059685,-0.184325650,0.332000643,0.328136206
13.200057102,0.244669989,0.250885546,-0.252487391,-0.183989361,0.331210077,0.327333838
13.205056887,0.243318886,0.249844208,-0.251266092,-0.183269560,0.329546303,0.325622857
13.210057745,0.242652193,0.249369264,-0.250676125,-0.182915568,0.328678995,0.324790955
13.215057524,0.242079899,0.248873666,-0.250062495,-0.182585180,0.327847123,0.323970854
13.220057775,0.240846813,0.247953281,-0.248870730,-0.181953877,0.326012224,0.322348386
13.225057888,0.240245029,0.247481301,-0.248316139,-0.181629390,0.325080037,0.321522415
13.230058425,0.239684537,0.247015208,-0.247743845,-0.181334391,0.324189156,0.320773125
13.235057672,0.239135861,0.246560901,-0.247165650,-0.181027591,0.323274672,0.319953024
13.240057009,0.237991273,0.245631665,-0.246044651,-0.180419892,0.321339488,0.318236142
13.245057070,0.237389460,0.245153785,-0.245478258,-0.180107206,0.320365995,0.317327529
13.250058105,0.236846656,0.244675875,-0.244894177,-0.179788619,0.319439709,0.316501558
13.255072136,0.236315683,0.244236350,-0.244357273,-0.179493606,0.318513423,0.315628409
13.260056880,0.235755190,0.243770242,-0.243796781,-0.179210424,0.317628413,0.314820111
13.265057351,0.234587014,0.242802650,-0.242628589,-0.178585023,0.315787643,0.313055992
13.270062668,0.233991131,0.242327720,-0.241997287,-0.178290039,0.314879090,0.312117934
13.275063077,0.233424723,0.241817370,-0.241425008,-0.178024530,0.313994080,0.311162144
13.280062593,0.232864231,0.241366029,-0.240829110,-0.177764937,0.313150376,0.310253561
13.285057002,0.231719643,0.240422040,-0.239708126,-0.177157253,0.311510205,0.308518976
13.290063989,0.231188640,0.240038544,-0.239135832,-0.176903546,0.310755014,0.307681143
13.295095179,0.230610445,0.239542946,-0.238545850,-0.176643938,0.309982121,0.306843400
13.300057825,0.229501247,0.238604859,-0.237365872,-0.176048055,0.308395058,0.305043906
13.305056994,0.228917167,0.238106310,-0.236769989,-0.175800264,0.307592660,0.304105848
13.310057560,0.228392094,0.237708077,-0.236191764,-0.175528869,0.306837469,0.303179532
13.315081662,0.227849290,0.237197727,-0.235631302,-0.175251573,0.306111783,0.302341759
13.320062682,0.226734191,0.236306831,-0.234457195,-0.174661577,0.304660380,0.300642580
13.325057422,0.226173699,0.235758141,-0.233825922,-0.174425572,0.303958297,0.299763501
13.330057690,0.225625023,0.235286146,-0.233247727,-0.174189568,0.303232610,0.298896194
13.335062784,0.225117609,0.234743357,-0.232651815,-0.173918188,0.302536428,0.298064291
13.340057780,0.224545315,0.234235957,-0.232073620,-0.173664480,0.301793039,0.297261924
13.345057732,0.223442048,0.233215287,-0.230911344,-0.173174798,0.300288528,0.295639455
13.350057531,0.222863853,0.232666582,-0.230321363,-0.172891587,0.299562871,0.294813424
13.355057078,0.222273871,0.232120842,-0.229672357,-0.172584802,0.298854858,0.293987453
13.360057498,0.221754655,0.231578052,-0.229094163,-0.172337011,0.298105597,0.293255836
13.365057155,0.220627770,0.230415761,-0.227861077,-0.171829611,0.296695501,0.291716009
13.370057955,0.220090896,0.229846418,-0.227235675,-0.171534613,0.295952111,0.291002065
13.375057397,0.219518602,0.229265273,-0.226627991,-0.171257317,0.295250028,0.290317714
13.380056944,0.218338594,0.228026286,-0.225359514,-0.170773521,0.293751448,0.288854510
13.385057490,0.217707321,0.227383196,-0.224728212,-0.170502126,0.292990357,0.288087517
13.390057478,0.217105508,0.226748973,-0.224096939,-0.170230731,0.292258739,0.287326455
13.395057393,0.216527328,0.226132408,-0.223506927,-0.169994742,0.291521251,0.286659777
13.400058380,0.215925545,0.225492269,-0.222905144,-0.169788241,0.290830970,0.285939962
13.405057644,0.214668855,0.224164784,-0.221707448,-0.169280842,0.289409071,0.284453183
13.410057160,0.213996276,0.223450899,-0.221082076,-0.169015348,0.288701087,0.283644855
13.415065298,0.213382661,0.222725213,-0.220527470,-0.168773443,0.287957698,0.282925069
13.420063528,0.212739557,0.221993625,-0.219990566,-0.168537453,0.287255615,0.282228917
13.425062089,0.211453393,0.220583528,-0.218863711,-0.168000549,0.285827845,0.280807018
13.430057947,0.210845709,0.219816551,-0.218255997,-0.167735055,0.285084456,0.280069500
13.435062309,0.210226208,0.219111502,-0.217719123,-0.167522669,0.284376442,0.279355615
13.440062485,0.208922312,0.217462465,-0.216545016,-0.167021170,0.282871991,0.277880639
13.445061980,0.208237931,0.216730893,-0.215884224,-0.166743875,0.282093167,0.277119577
13.450057889,0.207600728,0.215901941,-0.215500727,-0.166501969,0.281278998,0.276376158
13.455061941,0.206934035,0.215087742,-0.214804545,-0.166271880,0.280464798,0.275668144
13.460061477,0.205630168,0.213583261,-0.213654056,-0.165782183,0.278824627,0.274210900
13.465061962,0.204969376,0.212854639,-0.213211551,-0.165534392,0.277945518,0.273396701
13.470059836,0.204273194,0.212164342,-0.212533072,-0.165298402,0.277131319,0.272653311
13.475062296,0.203635991,0.211376697,-0.212031588,-0.165074199,0.276269943,0.271904051
13.480061821,0.202951610,0.210651010,-0.211417973,-0.164844096,0.275384963,0.271166533
13.485062242,0.201553315,0.209229141,-0.210297018,-0.164360315,0.273603171,0.269591242
13.490058084,0.200868934,0.208527029,-0.209742412,-0.164112508,0.272706389,0.268777043
13.495063194,0.200166851,0.207851499,-0.209105209,-0.163870603,0.271845013,0.267951071
13.500061743,0.199570939,0.207208395,-0.208538815,-0.163646415,0.270995408,0.267166376
13.505061535,0.198927864,0.206588894,-0.207942933,-0.163410425,0.270157635,0.266322672
13.510057238,0.197765559,0.205417767,-0.206768855,-0.162920713,0.268511564,0.264747381
13.515062193,0.197187364,0.204877928,-0.206172943,-0.162684724,0.267720968,0.263927341
13.520061954,0.196013287,0.203833640,-0.204939857,-0.162141919,0.266116172,0.262269408
13.525062228,0.195446894,0.203370482,-0.204302683,-0.161882341,0.265307873,0.261431664
13.530058152,0.194898188,0.202880800,-0.203712702,-0.161646336,0.264546782,0.260564357
13.535062400,0.194396704,0.202417657,-0.203110889,-0.161416233,0.263779789,0.259767860
13.540061852,0.193871632,0.201989919,-0.202520892,-0.161180243,0.263048202,0.258912355
13.545062170,0.192821443,0.201128513,-0.201358616,-0.160661042,0.261573225,0.257213175
13.550057349,0.192266852,0.200712591,-0.200768635,-0.160413250,0.260853440,0.256334096
13.555061711,0.191759437,0.200296640,-0.200202242,-0.160183161,0.260157257,0.255531728
13.560062337,0.191269740,0.199892491,-0.199665338,-0.159935355,0.259466976,0.254735202
13.565061703,0.190278560,0.199072391,-0.198591560,-0.159404367,0.258098185,0.253154039
13.570057333,0.189777076,0.198650569,-0.198072344,-0.159150660,0.257407874,0.252363473
13.575061882,0.189293295,0.198222816,-0.197535470,-0.158902869,0.256747097,0.251631856
13.580057482,0.188266695,0.197402731,-0.196497083,-0.158324674,0.255431414,0.250151008
13.585062714,0.187753379,0.196977913,-0.195960179,-0.158065081,0.254752904,0.249384016
13.590057579,0.187251896,0.196556091,-0.195488185,-0.157805473,0.254109830,0.248687804
13.595057564,0.186738610,0.196181446,-0.194968998,-0.157575399,0.253466725,0.248021111
13.600057332,0.186272517,0.195774347,-0.194485202,-0.157327592,0.252817750,0.247342616
13.605061467,0.185245931,0.194974899,-0.193476304,-0.156849697,0.251478463,0.245979741
13.610057308,0.184768036,0.194529459,-0.192992523,-0.156619608,0.250782281,0.245289445
13.615057139,0.184278339,0.194163665,-0.192479238,-0.156383604,0.250109673,0.244664073
13.620057520,0.183824047,0.193777233,-0.192001343,-0.156147599,0.249454796,0.244009182
13.625062220,0.183328450,0.193325877,-0.191547036,-0.155929312,0.248770401,0.243366078
13.630057582,0.182337284,0.192544132,-0.190561742,-0.155445516,0.247466519,0.242079914
13.635057554,0.181871176,0.192110479,-0.190125152,-0.155180007,0.246811613,0.241430908
13.640057244,0.180903569,0.191331685,-0.189151675,-0.154708028,0.245507717,0.240162402
13.645056929,0.180407986,0.190868556,-0.188679680,-0.154466122,0.244835138,0.239495724
13.650064002,0.179941878,0.190443769,-0.188195884,-0.154218331,0.244186133,0.238817230
13.655057751,0.179487616,0.189965874,-0.187759280,-0.153970540,0.243572563,0.238191843
13.660057407,0.179021508,0.189608932,-0.187263697,-0.153740436,0.242947146,0.237531066
13.665057509,0.178077519,0.188641340,-0.186325595,-0.153309748,0.241719991,0.236138672
13.670056887,0.177593723,0.188222438,-0.185776904,-0.153067842,0.241094589,0.235401183
13.675057326,0.177109942,0.187750444,-0.185275421,-0.152802348,0.240492806,0.234752178
13.680057066,0.176685125,0.187287301,-0.184797525,-0.152560443,0.239896894,0.234067798
13.685057655,0.176154152,0.186812356,-0.184307829,-0.152330354,0.239265621,0.233395204
13.690057310,0.175210163,0.185797572,-0.183322519,-0.151846558,0.237985313,0.231985122
13.695056783,0.174685046,0.185307875,-0.182844639,-0.151575163,0.237359941,0.231353834
13.700057852,0.173646659,0.184346169,-0.181835756,-0.151073664,0.235997066,0.229996845
13.705065454,0.173168764,0.183818147,-0.181322455,-0.150831774,0.235300854,0.229241654
13.710057763,0.172596470,0.183304846,-0.180844560,-0.150589883,0.234610572,0.228521854
13.715061985,0.172142178,0.182788610,-0.180343077,-0.150336176,0.233920291,0.227861062
13.720061684,0.171115607,0.181723684,-0.179369584,-0.149899572,0.232486606,0.226492301
13.725062325,0.170625925,0.181169078,-0.178879902,-0.149681285,0.231749102,0.225784302
13.730057791,0.170083120,0.180626288,-0.178384304,-0.149462998,0.231023401,0.225088105
13.735061916,0.169593424,0.180092335,-0.177871004,-0.149244696,0.230280012,0.224433228
13.740056987,0.169038832,0.179520056,-0.177393109,-0.148990989,0.229518920,0.223748818
13.745062171,0.167988643,0.178328261,-0.176401928,-0.148477703,0.227990836,0.222309247
13.750057932,0.167451739,0.177735329,-0.175918132,-0.148229897,0.227206156,0.221542254
13.755062444,0.166897148,0.177136481,-0.175428450,-0.147970304,0.226433277,0.220816568
13.760062504,0.166419253,0.176540583,-0.174950555,-0.147693008,0.225672185,0.220108569
13.765062104,0.165900066,0.175959438,-0.174466729,-0.147415712,0.224881604,0.219430074
13.770057379,0.164867580,0.174758807,-0.173457861,-0.146920115,0.223412499,0.218102604
13.775062756,0.164348394,0.174154073,-0.172997668,-0.146678224,0.222686827,0.217418194
13.780057267,0.163233295,0.172909200,-0.172006488,-0.146164924,0.221205935,0.215996310
13.785061986,0.162666902,0.172283784,-0.171516806,-0.145946622,0.220468432,0.215229332
13.790056831,0.162129998,0.171617091,-0.171021178,-0.145710632,0.219754562,0.214480042
13.795057147,0.161616728,0.170974001,-0.170555085,-0.145451039,0.219022959,0.213783845
13.800057500,0.161044434,0.170283705,-0.170035899,-0.145209149,0.218320876,0.213081762
13.805057692,0.159905747,0.168932632,-0.169050634,-0.144695848,0.216916680,0.211606771
13.810063131,0.159309864,0.168316081,-0.168637618,-0.144459844,0.216249987,0.210827991
13.815057679,0.158725768,0.167613983,-0.168142021,-0.144217953,0.215606898,0.210137695
13.820057258,0.158135757,0.166988596,-0.167658240,-0.143981963,0.214981526,0.209376603
13.825057876,0.156926289,0.165628672,-0.166761458,-0.143515855,0.213777930,0.207919329
13.830057339,0.156312674,0.165009171,-0.166301250,-0.143262178,0.213176146,0.207193643
13.835056981,0.155699104,0.164351329,-0.165953159,-0.143032074,0.212550730,0.206497446
13.840057597,0.154542714,0.163150698,-0.165032759,-0.142595470,0.211400256,0.205169961
13.845057148,0.153923213,0.162602007,-0.164478183,-0.142371267,0.210810259,0.204509169
13.850061106,0.153368607,0.161997259,-0.164124176,-0.142129377,0.210267469,0.203836575
13.855059309,0.152843535,0.161481023,-0.163675785,-0.141905189,0.209718794,0.203252479
13.860068774,0.151775658,0.160401344,-0.162796691,-0.141468585,0.208662674,0.201966301
13.865063694,0.151232854,0.159882128,-0.162395507,-0.141232580,0.208102182,0.201305509
13.870057796,0.150707737,0.159383595,-0.161905810,-0.140984803,0.207541719,0.200674221
13.875063787,0.150241673,0.158920467,-0.161469206,-0.140736997,0.207004815,0.200090110
13.880062463,0.149757862,0.158466160,-0.160979524,-0.140530497,0.206473812,0.199523732
13.885063321,0.148778468,0.157569379,-0.160088643,-0.140111610,0.205329224,0.198308349
13.890058100,0.148294687,0.157156378,-0.159634337,-0.139857903,0.204733342,0.197688848
13.895062711,0.147852182,0.156740427,-0.159174144,-0.139592409,0.204137444,0.197092950
13.900062172,0.147380218,0.156356931,-0.158713937,-0.139344618,0.203600541,0.196520656
13.905062468,0.146990791,0.155985236,-0.158259645,-0.139114529,0.203040048,0.195948362
13.910058557,0.146094009,0.155289039,-0.157374665,-0.138618916,0.201936781,0.194768399
13.915061896,0.145704627,0.154926196,-0.156955779,-0.138353437,0.201417565,0.194219694
13.920062452,0.144837335,0.154241800,-0.156094387,-0.137863725,0.200349689,0.193122312
13.925062819,0.144400731,0.153896675,-0.155681372,-0.137633651,0.199777395,0.192573622
13.930057520,0.144005433,0.153533831,-0.155262485,-0.137403548,0.199228704,0.192024916
13.935057648,0.143598348,0.153212279,-0.154837683,-0.137173444,0.198668197,0.191493928
13.940057183,0.142772347,0.152566239,-0.154011711,-0.136713237,0.197553143,0.190390646
13.945057892,0.142382964,0.152232885,-0.153575107,-0.136489064,0.196998537,0.189859658
13.950057867,0.141958177,0.151917219,-0.153173923,-0.136258960,0.196455732,0.189293265
13.955057562,0.141568780,0.151595697,-0.152766794,-0.136046559,0.195936561,0.188797653
13.960057448,0.141173467,0.151247591,-0.152359709,-0.135822356,0.195411444,0.188189983
13.965057084,0.140341595,0.150551409,-0.151551440,-0.135368064,0.194378957,0.187063083
13.970063072,0.139940381,0.150191516,-0.151162043,-0.135126173,0.193847984,0.186537996
13.975057768,0.139521495,0.149843410,-0.150760829,-0.134884268,0.193328768,0.185947984
13.980057423,0.139132097,0.149504170,-0.150383234,-0.134660080,0.192803696,0.185452402
13.985057656,0.138754502,0.149167866,-0.149999738,-0.134441778,0.192249089,0.184909612
13.990057372,0.137934402,0.148507088,-0.149179667,-0.133993387,0.191139892,0.183770925
13.995057097,0.137539119,0.148176685,-0.148813859,-0.133763283,0.190591231,0.183275327
14.000059697,0.137155622,0.147866935,-0.148400873,-0.133544981,0.190030724,0.182697132
14.005057677,0.136311933,0.147191405,-0.147592574,-0.133131996,0.188880250,0.181528956
14.010028742,0.135934338,0.146863952,-0.147191390,-0.132901892,0.188302055,0.180944860
14.015064778,0.135562629,0.146580756,-0.146807894,-0.132707193,0.187765151,0.180413857
14.020058340,0.135167345,0.146271020,-0.146418497,-0.132471204,0.187216446,0.179859281
14.025062914,0.134412155,0.145636767,-0.145610198,-0.132058203,0.186042368,0.178732395
14.030057822,0.133999169,0.145318180,-0.145185411,-0.131839901,0.185434669,0.178136483
14.035062098,0.133627459,0.144975975,-0.144784227,-0.131645218,0.184826985,0.177576005
14.040057282,0.133285284,0.144669175,-0.144400731,-0.131426916,0.184213400,0.176974207
14.045058274,0.132512376,0.144026101,-0.143592417,-0.131008014,0.182992116,0.175811931
14.050057721,0.132134780,0.143672094,-0.143232524,-0.130819216,0.182366714,0.175204232
14.055063233,0.131763101,0.143388897,-0.142831326,-0.130630419,0.181735441,0.174626037
14.060057122,0.131385505,0.143029004,-0.142430142,-0.130435735,0.181121826,0.174047858
14.065062574,0.131007910,0.142654359,-0.142028958,-0.130241036,0.180508241,0.173475564
14.070057827,0.130235031,0.141981766,-0.141208857,-0.129863441,0.179204360,0.172330976
14.075064020,0.129881024,0.141574666,-0.140807658,-0.129710034,0.178561255,0.171764582
14.080057178,0.129114032,0.140972883,-0.140017077,-0.129385546,0.177216068,0.170602292
14.085057459,0.128718749,0.140545130,-0.139592275,-0.129190847,0.176555276,0.169935599
14.090057743,0.128347039,0.140155733,-0.139202878,-0.129002050,0.175935805,0.169357404
14.095062161,0.127928138,0.139857799,-0.138819382,-0.128825039,0.175304502,0.168737903
14.100057196,0.127550542,0.139500856,-0.138418198,-0.128659844,0.174714521,0.168159723
14.105062582,0.126765847,0.138754517,-0.137627587,-0.128335357,0.173451930,0.166897133
14.110058012,0.126358762,0.138359219,-0.137202799,-0.128140658,0.172844231,0.166265845
14.115057312,0.125969380,0.137937367,-0.136825204,-0.127957761,0.172254235,0.165646344
14.120057406,0.125574082,0.137565672,-0.136447608,-0.127780765,0.171670154,0.165056363
14.125061987,0.125214174,0.137188077,-0.136046425,-0.127615556,0.171109661,0.164472267
14.130057756,0.124382280,0.136385679,-0.135261744,-0.127291068,0.169982761,0.163209677
14.135062182,0.123992890,0.135963827,-0.134872347,-0.127108172,0.169428170,0.162601978
14.140058275,0.123615295,0.135527253,-0.134459332,-0.126919374,0.168885395,0.161988392
14.145057374,0.122795202,0.134659946,-0.133704141,-0.126529977,0.167882398,0.160826117
14.150057113,0.122423515,0.134208620,-0.133291155,-0.126376569,0.167380899,0.160265610
14.155056971,0.122010514,0.133798569,-0.132901758,-0.126234978,0.166914806,0.159752324
14.160056986,0.121662423,0.133353114,-0.132494673,-0.126093388,0.166431010,0.159221321
14.165057818,0.120824628,0.132479936,-0.131674573,-0.125768885,0.165498823,0.158177033
14.170058394,0.120429337,0.132025644,-0.131273389,-0.125591889,0.165044516,0.157610640
14.175056822,0.120022237,0.131565452,-0.130883992,-0.125408992,0.164584354,0.157079652
14.180057397,0.119597442,0.131143600,-0.130488709,-0.125243783,0.164130047,0.156548664
14.185057712,0.118759662,0.130211413,-0.129727617,-0.124925196,0.163262770,0.155504376
14.190057460,0.118346661,0.129765972,-0.129332289,-0.124759994,0.162802562,0.154991075
14.195057616,0.117921866,0.129291028,-0.128942907,-0.124594800,0.162371859,0.154471889
14.200057613,0.117497072,0.128842622,-0.128565311,-0.124417804,0.161935285,0.153988093
14.205057145,0.117107674,0.128376529,-0.128205433,-0.124252602,0.161510468,0.153533801
14.210057707,0.116222680,0.127408952,-0.127450243,-0.123939909,0.160613686,0.152589813
14.215057821,0.115797885,0.126907468,-0.127102137,-0.123786509,0.160171181,0.152135521
14.220057571,0.114966005,0.125922173,-0.126358733,-0.123462014,0.159333393,0.151268229
14.225043819,0.114553005,0.125391170,-0.125987038,-0.123279117,0.158932209,0.150825739
14.230058634,0.114157714,0.124916226,-0.125627160,-0.123096220,0.158501521,0.150389150
14.235062576,0.113744713,0.124423586,-0.125267267,-0.122942820,0.158106238,0.149993852
14.240062413,0.113325834,0.123939782,-0.124919161,-0.122818917,0.157710910,0.149569049
14.245062445,0.112464428,0.122904353,-0.124199383,-0.122547522,0.156879038,0.148707673
14.250058187,0.112010144,0.122426458,-0.123868972,-0.122394130,0.156442434,0.148276970
14.255061766,0.111573547,0.121904314,-0.123550385,-0.122234829,0.155999929,0.147834465
14.260062168,0.111184157,0.121414617,-0.123225875,-0.122075528,0.155575156,0.147415578
14.265062614,0.110729858,0.120901331,-0.122895479,-0.121928036,0.155156270,0.147002593
14.270057797,0.109880261,0.119960286,-0.122234687,-0.121638939,0.154324368,0.146176592
14.275061756,0.109473176,0.119438149,-0.121862993,-0.121503234,0.153870076,0.145769507
14.280063029,0.109060176,0.119004503,-0.121538505,-0.121367544,0.153486580,0.145386010
14.285061886,0.108676679,0.118500054,-0.121231705,-0.121231839,0.153044075,0.144967109
14.290057458,0.107856594,0.117697671,-0.120511912,-0.120925039,0.152235791,0.144158825
14.295061928,0.107473105,0.117178477,-0.120252326,-0.120771646,0.151805088,0.143775329
14.300062942,0.106700197,0.116449833,-0.119485334,-0.120488450,0.151008606,0.142955244
14.305062549,0.106287219,0.116019130,-0.119149037,-0.120340951,0.150595620,0.142512739
14.310058650,0.105886012,0.115656294,-0.118936636,-0.120199353,0.150164917,0.142105639
14.315062359,0.105543822,0.115258053,-0.118559040,-0.120057762,0.149787322,0.141704455
14.320061864,0.105160326,0.114868656,-0.118175544,-0.119910255,0.149356633,0.141279668
14.325062401,0.104434639,0.114142954,-0.117561951,-0.119627059,0.148548335,0.140382871
14.330057240,0.104057044,0.113765366,-0.117113560,-0.119473666,0.148111761,0.139899075
14.335062386,0.103697136,0.113434970,-0.116794959,-0.119326167,0.147716433,0.139468387
14.340061835,0.103354946,0.113092773,-0.116564862,-0.119202271,0.147321150,0.139043584
14.345062758,0.103030443,0.112750575,-0.116116472,-0.119090170,0.146943554,0.138636485
14.350057724,0.102351956,0.112104535,-0.115555979,-0.118830569,0.146147072,0.137739688
14.355069588,0.102033362,0.111788884,-0.115196086,-0.118671268,0.145763576,0.137273595
14.360058348,0.101714775,0.111482099,-0.114842087,-0.118511975,0.145391881,0.136825204
14.365057027,0.101396173,0.111192994,-0.114523485,-0.118352681,0.144984782,0.136365011
14.370057639,0.100776680,0.110629559,-0.113892198,-0.118051782,0.144217804,0.135468230
14.375061874,0.100475788,0.110352263,-0.113550000,-0.117916085,0.143810689,0.135072932
14.380057365,0.100198492,0.110077910,-0.113231406,-0.117792189,0.143415391,0.134677634
14.385062005,0.099590793,0.109552823,-0.112523407,-0.117532581,0.142618909,0.133798555
14.390057550,0.099284001,0.109293222,-0.112175316,-0.117396891,0.142205924,0.133326560
14.395063169,0.099000804,0.109033622,-0.111850820,-0.117261194,0.141822428,0.132866368
14.400057335,0.098723508,0.108771078,-0.111526318,-0.117125496,0.141391724,0.132441565
14.405057540,0.098127604,0.108275488,-0.110841937,-0.116854094,0.140583456,0.131586075
14.410057633,0.097856224,0.108039491,-0.110523336,-0.116718397,0.140158638,0.131131783
14.415057502,0.097608425,0.107803494,-0.110192940,-0.116594501,0.139745653,0.130706996
14.420057001,0.097325228,0.107564546,-0.109850742,-0.116458803,0.139344469,0.130329400
14.425057773,0.097024322,0.107340351,-0.109532155,-0.116317198,0.138937354,0.129904598
14.430057906,0.096487433,0.106906697,-0.108853653,-0.116039902,0.138070062,0.129037321
14.435057853,0.096216030,0.106697246,-0.108517364,-0.115886509,0.137639388,0.128571212
14.440057422,0.095655553,0.106254764,-0.107886076,-0.115632817,0.136736676,0.127727523
14.445058146,0.095413640,0.106027611,-0.107543878,-0.115514815,0.136323690,0.127308622
14.450057973,0.095171742,0.105812266,-0.107225277,-0.115402713,0.135869399,0.126901537
14.455057604,0.094912156,0.105611674,-0.106947981,-0.115284719,0.135432810,0.126482636
14.460057337,0.094658464,0.105408117,-0.106623493,-0.115154922,0.135019794,0.126093253
14.465056895,0.094156966,0.104968578,-0.105980396,-0.114865825,0.134087607,0.125208259
14.470056991,0.093885563,0.104747333,-0.105703101,-0.114724219,0.133615613,0.124795265
14.475057227,0.093614176,0.104540825,-0.105366804,-0.114576727,0.133155435,0.124358661
14.480057393,0.093378179,0.104334339,-0.105060011,-0.114452824,0.132689342,0.123939775
14.485054112,0.093148075,0.104130790,-0.104800411,-0.114323027,0.132211447,0.123538576
14.490058693,0.092593476,0.103714839,-0.104234010,-0.114063427,0.131302848,0.122700796
14.495063334,0.092327990,0.103514247,-0.103933118,-0.113933638,0.130819052,0.122234695
14.500063038,0.092091992,0.103307754,-0.103703022,-0.113797933,0.130358860,0.121803999
14.505064194,0.091826491,0.103098303,-0.103431635,-0.113656342,0.129904553,0.121402800
14.510056915,0.091289602,0.102688253,-0.102906525,-0.113373138,0.128990084,0.120606318
14.515062212,0.091089010,0.102475852,-0.102682345,-0.113243341,0.128529891,0.120211013
14.520062089,0.090841196,0.102290004,-0.102452241,-0.113137141,0.128105104,0.119786218
14.525057431,0.090304308,0.101877011,-0.101909451,-0.112907045,0.127225995,0.118954338
14.530060640,0.090044722,0.101658717,-0.101667546,-0.112777248,0.126818910,0.118482344
14.535061792,0.089808717,0.101466969,-0.101461053,-0.112653345,0.126441315,0.118045747
14.540057083,0.089584522,0.101272270,-0.101230949,-0.112523556,0.126010627,0.117685847
14.545062043,0.089071222,0.100888774,-0.100729465,-0.112275749,0.125220016,0.116883457
14.550057803,0.088841125,0.100702927,-0.100493468,-0.112145960,0.124807037,0.116523564
14.555062425,0.088616937,0.100502327,-0.100286961,-0.112051561,0.124453031,0.116140075
14.560062381,0.088375039,0.100310579,-0.100080468,-0.111968957,0.124099053,0.115721174
14.565057295,0.088144943,0.100107029,-0.099832676,-0.111868665,0.123680145,0.115337677
14.570058388,0.087672949,0.099738285,-0.099372476,-0.111632660,0.122954465,0.114523493
14.575063404,0.087442845,0.099558346,-0.099160083,-0.111508757,0.122547366,0.114122294
14.580062166,0.087212749,0.099375457,-0.098959491,-0.111378968,0.122199275,0.113762401
14.585057204,0.086970851,0.099177793,-0.098741189,-0.111255065,0.121845268,0.113384806
14.590058444,0.086522460,0.098791346,-0.098280989,-0.110995471,0.121131375,0.112653211
14.595057648,0.086315952,0.098620251,-0.098080397,-0.110877469,0.120818689,0.112275615
14.600062179,0.086079955,0.098449156,-0.097897492,-0.110771269,0.120494187,0.111939318
14.605057663,0.085602060,0.098095164,-0.097449102,-0.110511675,0.119851090,0.111190036
14.610063434,0.085389674,0.097882763,-0.097183600,-0.110370077,0.119532503,0.110883236
14.615062324,0.085159570,0.097679213,-0.096953504,-0.110234380,0.119225703,0.110511541
14.620062754,0.084935375,0.097508118,-0.096747011,-0.110104576,0.118924811,0.110181138
14.625056966,0.084699377,0.097342923,-0.096540518,-0.109992482,0.118629813,0.109874345
14.630057108,0.084262781,0.096959420,-0.096074417,-0.109774187,0.118028015,0.109189957
14.635057388,0.084026784,0.096723422,-0.095856115,-0.109673887,0.117750719,0.108835958
14.640057319,0.083784886,0.096505135,-0.095643729,-0.109555885,0.117467523,0.108505562
14.645058153,0.083548889,0.096307486,-0.095425420,-0.109437883,0.117166631,0.108163372
14.650057696,0.083112299,0.095947586,-0.094988830,-0.109213695,0.116600238,0.107478976
14.655053506,0.082870401,0.095729291,-0.094770543,-0.109089792,0.116305239,0.107154481
14.660058464,0.082640305,0.095475599,-0.094575845,-0.108983591,0.116022043,0.106835887
14.665060314,0.082180120,0.095118649,-0.094156951,-0.108765297,0.115449749,0.106210493
14.670058735,0.081950016,0.094920993,-0.093962252,-0.108670898,0.115160659,0.105903700
14.675058412,0.081725821,0.094711557,-0.093743950,-0.108588301,0.114901051,0.105585098
14.680058057,0.081507511,0.094466709,-0.093549252,-0.108493902,0.114635564,0.105284207
14.685057776,0.081035525,0.094021268,-0.093112662,-0.108311005,0.114128165,0.104706012
14.690057834,0.080811329,0.093808874,-0.092870764,-0.108198904,0.113874473,0.104416914
14.695057657,0.080593035,0.093611211,-0.092681967,-0.108080909,0.113632575,0.104151420
14.700058215,0.080386534,0.093328014,-0.092463665,-0.107980609,0.113402478,0.103891820
14.705059199,0.080168240,0.093109727,-0.092274867,-0.107862607,0.113166481,0.103620425
14.710058168,0.079684444,0.092708528,-0.091850065,-0.107638419,0.112659082,0.103071734
14.715057821,0.079448447,0.092466630,-0.091614068,-0.107549913,0.112411283,0.102788538
14.720057132,0.079230145,0.092215881,-0.091425270,-0.107449614,0.112145796,0.102499440
14.725056888,0.079011850,0.091973990,-0.091236472,-0.107343413,0.111909799,0.102216244
14.730058174,0.078587055,0.091587543,-0.090805776,-0.107107416,0.111402400,0.101697050
14.735033533,0.078345157,0.091383994,-0.090616979,-0.106983513,0.111154608,0.101443350
14.740064704,0.078138657,0.091162741,-0.090392798,-0.106859624,0.110930406,0.101166055
14.745058176,0.077696167,0.090687796,-0.090026997,-0.106617726,0.110446617,0.100652762
14.750057517,0.077454276,0.090460658,-0.089802794,-0.106511526,0.110192925,0.100375466
14.755062478,0.077241875,0.090230562,-0.089596301,-0.106417127,0.109939218,0.100109965
14.760061746,0.077041276,0.089976862,-0.089377999,-0.106305033,0.109715030,0.099856272
14.765057695,0.076834783,0.089717269,-0.089153811,-0.106210634,0.109473117,0.099596679
14.770057434,0.076386385,0.089248225,-0.088752605,-0.106004134,0.108918533,0.099042088
14.775061958,0.076109089,0.089006327,-0.088552013,-0.105886132,0.108641237,0.098735288
14.780062078,0.075896688,0.088743776,-0.088351421,-0.105791733,0.108387545,0.098481588
14.785061780,0.075701989,0.088484183,-0.088133112,-0.105679631,0.108127937,0.098233797
14.790058185,0.075265400,0.087991536,-0.087761417,-0.105502635,0.107579254,0.097708702
14.795066652,0.075011700,0.087755546,-0.087566718,-0.105425939,0.107331462,0.097478606
14.800062056,0.074793406,0.087513641,-0.087372027,-0.105349243,0.107107259,0.097272106
14.805062569,0.074368611,0.087003306,-0.086988531,-0.105195843,0.106647059,0.096788310
14.810058360,0.074156210,0.086752549,-0.086805627,-0.105113246,0.106399268,0.096511014
14.815057358,0.073920213,0.086507708,-0.086599134,-0.105036542,0.106169164,0.096275017
14.820062342,0.073684216,0.086256966,-0.086416237,-0.104936242,0.105939068,0.096056715
14.825062056,0.073294826,0.085731864,-0.086056352,-0.104759246,0.105461173,0.095561124
14.830058393,0.073070630,0.085475221,-0.085873447,-0.104658946,0.105213381,0.095283829
14.835062545,0.072816931,0.085230373,-0.085684650,-0.104558647,0.104959689,0.095030129
14.840062081,0.072586827,0.084982574,-0.085478157,-0.104440652,0.104711890,0.094800033
14.845062171,0.072392136,0.084720030,-0.085289359,-0.104363948,0.104458183,0.094552241
14.850062925,0.071985036,0.084203780,-0.084899954,-0.104181051,0.103956699,0.094015345
14.855067222,0.071749039,0.083958939,-0.084687561,-0.104098454,0.103726603,0.093779348
14.860064361,0.071518943,0.083708197,-0.084510565,-0.104021758,0.103472911,0.093566954
14.865057258,0.071300648,0.083448589,-0.084321760,-0.103939161,0.103219204,0.093325049
14.870058450,0.071094155,0.083188996,-0.084103473,-0.103821158,0.102989100,0.093059555
14.875057572,0.070657551,0.082690455,-0.083719976,-0.103614658,0.102517106,0.092605263
14.880063658,0.070415661,0.082424954,-0.083531179,-0.103514358,0.102263413,0.092386961
14.885058034,0.069984965,0.081876263,-0.083165385,-0.103307866,0.101750121,0.091808774
14.890057545,0.069766670,0.081622571,-0.082952991,-0.103207566,0.101490527,0.091549173
14.895062438,0.069548368,0.081351168,-0.082758278,-0.103124969,0.101230919,0.091319077
14.900061591,0.069324173,0.081079766,-0.082581289,-0.103042372,0.100977227,0.091100782
14.905062244,0.069099978,0.080808371,-0.082380697,-0.102959767,0.100764841,0.090847082
14.910057247,0.068669282,0.080292135,-0.082020797,-0.102753274,0.100292847,0.090339690
14.915057612,0.068421483,0.080020741,-0.081826098,-0.102670677,0.100039139,0.090127289
14.920061639,0.068185493,0.079743445,-0.081631407,-0.102570377,0.099809051,0.089903101
14.925062116,0.067961290,0.079492688,-0.081442602,-0.102446474,0.099602543,0.089649402
14.930057907,0.067506999,0.078988254,-0.081076808,-0.102281280,0.099171855,0.089183308
14.935057128,0.067259200,0.078728653,-0.080893904,-0.102198675,0.098929957,0.088953212
14.940057445,0.067005500,0.078454308,-0.080716915,-0.102116078,0.098664470,0.088729009
14.945057463,0.066787206,0.078188814,-0.080534019,-0.102033481,0.098469757,0.088475317
14.950057951,0.066403709,0.077672571,-0.080156423,-0.101909585,0.098039061,0.087956123
14.955057436,0.066173613,0.077407070,-0.079985321,-0.101826981,0.097767673,0.087720126
14.960057258,0.065967113,0.077147476,-0.079808332,-0.101762086,0.097561166,0.087484121
14.965057530,0.065548219,0.076628283,-0.079454325,-0.101596884,0.097130477,0.086976737
14.970057703,0.065347619,0.076386385,-0.079283223,-0.101514287,0.096888579,0.086758435
14.975057490,0.065158822,0.076129735,-0.079112135,-0.101425789,0.096646681,0.086534239
14.980057351,0.064952329,0.075873084,-0.078952841,-0.101325490,0.096410684,0.086286440
14.985057512,0.064728126,0.075619385,-0.078781739,-0.101242892,0.096192397,0.086032741
14.990057404,0.064321034,0.075147390,-0.078463137,-0.101071790,0.095690899,0.085584350
14.995056995,0.064114541,0.074905500,-0.078303844,-0.100989193,0.095443100,0.085360155
15.000056911,0.063890338,0.074628204,-0.078126840,-0.100906596,0.095195308,0.085088760
15.005036405,0.063677944,0.074389264,-0.077961653,-0.100823998,0.094953410,0.084805563
15.010057834,0.063459642,0.074153259,-0.077772856,-0.100759096,0.094711520,0.084557764
15.015057838,0.063017145,0.073654711,-0.077418849,-0.100570299,0.094192319,0.084079869
15.020062492,0.062792957,0.073403969,-0.077235959,-0.100487702,0.093944512,0.083820269
15.025056751,0.062344559,0.072982125,-0.076864265,-0.100293003,0.093460724,0.083348282
15.030057047,0.062126264,0.072763830,-0.076699056,-0.100210406,0.093212925,0.083141781
15.035057007,0.061907966,0.072486535,-0.076533869,-0.100086503,0.092971034,0.082923487
15.040057124,0.061701465,0.072232835,-0.076374561,-0.100021608,0.092746831,0.082699284
15.045057341,0.061471373,0.072038144,-0.076203473,-0.099891812,0.092528544,0.082486883
15.050057331,0.061064273,0.071695939,-0.075843573,-0.099744312,0.092009343,0.082050294
15.055057019,0.060863677,0.071492389,-0.075666584,-0.099661708,0.091767453,0.081808396
15.060057348,0.060639486,0.071244597,-0.075513169,-0.099579111,0.091531456,0.081566505
15.065057288,0.060415283,0.071032196,-0.075365677,-0.099496514,0.091319047,0.081336401
15.070057042,0.059978690,0.070695907,-0.075064786,-0.099307716,0.090811662,0.080858506
15.075057161,0.059783995,0.070492357,-0.074899577,-0.099225119,0.090581566,0.080593012
15.080061714,0.059606992,0.070244551,-0.074722588,-0.099160217,0.090339668,0.080327518
15.085056237,0.059412297,0.070020363,-0.074563280,-0.099077620,0.090080060,0.080091521
15.090057462,0.059211701,0.069825664,-0.074409887,-0.098971419,0.089808680,0.079855524
15.095057280,0.058792803,0.069527715,-0.074114896,-0.098847523,0.089271776,0.079389423
15.100056779,0.058609903,0.069347769,-0.073961496,-0.098788522,0.089018084,0.079147533
15.105057013,0.058267713,0.068911172,-0.073613398,-0.098641023,0.088469379,0.078687340
15.110057299,0.058061212,0.068751879,-0.073436409,-0.098558426,0.088209793,0.078474939
15.115056749,0.057878319,0.068610281,-0.073277101,-0.098481730,0.087938391,0.078233041
15.120057131,0.057695419,0.068474583,-0.073135503,-0.098416828,0.087667003,0.077997044
15.125057519,0.057530221,0.068315282,-0.072993904,-0.098334223,0.087395601,0.077743344
15.130056375,0.057199825,0.067981943,-0.072663508,-0.098174930,0.086882308,0.077277258
15.135057273,0.057034623,0.067819692,-0.072474718,-0.098092332,0.086610906,0.077047154
15.140056772,0.056869425,0.067672193,-0.072321311,-0.098009735,0.086333618,0.076799363
15.145056676,0.056704227,0.067542404,-0.072185613,-0.097933032,0.086074017,0.076586962
15.150056761,0.056409236,0.067270994,-0.071931921,-0.097767837,0.085548922,0.076132670
15.155057134,0.056238137,0.067105800,-0.071813926,-0.097708836,0.085259825,0.075926170
15.160063015,0.056090642,0.066937655,-0.071636923,-0.097632140,0.084994331,0.075696073
15.165056909,0.055925444,0.066778347,-0.071448125,-0.097573139,0.084746540,0.075477779
15.170033833,0.055777937,0.066627905,-0.071282938,-0.097508237,0.084498733,0.075253583
15.175062129,0.055453446,0.066383064,-0.070987932,-0.097390242,0.083967745,0.074763887
15.180062089,0.055323645,0.066262111,-0.070864037,-0.097289942,0.083731748,0.074539691
15.185061999,0.055046353,0.065978914,-0.070622146,-0.097136542,0.083224356,0.074055895
15.190056825,0.054892950,0.065819614,-0.070474647,-0.097053945,0.082952954,0.073802203
15.195057685,0.054745454,0.065663263,-0.070297644,-0.096977249,0.082681559,0.073548503
15.200063265,0.054592058,0.065527566,-0.070108846,-0.096918240,0.082421966,0.073306605
15.205057658,0.054456357,0.065409571,-0.069961347,-0.096817948,0.082168266,0.073082402
15.210056860,0.054220360,0.065179467,-0.069672257,-0.096676350,0.081625476,0.072639912
15.215061557,0.054084659,0.065055571,-0.069554247,-0.096581951,0.081330478,0.072386213
15.220061224,0.053978465,0.064911023,-0.069430359,-0.096522950,0.081076786,0.072144315
15.225061685,0.053842764,0.064772382,-0.069265150,-0.096463948,0.080834880,0.071926020
15.230056672,0.053712968,0.064648479,-0.069029152,-0.096404955,0.080592982,0.071701817
15.235061496,0.053423874,0.064415433,-0.068710566,-0.096227951,0.080091491,0.071212128
15.240061919,0.053288173,0.064294487,-0.068545364,-0.096168950,0.079873197,0.070964336
15.245061085,0.053093478,0.064085037,-0.068344772,-0.095991954,0.079454295,0.070504136
15.250057509,0.052981377,0.063969985,-0.068197273,-0.095897555,0.079218306,0.070309438
15.255062100,0.052869275,0.063854933,-0.067990765,-0.095814958,0.078988209,0.070097044
15.260062575,0.052733582,0.063739896,-0.067825571,-0.095738262,0.078787602,0.069878750
15.265061706,0.052627381,0.063633695,-0.067701668,-0.095679261,0.078598812,0.069684051
15.270057130,0.052379586,0.063406542,-0.067477480,-0.095525861,0.078197621,0.069306456
15.275061219,0.052249786,0.063288540,-0.067359477,-0.095466867,0.077979319,0.069105856
15.280061458,0.052137692,0.063161701,-0.067211978,-0.095407858,0.077749223,0.068899363
15.285060919,0.052025590,0.063061401,-0.067058586,-0.095331162,0.077554524,0.068716459
15.290056769,0.051807292,0.062837206,-0.066751778,-0.095230862,0.077171035,0.068309367
15.295062267,0.051671594,0.062713310,-0.066610180,-0.095154166,0.076946832,0.068079263
15.300061178,0.051565398,0.062598258,-0.066480398,-0.095077470,0.076728538,0.067872770
15.305061796,0.051429696,0.062468462,-0.066362388,-0.095000766,0.076527938,0.067660376
15.310057586,0.051299896,0.062347509,-0.066238500,-0.094941765,0.076362744,0.067430273
15.315061682,0.051057998,0.062126257,-0.066008396,-0.094764769,0.076032348,0.067023180
15.320061901,0.050951805,0.062014163,-0.065890394,-0.094688073,0.075855345,0.066828489
15.325061425,0.050715804,0.061781112,-0.065589502,-0.094534673,0.075471848,0.066397794
15.330056686,0.050609604,0.061669014,-0.065442003,-0.094457977,0.075283051,0.066220790
15.335061517,0.050479807,0.061551016,-0.065300405,-0.094398975,0.075111955,0.066043794
15.340057256,0.050373614,0.061435975,-0.065170601,-0.094322279,0.074952655,0.065872699
15.345061951,0.050243810,0.061335668,-0.065034904,-0.094263278,0.074787453,0.065695696
15.350056848,0.050013710,0.061143920,-0.064734012,-0.094133481,0.074427560,0.065300405
15.355061677,0.049883917,0.061049528,-0.064568818,-0.094074480,0.074244671,0.065123402
15.360063258,0.049777720,0.060978726,-0.064415410,-0.093997784,0.074061766,0.064952306
15.365058000,0.049677417,0.060890228,-0.064279713,-0.093921080,0.073896572,0.064751714
15.370057277,0.049571220,0.060804680,-0.064144023,-0.093844384,0.073743172,0.064557008
15.375056593,0.049305726,0.060624730,-0.063890316,-0.093690984,0.073424578,0.064120419
15.380057207,0.049181819,0.060533278,-0.063754618,-0.093596585,0.073259376,0.063902125
15.385056787,0.049057923,0.060430035,-0.063624829,-0.093519889,0.073088281,0.063731022
15.390056532,0.048916325,0.060347438,-0.063500926,-0.093443185,0.072917186,0.063583530
15.395057245,0.048692130,0.060173389,-0.063241333,-0.093289793,0.072610386,0.063217729
15.400057171,0.048574131,0.060076039,-0.063123330,-0.093230791,0.072474688,0.063046634
15.405056791,0.048473835,0.059996385,-0.063005336,-0.093177691,0.072327189,0.062916838
15.410057025,0.048231941,0.059834141,-0.062763445,-0.093041994,0.072055794,0.062621832
15.415057047,0.048113942,0.059748590,-0.062633641,-0.092988893,0.071908295,0.062450740
15.420056780,0.047972340,0.059674844,-0.062515631,-0.092912197,0.071760796,0.062285542
15.425053944,0.047854342,0.059589297,-0.062391743,-0.092853196,0.071619198,0.062138043
15.430057905,0.047636047,0.059421144,-0.062149849,-0.092723399,0.071330100,0.061825350
15.435057305,0.047541648,0.059335597,-0.062031843,-0.092652597,0.071182601,0.061654251
15.440057433,0.047423650,0.059247091,-0.061913848,-0.092575900,0.071029209,0.061512653
15.445056439,0.047341045,0.059158601,-0.061795842,-0.092522800,0.070899405,0.061323855
15.450057025,0.047223046,0.059070103,-0.061677851,-0.092446104,0.070763707,0.061158657
15.455057106,0.046975255,0.058887206,-0.061441854,-0.092298605,0.070492312,0.060804661
15.460061975,0.046857253,0.058789849,-0.061323848,-0.092245504,0.070350714,0.060639463
15.465057110,0.046627156,0.058598101,-0.061070155,-0.092133403,0.070079319,0.060291365
15.470058040,0.046526857,0.058491908,-0.060963962,-0.092080310,0.069943622,0.060149767
15.475058003,0.046414755,0.058394559,-0.060857765,-0.092027202,0.069807917,0.059966873
15.480062078,0.046320356,0.058288358,-0.060763367,-0.091991805,0.069689922,0.059825275
15.485057439,0.046243660,0.058188062,-0.060645360,-0.091915108,0.069566019,0.059707277
15.490058107,0.046054862,0.057993367,-0.060421158,-0.091808908,0.069312334,0.059447676
15.495056966,0.045919161,0.057904869,-0.060303167,-0.091738112,0.069176629,0.059288379
15.500061599,0.045807067,0.057831116,-0.060185175,-0.091702715,0.069046825,0.059129085
15.505057316,0.045694966,0.057751462,-0.060073067,-0.091614217,0.068911135,0.058975682
15.510056957,0.045458969,0.057612818,-0.059860677,-0.091513909,0.068657435,0.058668885
15.515057257,0.045352776,0.057533167,-0.059766278,-0.091443114,0.068521738,0.058533192
15.520062012,0.045240674,0.057444669,-0.059671879,-0.091372311,0.068409644,0.058397491
15.525062721,0.045152172,0.057362068,-0.059577480,-0.091319218,0.068285733,0.058285389
15.530057966,0.045045976,0.057276517,-0.059477184,-0.091254316,0.068161838,0.058155596
15.535057324,0.044833578,0.057102472,-0.059282485,-0.091118619,0.067896344,0.057825200
15.540060524,0.044715580,0.057005122,-0.059188087,-0.091065519,0.067766547,0.057677701
15.545057522,0.044509079,0.056831077,-0.058969785,-0.090947524,0.067512847,0.057412200
15.550057098,0.044373389,0.056733727,-0.058857691,-0.090894416,0.067377150,0.057306003
15.555057226,0.044273082,0.056657027,-0.058757395,-0.090847224,0.067270957,0.057182107
15.560057174,0.044172786,0.056586232,-0.058639389,-0.090782322,0.067129359,0.057075903
15.565056768,0.044078387,0.056515433,-0.058550887,-0.090729222,0.067005455,0.056940209
15.570056554,0.043883689,0.056362037,-0.058350291,-0.090599425,0.066710457,0.056651108
15.575057274,0.043753896,0.056279436,-0.058244098,-0.090552226,0.066598363,0.056515414
15.580064727,0.043659497,0.056202732,-0.058161493,-0.090487324,0.066450857,0.056385614
15.585057908,0.043565098,0.056126032,-0.058055297,-0.090422422,0.066326961,0.056267615
15.590057913,0.043470699,0.056049339,-0.057960898,-0.090363428,0.066208966,0.056173213
15.595057191,0.043240599,0.055869389,-0.057754394,-0.090233631,0.065961167,0.055960815
15.600063500,0.043152098,0.055786796,-0.057642300,-0.090174630,0.065819569,0.055831023
15.605057378,0.043045901,0.055695340,-0.057530206,-0.090109728,0.065689772,0.055707123
15.610056961,0.042957403,0.055595048,-0.057429910,-0.090033032,0.065559976,0.055565525
15.615057627,0.042768601,0.055438690,-0.057217501,-0.089938633,0.065312177,0.055317726
15.620062883,0.042680103,0.055370845,-0.057111308,-0.089879632,0.065194182,0.055193827
15.625057637,0.042579804,0.055297095,-0.057005111,-0.089832433,0.065087982,0.055069931
15.630057047,0.042379212,0.055146649,-0.056786809,-0.089755736,0.064828381,0.054816231
15.635057032,0.042273007,0.055055201,-0.056662917,-0.089696735,0.064704485,0.054680537
15.640062129,0.042172711,0.054975551,-0.056550812,-0.089649536,0.064568780,0.054550737
15.645056919,0.042066514,0.054892950,-0.056450512,-0.089608237,0.064438991,0.054415043
15.650056801,0.041848220,0.054727755,-0.056232225,-0.089502037,0.064161688,0.054173138
15.655056829,0.041753821,0.054639257,-0.056131914,-0.089460738,0.064014196,0.054061048
15.660062136,0.041665319,0.054530103,-0.056025717,-0.089401737,0.063896194,0.053948946
15.665057244,0.041559115,0.054456353,-0.055925421,-0.089354537,0.063778192,0.053830948
15.670057952,0.041458819,0.054350160,-0.055819225,-0.089283742,0.063677900,0.053707048
15.675057784,0.041240525,0.054182008,-0.055618633,-0.089165740,0.063400596,0.053447451
15.680062361,0.041146126,0.054093510,-0.055512421,-0.089094944,0.063264906,0.053311750
15.685062297,0.041045826,0.054010913,-0.055400327,-0.089053646,0.063123308,0.053181957
15.690057289,0.040839326,0.053851612,-0.055223327,-0.088912047,0.062869608,0.052957758
15.695056892,0.040756732,0.053766064,-0.055128928,-0.088870749,0.062763415,0.052839760
15.700062727,0.040674128,0.053701166,-0.055052236,-0.088829443,0.062651314,0.052751258
15.705067047,0.040591534,0.053615615,-0.054951940,-0.088758647,0.062527418,0.052650962
15.710057321,0.040408634,0.053482872,-0.054774936,-0.088693745,0.062303212,0.052391365
15.715056384,0.040320132,0.053409122,-0.054674640,-0.088652447,0.062191121,0.052243866
15.720056410,0.040213939,0.053329468,-0.054592036,-0.088611148,0.062079020,0.052102268
15.725062559,0.040137239,0.053267516,-0.054497637,-0.088569850,0.061966918,0.051984269
15.730057412,0.040036935,0.053202622,-0.054397341,-0.088540353,0.061854817,0.051872171
15.735057715,0.039842241,0.053063974,-0.054196745,-0.088451847,0.061648324,0.051659774
15.740057342,0.039747838,0.052996121,-0.054108247,-0.088410549,0.061536223,0.051535875
15.745100031,0.039659347,0.052934173,-0.054025643,-0.088369250,0.061424125,0.051417876
15.750057354,0.039511841,0.052798480,-0.053854555,-0.088274851,0.061199930,0.051134683
15.755056587,0.039441042,0.052718833,-0.053771950,-0.088239454,0.061064228,0.050998982
15.760057464,0.039382048,0.052648030,-0.053701144,-0.088186353,0.060934432,0.050869182
15.765061303,0.039299451,0.052597880,-0.053594947,-0.088145055,0.060798734,0.050762985
15.770057055,0.039216850,0.052527081,-0.053512346,-0.088080153,0.060668938,0.050668586
15.775056982,0.039057549,0.052391384,-0.053317651,-0.087950356,0.060403436,0.050491590
15.780063989,0.038974952,0.052326486,-0.053211454,-0.087885454,0.060291342,0.050403088
15.785056768,0.038874656,0.052249789,-0.053105257,-0.087838262,0.060137939,0.050302792
15.790057550,0.038679957,0.052128840,-0.052892853,-0.087720260,0.059907846,0.050078593
15.795057625,0.038585559,0.052046239,-0.052786659,-0.087673061,0.059778046,0.049954697
15.800057107,0.038514759,0.051963635,-0.052698158,-0.087608159,0.059642345,0.049836699
15.805056529,0.038432159,0.051895790,-0.052603759,-0.087560959,0.059506651,0.049736395
15.810056724,0.038361359,0.051819086,-0.052497562,-0.087507859,0.059394550,0.049636099
15.815057752,0.038225658,0.051665694,-0.052296970,-0.087425262,0.059164450,0.049453199
15.820057293,0.038137164,0.051609643,-0.052202571,-0.087360367,0.059064154,0.049376503
15.825056776,0.038066365,0.051544741,-0.052096374,-0.087313168,0.058969755,0.049293902
15.830057376,0.037989669,0.051473945,-0.051984265,-0.087265968,0.058869459,0.049199503
15.835056744,0.037806768,0.051344149,-0.051777773,-0.087153867,0.058615759,0.048963506
15.840056945,0.037730072,0.051285148,-0.051683374,-0.087118469,0.058515459,0.048839610
15.845056949,0.037629765,0.051234990,-0.051583078,-0.087071270,0.058391564,0.048715711
15.850057223,0.037440967,0.051096350,-0.051435582,-0.086941466,0.058173269,0.048467916
15.855056616,0.037364271,0.051043246,-0.051352978,-0.086894274,0.058072969,0.048361715
15.860060234,0.037293471,0.050966553,-0.051258579,-0.086823471,0.057966769,0.048267316
15.865058190,0.037222672,0.050892800,-0.051181875,-0.086764470,0.057866469,0.048167016
15.870057049,0.037145972,0.050804302,-0.051081575,-0.086693674,0.057783868,0.048066720
15.875057446,0.036968980,0.050627306,-0.050910488,-0.086569771,0.057536073,0.047801223
15.880057218,0.036892276,0.050541755,-0.050810192,-0.086516678,0.057412177,0.047665522
15.885057016,0.036809679,0.050459154,-0.050727587,-0.086469471,0.057264682,0.047529824
15.890056457,0.036644481,0.050288059,-0.050550584,-0.086392775,0.057016879,0.047299732
15.895056307,0.036561884,0.050217263,-0.050467983,-0.086339675,0.056910682,0.047193531
15.900057129,0.036473386,0.050146461,-0.050385393,-0.086304277,0.056804482,0.047087330
15.905066531,0.036390781,0.050075661,-0.050285097,-0.086268879,0.056698285,0.046992932
15.910058710,0.036302287,0.050004862,-0.050184801,-0.086239383,0.056568485,0.046886735
15.915058693,0.036225583,0.049937010,-0.050102197,-0.086203977,0.056444585,0.046768736
15.920057457,0.036083985,0.049789511,-0.049919296,-0.086139083,0.056208588,0.046526838
15.925062511,0.036019091,0.049727567,-0.049819000,-0.086109579,0.056102395,0.046420641
15.930057550,0.035871595,0.049553521,-0.049612507,-0.086032882,0.055866394,0.046214141
15.935056589,0.035806693,0.049467970,-0.049529906,-0.086003378,0.055783793,0.046119742
15.940062267,0.035724089,0.049373571,-0.049405999,-0.085985683,0.055695299,0.046025347
15.945061720,0.035659194,0.049308669,-0.049317498,-0.085938483,0.055612694,0.045936845
15.950056950,0.035588395,0.049231969,-0.049234912,-0.085920781,0.055482902,0.045848347
15.955056776,0.035423197,0.049075626,-0.049028404,-0.085849985,0.055270504,0.045641847
15.960061564,0.035334699,0.049007773,-0.048945814,-0.085814580,0.055164300,0.045523848
15.965062433,0.035252102,0.048942871,-0.048857316,-0.085773282,0.055034507,0.045394056
15.970057365,0.035151798,0.048877977,-0.048757017,-0.085743785,0.054934207,0.045264255
15.975056762,0.034992505,0.048736379,-0.048562307,-0.085655287,0.054739513,0.045010556
15.980057844,0.034909900,0.048662625,-0.048438419,-0.085602187,0.054633308,0.044892557
15.985062510,0.034827307,0.048577085,-0.048349917,-0.085560888,0.054533012,0.044786356
15.990056909,0.034650303,0.048391230,-0.048184726,-0.085472390,0.054320615,0.044562165
15.995056799,0.034555905,0.048299782,-0.048078515,-0.085431091,0.054220319,0.044438262
16.000057067,0.034467410,0.048217185,-0.047990013,-0.085395686,0.054096419,0.044302568
16.005062301,0.034384809,0.048137531,-0.047907427,-0.085366189,0.053990219,0.044160966
16.010057821,0.034296308,0.048060838,-0.047818925,-0.085330792,0.053866319,0.044025272
16.015057536,0.034113415,0.047922187,-0.047653720,-0.085277691,0.053665727,0.043795172
16.020062644,0.034024913,0.047851391,-0.047565233,-0.085248187,0.053541820,0.043688972
16.025057169,0.033936411,0.047777642,-0.047482628,-0.085230492,0.053441525,0.043582775
16.030057568,0.033794813,0.047662593,-0.047287934,-0.085189193,0.053223230,0.043382179
16.035057353,0.033724014,0.047588840,-0.047228925,-0.085171491,0.053105231,0.043270078
16.040056651,0.033647317,0.047494441,-0.047140438,-0.085153796,0.052963629,0.043163881
16.045056922,0.033570621,0.047414795,-0.047075529,-0.085136093,0.052869231,0.043045878
16.050056884,0.033488017,0.047317445,-0.047016531,-0.085112497,0.052768935,0.042927880
16.055056801,0.033316921,0.047128648,-0.046863139,-0.085088894,0.052609634,0.042715486
16.060056786,0.033240221,0.047057845,-0.046780534,-0.085059389,0.052532937,0.042632889
16.065057248,0.033157628,0.046984099,-0.046715640,-0.085041694,0.052456241,0.042556185
16.070056888,0.033075023,0.046919204,-0.046633039,-0.085029893,0.052355941,0.042485386
16.075057299,0.032892123,0.046792351,-0.046485543,-0.084982693,0.052161239,0.042320188
16.080057324,0.032809529,0.046727452,-0.046397042,-0.084959097,0.052078642,0.042225789
16.085056685,0.032732833,0.046659604,-0.046338044,-0.084941395,0.051960643,0.042131394
16.090056981,0.032597132,0.046494409,-0.046166942,-0.084882393,0.051748246,0.041936696
16.095056909,0.032526333,0.046402961,-0.046084337,-0.084858797,0.051647950,0.041830495
16.100057340,0.032449633,0.046308555,-0.045995850,-0.084829301,0.051565345,0.041718397
16.105056476,0.032372937,0.046202362,-0.045913249,-0.084793895,0.051506352,0.041612200
16.110029699,0.032302137,0.046105012,-0.045848340,-0.084752597,0.051429652,0.041500099
16.115058887,0.032142837,0.045895562,-0.045659557,-0.084670000,0.051270355,0.041311305
16.120056797,0.032066140,0.045810018,-0.045576952,-0.084628701,0.051152352,0.041211005
16.125062457,0.031989444,0.045739215,-0.045494352,-0.084587395,0.051069751,0.041104805
16.130057278,0.031824242,0.045585819,-0.045305554,-0.084493004,0.050857361,0.040874708
16.135057495,0.031735744,0.045506168,-0.045199357,-0.084451705,0.050733455,0.040750813
16.140062156,0.031659044,0.045429472,-0.045134448,-0.084404498,0.050639056,0.040626910
16.145057208,0.031576443,0.045343921,-0.045028254,-0.084357306,0.050556462,0.040491216
16.150058219,0.031499743,0.045258377,-0.044945665,-0.084321901,0.050479766,0.040373214
16.155062686,0.031423047,0.045143329,-0.044863064,-0.084292404,0.050420761,0.040261116
16.160056897,0.031269647,0.044936828,-0.044691958,-0.084215701,0.050261468,0.040042818
16.165057336,0.031192949,0.044866025,-0.044609357,-0.084174402,0.050184764,0.039942522
16.170057909,0.031116251,0.044801127,-0.044526767,-0.084144905,0.050102167,0.039836321
16.175057774,0.030968754,0.044680178,-0.044355664,-0.084080003,0.049889769,0.039623924
16.180057081,0.030897954,0.044597581,-0.044273060,-0.084050506,0.049754068,0.039511822
16.185062036,0.030827155,0.044541534,-0.044184573,-0.084009208,0.049636070,0.039393827
16.190057228,0.030673753,0.044391077,-0.044037063,-0.083950207,0.049423672,0.039175529
16.195061771,0.030597055,0.044320282,-0.043954477,-0.083920710,0.049346976,0.039081130
16.200061241,0.030520359,0.044243589,-0.043889567,-0.083897106,0.049270276,0.039004434
16.205061644,0.030449560,0.044163935,-0.043801066,-0.083867610,0.049217179,0.038933635
16.210057046,0.030378759,0.044081338,-0.043736171,-0.083844006,0.049140476,0.038851034
16.215047331,0.030237161,0.043910235,-0.043612283,-0.083773211,0.048969381,0.038674034
16.220058215,0.030160464,0.043827638,-0.043547373,-0.083755508,0.048874978,0.038579635
16.225062005,0.030089665,0.043739140,-0.043482479,-0.083714209,0.048762888,0.038485236
16.230056998,0.029948065,0.043588694,-0.043352678,-0.083649307,0.048520982,0.038284641
16.235061365,0.029871369,0.043529697,-0.043270074,-0.083619811,0.048408888,0.038184341
16.240056556,0.029794663,0.043473639,-0.043222874,-0.083590314,0.048302688,0.038078144
16.245062047,0.029723864,0.043417595,-0.043140288,-0.083554909,0.048208289,0.037983745
16.250057247,0.029653065,0.043361548,-0.043051787,-0.083519511,0.048119795,0.037895247
16.255061573,0.029576367,0.043308452,-0.042986877,-0.083484113,0.048031293,0.037818547
16.260056806,0.029405272,0.043187492,-0.042839382,-0.083413318,0.047854293,0.037665147
16.265061119,0.029328573,0.043113746,-0.042774487,-0.083377913,0.047748096,0.037582546
16.270057666,0.029181076,0.042978048,-0.042626988,-0.083301216,0.047535699,0.037393752
16.275062586,0.029116176,0.042901352,-0.042538490,-0.083259918,0.047417700,0.037287556
16.280057359,0.029051274,0.042801052,-0.042497188,-0.083230413,0.047299702,0.037181355
16.285061666,0.028992279,0.042724349,-0.042408686,-0.083195016,0.047193505,0.037075158
16.290057837,0.028939174,0.042626999,-0.042349692,-0.083159618,0.047093209,0.036957156
16.295061876,0.028838877,0.042447053,-0.042196296,-0.083106518,0.046928011,0.036732960
16.300056989,0.028791677,0.042367414,-0.042113692,-0.083071120,0.046845406,0.036644462
16.305062017,0.028744478,0.042287759,-0.042048801,-0.083053418,0.046751007,0.036561862
16.310057384,0.028691379,0.042222865,-0.041966196,-0.083023921,0.046668410,0.036479264
16.315061794,0.028579280,0.042051759,-0.041818701,-0.082988515,0.046473708,0.036302265
16.320056573,0.028514385,0.041960306,-0.041730199,-0.082970820,0.046361614,0.036207866
16.325061761,0.028449483,0.041874759,-0.041647594,-0.082953118,0.046249513,0.036107570
16.330057384,0.028313784,0.041685969,-0.041500099,-0.082935423,0.046060715,0.035912871
16.335061790,0.028237086,0.041579768,-0.041441102,-0.082917720,0.045972217,0.035800774
16.340056713,0.028160390,0.041482419,-0.041376211,-0.082905918,0.045907322,0.035700470
16.345062138,0.028077785,0.041396867,-0.041311301,-0.082900017,0.045818821,0.035611976
16.350057577,0.027995190,0.041305415,-0.041252304,-0.082894124,0.045742124,0.035529375
16.355061898,0.027841788,0.041140229,-0.041128401,-0.082864620,0.045571025,0.035399575
16.360056910,0.027770989,0.041060574,-0.041063506,-0.082846925,0.045470722,0.035328776
16.365066808,0.027706094,0.040983878,-0.040986802,-0.082841024,0.045376323,0.035275679
16.370057739,0.027582191,0.040833425,-0.040862914,-0.082811520,0.045169830,0.035151780
16.375057640,0.027517296,0.040750824,-0.040780310,-0.082799718,0.045069534,0.035075080
16.380062344,0.027458293,0.040677078,-0.040721312,-0.082776122,0.044981033,0.035010181
16.385061827,0.027393401,0.040603332,-0.040656406,-0.082758419,0.044898428,0.034945283
16.390057262,0.027334396,0.040520728,-0.040597409,-0.082734823,0.044821732,0.034862682
16.395062682,0.027269496,0.040449928,-0.040514808,-0.082717121,0.044750933,0.034774184
16.400062079,0.027127897,0.040287685,-0.040379122,-0.082658127,0.044585735,0.034597188
16.405061758,0.027051199,0.040216882,-0.040314212,-0.082628623,0.044497233,0.034502789
16.410057143,0.026980400,0.040146086,-0.040278822,-0.082593225,0.044414639,0.034414288
16.415062472,0.026827006,0.039998591,-0.040160816,-0.082522422,0.044219941,0.034249093
16.420061846,0.026756207,0.039913040,-0.040095925,-0.082492925,0.044107839,0.034166493
16.425061394,0.026685407,0.039842241,-0.040036913,-0.082451627,0.044013441,0.034107495
16.430057480,0.026626404,0.039771445,-0.039977916,-0.082416229,0.043919042,0.034042593
16.435061672,0.026502507,0.039632790,-0.039883517,-0.082345426,0.043730244,0.033895098
16.440061361,0.026437605,0.039561991,-0.039824523,-0.082315929,0.043677147,0.033818394
16.445062335,0.026378609,0.039494142,-0.039765526,-0.082286425,0.043588646,0.033735797
16.450057786,0.026313709,0.039426297,-0.039724227,-0.082256928,0.043517847,0.033653196
16.455061380,0.026183913,0.039284691,-0.039588526,-0.082203828,0.043346751,0.033452604
16.460062047,0.026113113,0.039205052,-0.039535426,-0.082168430,0.043270051,0.033352301
16.465062434,0.026048213,0.039122447,-0.039476432,-0.082144827,0.043169755,0.033252005
16.470057312,0.025900716,0.038966097,-0.039340731,-0.082103528,0.042963255,0.033069104
16.475061005,0.025829917,0.038886450,-0.039287634,-0.082079932,0.042874753,0.032986507
16.480061773,0.025759118,0.038800903,-0.039210927,-0.082056329,0.042780355,0.032909807
16.485061488,0.025688319,0.038712405,-0.039151933,-0.082038634,0.042703658,0.032833111
16.490057013,0.025617519,0.038620956,-0.039098836,-0.082020931,0.042632859,0.032756411
16.495061667,0.025552617,0.038541310,-0.039022129,-0.082009129,0.042556163,0.032673810
16.500061877,0.025434619,0.038358409,-0.038910035,-0.081973732,0.042426366,0.032502715
16.505061140,0.025381520,0.038269904,-0.038833331,-0.081967831,0.042355567,0.032396514
16.510057744,0.025328424,0.038181409,-0.038797930,-0.081950128,0.042284768,0.032308012
16.515062222,0.025228126,0.038007364,-0.038668141,-0.081932433,0.042084165,0.032142818
16.520061355,0.025175022,0.037921816,-0.038615044,-0.081920631,0.041983869,0.032036621
16.525061460,0.025127823,0.037830368,-0.038561933,-0.081920631,0.041859973,0.031959917
16.530056947,0.025080621,0.037750714,-0.038491137,-0.081914730,0.041718371,0.031883221
16.535061664,0.025027525,0.037659265,-0.038438041,-0.081908830,0.041600373,0.031812422
16.540061304,0.024927227,0.037491120,-0.038331848,-0.081902936,0.041405678,0.031676721
16.545061322,0.024868231,0.037420325,-0.038261041,-0.081902936,0.041311279,0.031611823
16.550057604,0.024809228,0.037340671,-0.038207941,-0.081897035,0.041228674,0.031558726
16.555061599,0.024673527,0.037196122,-0.038084038,-0.081879333,0.041051682,0.031411227
16.560061038,0.024602728,0.037131228,-0.038019143,-0.081873432,0.040951382,0.031322729
16.565061079,0.024537835,0.037063375,-0.037966046,-0.081867531,0.040851079,0.031257827
16.570056785,0.024408033,0.036951274,-0.037848055,-0.081855737,0.040626884,0.031104429
16.575062416,0.024349036,0.036889326,-0.037777249,-0.081849836,0.040491186,0.031027732
16.580061481,0.024290033,0.036830328,-0.037730049,-0.081849836,0.040384989,0.030945132
16.585061531,0.024248740,0.036768377,-0.037665155,-0.081838034,0.040284693,0.030886132
16.590057642,0.024201540,0.036709376,-0.037612058,-0.081838034,0.040190294,0.030815333
16.595061536,0.024154341,0.036644481,-0.037529454,-0.081826232,0.040107690,0.030744534
16.600061366,0.024059942,0.036505833,-0.037435055,-0.081808537,0.039942492,0.030591136
16.605061740,0.024012743,0.036429130,-0.037370145,-0.081802636,0.039853998,0.030520337
16.610057405,0.023912437,0.036272779,-0.037240360,-0.081779033,0.039665200,0.030378738
16.615061085,0.023847543,0.036190186,-0.037181363,-0.081767231,0.039576698,0.030302040
16.620061246,0.023788540,0.036110539,-0.037116453,-0.081755437,0.039476402,0.030213542
16.625061863,0.023735443,0.036039732,-0.037051558,-0.081743635,0.039382003,0.030136842
16.630057157,0.023664644,0.035971887,-0.036992565,-0.081725933,0.039287604,0.030048344
16.635061718,0.023599742,0.035912886,-0.036909960,-0.081708238,0.039216805,0.029971644
16.640061829,0.023464048,0.035803743,-0.036803767,-0.081661038,0.039075207,0.029806444
16.645062096,0.023393249,0.035759486,-0.036738858,-0.081631534,0.039022107,0.029735645
16.650057086,0.023316545,0.035694592,-0.036656257,-0.081607938,0.038957208,0.029653050
16.655061864,0.023180852,0.035588391,-0.036532365,-0.081537135,0.038833309,0.029523252
16.660061442,0.023115950,0.035532348,-0.036485165,-0.081507638,0.038762510,0.029464252
16.665061203,0.023056947,0.035467442,-0.036426172,-0.081472240,0.038691711,0.029405253
16.670057844,0.023003850,0.035405494,-0.036361262,-0.081436843,0.038620912,0.029328551
16.675066075,0.022891756,0.035266854,-0.036237370,-0.081366040,0.038461611,0.029216455
16.680057002,0.022832753,0.035181299,-0.036160666,-0.081330642,0.038379017,0.029169256
16.685056945,0.022773758,0.035092797,-0.036125265,-0.081295237,0.038290516,0.029092554
16.690057708,0.022714755,0.035016097,-0.036078066,-0.081253938,0.038196117,0.029027656
16.695061778,0.022655759,0.034933504,-0.036019068,-0.081212640,0.038113512,0.028950959
16.700056719,0.022525957,0.034786001,-0.035924669,-0.081135944,0.037954219,0.028797561
16.705056764,0.022466959,0.034727000,-0.035859775,-0.081082843,0.037865721,0.028732659
16.710057548,0.022402059,0.034659155,-0.035812575,-0.081041545,0.037789021,0.028650060
16.715057253,0.022272265,0.034523457,-0.035706382,-0.080958948,0.037617926,0.028532062
16.720057252,0.022213262,0.034458555,-0.035670977,-0.080923542,0.037517622,0.028461263
16.725057497,0.022148360,0.034381859,-0.035623778,-0.080882244,0.037429128,0.028396364
16.730057794,0.022089364,0.034322858,-0.035576578,-0.080852747,0.037328824,0.028337365
16.735056921,0.021977263,0.034166507,-0.035482179,-0.080793746,0.037122332,0.028242966
16.740057079,0.021924166,0.034092762,-0.035434980,-0.080764249,0.037022032,0.028201668
16.745057550,0.021888763,0.034013111,-0.035393678,-0.080740646,0.036927633,0.028160367
16.750056739,0.021847468,0.033924617,-0.035358276,-0.080722950,0.036850929,0.028101368
16.755057291,0.021758968,0.033780061,-0.035269774,-0.080693446,0.036697533,0.028030569
16.760057542,0.021717666,0.033718117,-0.035204880,-0.080675751,0.036638532,0.027971568
16.765057642,0.021676363,0.033653215,-0.035175376,-0.080663949,0.036567740,0.027930271
16.770063595,0.021629164,0.033600114,-0.035145883,-0.080652148,0.036491036,0.027871272
16.775057483,0.021587871,0.033549964,-0.035098683,-0.080646247,0.036414336,0.027800472
16.780057139,0.021481669,0.033446714,-0.035021979,-0.080634445,0.036249138,0.027635274
16.785057086,0.021434469,0.033396568,-0.034992490,-0.080622651,0.036160637,0.027576273
16.790057143,0.021328272,0.033299223,-0.034951188,-0.080616750,0.035977744,0.027428778
16.795057661,0.021275176,0.033243172,-0.034903988,-0.080616750,0.035877448,0.027363876
16.800063420,0.021222070,0.033195972,-0.034886278,-0.080610849,0.035794847,0.027287180
16.805060881,0.021174870,0.033142868,-0.034844980,-0.080604948,0.035724044,0.027228178
16.810057280,0.021121774,0.033083871,-0.034827285,-0.080599047,0.035653245,0.027180979
16.815061523,0.021021476,0.032948177,-0.034756493,-0.080593146,0.035547052,0.027057080
16.820061483,0.020974277,0.032892130,-0.034726985,-0.080587253,0.035493948,0.026980381
16.825060982,0.020932974,0.032827221,-0.034697480,-0.080581352,0.035446748,0.026933182
16.830057208,0.020891681,0.032768227,-0.034679785,-0.080581352,0.035399549,0.026874183
16.835061358,0.020850379,0.032709226,-0.034650281,-0.080575451,0.035352349,0.026826983
16.840061966,0.020767776,0.032608934,-0.034591287,-0.080563650,0.035240255,0.026697185
16.845062114,0.020732380,0.032561734,-0.034561794,-0.080557749,0.035169456,0.026620487
16.850056860,0.020702884,0.032526329,-0.034532290,-0.080551848,0.035104554,0.026526088
16.855062730,0.020667480,0.032479130,-0.034520496,-0.080551848,0.035027858,0.026443489
16.860061821,0.020608485,0.032396533,-0.034461483,-0.080540046,0.034874454,0.026284192
16.865062114,0.020573080,0.032352284,-0.034431994,-0.080534153,0.034791857,0.026231091
16.870063356,0.020514084,0.032275587,-0.034361187,-0.080516450,0.034620762,0.026071794
16.875064894,0.020484580,0.032225434,-0.034331694,-0.080510549,0.034544066,0.025989195
16.880061738,0.020443285,0.032184131,-0.034290396,-0.080492854,0.034473266,0.025888894
16.885061847,0.020396085,0.032145783,-0.034266789,-0.080481052,0.034414262,0.025818095
16.890061082,0.020366581,0.032086786,-0.034207791,-0.080457449,0.034361165,0.025753198
16.895061903,0.020254487,0.031974688,-0.034125190,-0.080410250,0.034260869,0.025652900
16.900061249,0.020201389,0.031918641,-0.034072090,-0.080374852,0.034207761,0.025587998
16.905062177,0.020142386,0.031865541,-0.034030791,-0.080345355,0.034154665,0.025534902
16.910056696,0.020089289,0.031812437,-0.033989489,-0.080304056,0.034095667,0.025481800
16.915061945,0.020024387,0.031753439,-0.033948202,-0.080262750,0.034036666,0.025416903
16.920056913,0.019900491,0.031650193,-0.033853803,-0.080186054,0.033900972,0.025328401
16.925057143,0.019841488,0.031594142,-0.033800706,-0.080138855,0.033824269,0.025263503
16.930057661,0.019776594,0.031552844,-0.033759404,-0.080097556,0.033747569,0.025210403
16.935061565,0.019723488,0.031514496,-0.033706307,-0.080050357,0.033670872,0.025139604
16.940056494,0.019605497,0.031440742,-0.033605993,-0.079955958,0.033499777,0.025057008
16.945056634,0.019558297,0.031405345,-0.033552896,-0.079914659,0.033411276,0.024986207
16.950057187,0.019505197,0.031378791,-0.033499800,-0.079867460,0.033322774,0.024933107
16.955062720,0.019416695,0.031310942,-0.033411298,-0.079773061,0.033169381,0.024826908
16.960056967,0.019381296,0.031281449,-0.033364099,-0.079725862,0.033110376,0.024756109
16.965057773,0.019339997,0.031249002,-0.033311002,-0.079684563,0.033051379,0.024720710
16.970057398,0.019298697,0.031216547,-0.033257902,-0.079649158,0.032998282,0.024685310
16.975056714,0.019216098,0.031160500,-0.033175301,-0.079584263,0.032897979,0.024579110
16.980057518,0.019174799,0.031130997,-0.033110406,-0.079554759,0.032844882,0.024526013
16.985057259,0.019133499,0.031086747,-0.033063207,-0.079531163,0.032791782,0.024490613
16.990058277,0.019080400,0.031048395,-0.033016007,-0.079513460,0.032732781,0.024449311
16.995061093,0.019039098,0.031015951,-0.032951113,-0.079495765,0.032679681,0.024396215
17.000056813,0.018944703,0.030933352,-0.032856714,-0.079478063,0.032567590,0.024290016
17.005056944,0.018891603,0.030886153,-0.032797702,-0.079466261,0.032514483,0.024236917
17.010056478,0.018850304,0.030821254,-0.032750502,-0.079460360,0.032461386,0.024177918
17.015057257,0.018755905,0.030703250,-0.032656103,-0.079448566,0.032355189,0.024071719
17.020056799,0.018708706,0.030656055,-0.032608919,-0.079448566,0.032302085,0.024030417
17.025056719,0.018655604,0.030597057,-0.032549910,-0.079442665,0.032243092,0.023977321
17.030056384,0.018614307,0.030529203,-0.032508608,-0.079436764,0.032178190,0.023941921
17.035062913,0.018525805,0.030420061,-0.032402411,-0.079430863,0.032060191,0.023829820
17.040059497,0.018490406,0.030355155,-0.032372922,-0.079430863,0.032007094,0.023770820
17.045057541,0.018449109,0.030302057,-0.032313913,-0.079424962,0.031953994,0.023711825
17.050065996,0.018413709,0.030243056,-0.032278523,-0.079424962,0.031906795,0.023658723
17.055057654,0.018372407,0.030192908,-0.032237221,-0.079424962,0.031865492,0.023582026
17.060056859,0.018313412,0.030092610,-0.032172315,-0.079419062,0.031794693,0.023452226
17.065057330,0.018272109,0.030054260,-0.032136925,-0.079419062,0.031765196,0.023410926
17.070057352,0.018248510,0.029998209,-0.032107420,-0.079413161,0.031735700,0.023351926
17.075057500,0.018224910,0.029953964,-0.032072015,-0.079413161,0.031706195,0.023298828
17.080056982,0.018165911,0.029862516,-0.032018919,-0.079407267,0.031653095,0.023180829
17.085057309,0.018154111,0.029806469,-0.031977616,-0.079407267,0.031629495,0.023121830
17.090057588,0.018124614,0.029756311,-0.031954024,-0.079401366,0.031605896,0.023062831
17.095057579,0.018065615,0.029641267,-0.031889115,-0.079401366,0.031546902,0.022944832
17.100057102,0.018042015,0.029582269,-0.031859625,-0.079401366,0.031511497,0.022885833
17.105057634,0.018006615,0.029543914,-0.031818323,-0.079395466,0.031476103,0.022826834
17.110057767,0.017983016,0.029493768,-0.031794716,-0.079395466,0.031440698,0.022785533
17.115057779,0.017924014,0.029381670,-0.031712130,-0.079389565,0.031358104,0.022667537
17.120057501,0.017876815,0.029334467,-0.031682622,-0.079383664,0.031316802,0.022626236
17.125056988,0.017841415,0.029290218,-0.031653117,-0.079383664,0.031269602,0.022567237
17.130057570,0.017794216,0.029245973,-0.031617731,-0.079377763,0.031216504,0.022531837
17.135057175,0.017758816,0.029201720,-0.031576429,-0.079377763,0.031169305,0.022466939
17.140057544,0.017676217,0.029127974,-0.031529229,-0.079365961,0.031057203,0.022390239
17.145057266,0.017629018,0.029074870,-0.031499725,-0.079365961,0.030992303,0.022348940
17.150056972,0.017593618,0.029036526,-0.031470232,-0.079360068,0.030933307,0.022307640
17.155057568,0.017546419,0.028995221,-0.031434830,-0.079348266,0.030874304,0.022289939
17.160056939,0.017493321,0.028959826,-0.031405326,-0.079336464,0.030821206,0.022225041
17.165057772,0.017410722,0.028897876,-0.031358123,-0.079312868,0.030744508,0.022166042
17.170057394,0.017369421,0.028868377,-0.031328633,-0.079295166,0.030709112,0.022148341
17.175057012,0.017298622,0.028794631,-0.031281434,-0.079247966,0.030656008,0.022065744
17.180057060,0.017269123,0.028776925,-0.031251930,-0.079218470,0.030626509,0.022024445
17.185056851,0.017245524,0.028747430,-0.031228337,-0.079183064,0.030602910,0.021983145
17.190058145,0.017210124,0.028712029,-0.031222424,-0.079147667,0.030579310,0.021941844
17.195057437,0.017180622,0.028691381,-0.031198831,-0.079106368,0.030549813,0.021900546
17.200057070,0.017133422,0.028641228,-0.031163428,-0.079017870,0.030484911,0.021794347
17.205057490,0.017103925,0.028614681,-0.031151632,-0.078970671,0.030449515,0.021753047
17.210056976,0.017080326,0.028599929,-0.031133939,-0.078923471,0.030414112,0.021711748
17.215057398,0.017056726,0.028558629,-0.031104432,-0.078876272,0.030372810,0.021670448
17.220056737,0.016991828,0.028514383,-0.031074928,-0.078775972,0.030290214,0.021611448
17.225057445,0.016950527,0.028487831,-0.031057233,-0.078734674,0.030243015,0.021570148
17.230057503,0.016897429,0.028470129,-0.031039538,-0.078693375,0.030195815,0.021546548
17.235057407,0.016832529,0.028425880,-0.030992338,-0.078604877,0.030101417,0.021487549
17.240057526,0.016779430,0.028414086,-0.030968731,-0.078563571,0.030054217,0.021440351
17.245057074,0.016714528,0.028390482,-0.030945139,-0.078534074,0.030012915,0.021422653
17.250057583,0.016685031,0.028378684,-0.030915635,-0.078504577,0.029965715,0.021399053
17.255057466,0.016578833,0.028349182,-0.030862536,-0.078457378,0.029883120,0.021357752
17.260056528,0.016537530,0.028325584,-0.030821236,-0.078445576,0.029835921,0.021340054
17.265056973,0.016496234,0.028313780,-0.030797629,-0.078433774,0.029788721,0.021340054
17.270057417,0.016454931,0.028301980,-0.030762240,-0.078427874,0.029741522,0.021316454
17.275056801,0.016413633,0.028293133,-0.030726837,-0.078421980,0.029682519,0.021298753
17.280057407,0.016319234,0.028254783,-0.030650131,-0.078410178,0.029564520,0.021275153
17.285056774,0.016289737,0.028237086,-0.030608844,-0.078410178,0.029511422,0.021257455
17.290057261,0.016230738,0.028225280,-0.030573441,-0.078410178,0.029464222,0.021233855
17.295057136,0.016207138,0.028207585,-0.030526241,-0.078410178,0.029422922,0.021210253
17.300056592,0.016136339,0.028157435,-0.030467246,-0.078410178,0.029352129,0.021151254
17.305057275,0.016089140,0.028136790,-0.030420046,-0.078404278,0.029322624,0.021109955
17.310057102,0.016059637,0.028101387,-0.030384643,-0.078404278,0.029293125,0.021086356
17.315056699,0.016006539,0.028033540,-0.030319743,-0.078404278,0.029234130,0.021003757
17.320056861,0.015977038,0.027989287,-0.030290244,-0.078404278,0.029204626,0.020962456
17.325062622,0.015947539,0.027942086,-0.030254841,-0.078404278,0.029169230,0.020921158
17.330057555,0.015900340,0.027909640,-0.030225342,-0.078404278,0.029139731,0.020873958
17.335057475,0.015859040,0.027809339,-0.030154543,-0.078404278,0.029063027,0.020773660
17.340057596,0.015847240,0.027750339,-0.030119140,-0.078404278,0.029021733,0.020726461
17.345061638,0.015800040,0.027700190,-0.030095540,-0.078398377,0.028974533,0.020667462
17.350057706,0.015770542,0.027658889,-0.030060144,-0.078404278,0.028927334,0.020643862
17.355057396,0.015741041,0.027605791,-0.030036544,-0.078404278,0.028880134,0.020578962
17.360063409,0.015664343,0.027502544,-0.029983448,-0.078404278,0.028779829,0.020496363
17.365057009,0.015623045,0.027458295,-0.029959848,-0.078398377,0.028732637,0.020455062
17.370060516,0.015575846,0.027416995,-0.029924445,-0.078398377,0.028685438,0.020407863
17.375057969,0.015546344,0.027384546,-0.029912649,-0.078404278,0.028644137,0.020366564
17.380062885,0.015499145,0.027328497,-0.029883150,-0.078398377,0.028602835,0.020301664
17.385056522,0.015440145,0.027263597,-0.029830044,-0.078398377,0.028520240,0.020219065
17.390057655,0.015410647,0.027231146,-0.029806444,-0.078398377,0.028484836,0.020154167
17.395056795,0.015333946,0.027154448,-0.029753348,-0.078398377,0.028414037,0.020089269
17.400062492,0.015304448,0.027124947,-0.029717952,-0.078398377,0.028378641,0.020047968
17.405056950,0.015269049,0.027089547,-0.029694352,-0.078398377,0.028349135,0.020030269
17.410057254,0.015239547,0.027063001,-0.029658949,-0.078398377,0.028325535,0.019983070
17.415061829,0.015210049,0.027027598,-0.029635349,-0.078398377,0.028301936,0.019965369
17.420057209,0.015162850,0.026944999,-0.029564550,-0.078398377,0.028266540,0.019900471
17.425062053,0.015127450,0.026909601,-0.029529154,-0.078398377,0.028248839,0.019835571
17.430056883,0.015097948,0.026865352,-0.029487852,-0.078398377,0.028237043,0.019794272
17.435062026,0.015050752,0.026818153,-0.029446550,-0.078398377,0.028225239,0.019752972
17.440063461,0.014985851,0.026714902,-0.029363954,-0.078398377,0.028195741,0.019646773
17.445057008,0.014956353,0.026673604,-0.029316755,-0.078398377,0.028183937,0.019581873
17.450057716,0.014938652,0.026626404,-0.029275455,-0.078398377,0.028172141,0.019516975
17.455056885,0.014909154,0.026582155,-0.029234152,-0.078398377,0.028166242,0.019475676
17.460062361,0.014873754,0.026481856,-0.029151557,-0.078398377,0.028142642,0.019351779
17.465056373,0.014861954,0.026443508,-0.029116154,-0.078398377,0.028130839,0.019310478
17.470058305,0.014826555,0.026408108,-0.029074859,-0.078398377,0.028124942,0.019245578
17.475057307,0.014797053,0.026343208,-0.028998155,-0.078398377,0.028101342,0.019139379
17.480061737,0.014779355,0.026328456,-0.028962759,-0.078398377,0.028089538,0.019098081
17.485062567,0.014779355,0.026293058,-0.028927356,-0.078398377,0.028077742,0.019056780
17.490057499,0.014761654,0.026266510,-0.028891960,-0.078398377,0.028065946,0.019033181
17.495062430,0.014749854,0.026254710,-0.028874258,-0.078398377,0.028054142,0.018991882
17.500056719,0.014732155,0.026222261,-0.028815262,-0.078398377,0.028030543,0.018950582
17.505057053,0.014714453,0.026204560,-0.028797561,-0.078398377,0.028012840,0.018926982
17.510057039,0.014714453,0.026195709,-0.028773962,-0.078398377,0.027995147,0.018909281
17.515057164,0.014696755,0.026189812,-0.028750360,-0.078398377,0.027977444,0.018909281
17.520062067,0.014684956,0.026169159,-0.028738558,-0.078398377,0.027959744,0.018885681
17.525061825,0.014649556,0.026151460,-0.028703161,-0.078398377,0.027906645,0.018862082
17.530057295,0.014631854,0.026154410,-0.028679561,-0.078398377,0.027877148,0.018844383
17.535062132,0.014584655,0.026124910,-0.028655961,-0.078398377,0.027800443,0.018803084
17.540061445,0.014566957,0.026133761,-0.028644165,-0.078398377,0.027753243,0.018779485
17.545061829,0.014537456,0.026119012,-0.028638260,-0.078398377,0.027706044,0.018761786
17.550056800,0.014502056,0.026113112,-0.028620565,-0.078398377,0.027658844,0.018738186
17.555061900,0.014484358,0.026110161,-0.028608762,-0.078398377,0.027611645,0.018714586
17.560061429,0.014401759,0.026104260,-0.028585162,-0.078398377,0.027511347,0.018655587
17.565061438,0.014372260,0.026092460,-0.028573366,-0.078398377,0.027452352,0.018614287
17.570057381,0.014336861,0.026086561,-0.028555665,-0.078398377,0.027393349,0.018549386
17.575062199,0.014301461,0.026086561,-0.028543862,-0.078398377,0.027334353,0.018508088
17.580061058,0.014218862,0.026065912,-0.028520262,-0.078398377,0.027216354,0.018443188
17.585061347,0.014183463,0.026062962,-0.028502567,-0.078398377,0.027163256,0.018401889
17.590056921,0.014153961,0.026060009,-0.028490763,-0.078398377,0.027110152,0.018360589
17.595056294,0.014118562,0.026045263,-0.028473062,-0.078398377,0.027074754,0.018319290
17.600056911,0.014083162,0.026042312,-0.028461266,-0.078398377,0.027033454,0.018277990
17.605057375,0.014000563,0.026036412,-0.028431768,-0.078398377,0.026980355,0.018213091
17.610057320,0.013982864,0.026030514,-0.028414067,-0.078398377,0.026956756,0.018171793
17.615061626,0.013912065,0.026009861,-0.028384568,-0.078398377,0.026915455,0.018106893
17.620056449,0.013894363,0.026003961,-0.028366866,-0.078398377,0.026897753,0.018065594
17.625056935,0.013876665,0.025992163,-0.028343266,-0.078398377,0.026880059,0.018024294
17.630058156,0.013847164,0.025986264,-0.028325565,-0.078398377,0.026862357,0.017982995
17.635056370,0.013829466,0.025971513,-0.028301965,-0.078398377,0.026844656,0.017959395
17.640056997,0.013811764,0.025936112,-0.028254766,-0.078398377,0.026815157,0.017918095
17.645056525,0.013794066,0.025915463,-0.028225267,-0.078398377,0.026797457,0.017918095
17.650057508,0.013776365,0.025883012,-0.028201668,-0.078398377,0.026779754,0.017900396
17.655057186,0.013776365,0.025853515,-0.028183967,-0.078398377,0.026762061,0.017900396
17.660056192,0.013758667,0.025776817,-0.028124971,-0.078398377,0.026714861,0.017859096
17.665057043,0.013740969,0.025738467,-0.028095465,-0.078398377,0.026691260,0.017835496
17.670057250,0.013740969,0.025685366,-0.028071865,-0.078398377,0.026667660,0.017835496
17.675056824,0.013740969,0.025617518,-0.028042369,-0.078398377,0.026638163,0.017835496
17.680057100,0.013723267,0.025496569,-0.027983371,-0.078398377,0.026573261,0.017811896
17.685057059,0.013723267,0.025440522,-0.027959771,-0.078398377,0.026537858,0.017811896
17.690057073,0.013723267,0.025381519,-0.027930275,-0.078398377,0.026496565,0.017794196
17.695064862,0.013705569,0.025269419,-0.027871272,-0.078398377,0.026419859,0.017770596
17.700058857,0.013687868,0.025225170,-0.027853569,-0.078398377,0.026384464,0.017770596
17.705057224,0.013705569,0.025180921,-0.027835876,-0.078398377,0.026343163,0.017752897
17.710057475,0.013670170,0.025145521,-0.027818173,-0.078398377,0.026313664,0.017729297
17.715058029,0.013670170,0.025107173,-0.027806370,-0.078398377,0.026284166,0.017687997
17.720057735,0.013652468,0.025065873,-0.027782770,-0.078398377,0.026225163,0.017670298
17.725046279,0.013652468,0.025042273,-0.027770974,-0.078398377,0.026195666,0.017623099
17.730057105,0.013640668,0.025033422,-0.027759170,-0.078398377,0.026166167,0.017605398
17.735057335,0.013622969,0.025021624,-0.027753273,-0.078398377,0.026130764,0.017581798
17.740062544,0.013605268,0.025006875,-0.027747374,-0.078398377,0.026101267,0.017540500
17.745057570,0.013587570,0.024992125,-0.027729673,-0.078398377,0.026030468,0.017475601
17.750057402,0.013569868,0.024989173,-0.027717877,-0.078398377,0.026000969,0.017416602
17.755056951,0.013534469,0.024971474,-0.027711971,-0.078398377,0.025930170,0.017351702
17.760056858,0.013516771,0.024968525,-0.027706074,-0.078398377,0.025900671,0.017334003
17.765057362,0.013499069,0.024965573,-0.027706074,-0.078398377,0.025871167,0.017286804
17.770057656,0.013481371,0.024965573,-0.027700175,-0.078398377,0.025841668,0.017269103
17.775062357,0.013445972,0.024962623,-0.027694277,-0.078398377,0.025818069,0.017227804
17.780057138,0.013375172,0.024959676,-0.027688371,-0.078398377,0.025782673,0.017186504
17.785061930,0.013339773,0.024959676,-0.027682474,-0.078398377,0.025764972,0.017139304
17.790056972,0.013304373,0.024956726,-0.027676575,-0.078398377,0.025753168,0.017121606
17.795062395,0.013268974,0.024947876,-0.027670678,-0.078398377,0.025747269,0.017080305
17.800057424,0.013180472,0.024944924,-0.027658874,-0.078398377,0.025723670,0.016997706
17.805061324,0.013127374,0.024953773,-0.027652975,-0.078398377,0.025717773,0.016950507
17.810057598,0.013091975,0.024953773,-0.027647078,-0.078398377,0.025711874,0.016950507
17.815056950,0.013038877,0.024953773,-0.027641172,-0.078398377,0.025700070,0.016891507
17.820062037,0.013003478,0.024953773,-0.027635274,-0.078398377,0.025700070,0.016867910
17.825057083,0.012914977,0.024950825,-0.027617572,-0.078398377,0.025688274,0.016808910
17.830057717,0.012879577,0.024941973,-0.027611673,-0.078398377,0.025682369,0.016785311
17.835061554,0.012808777,0.024941973,-0.027599877,-0.078398377,0.025670573,0.016744010
17.840061600,0.012773378,0.024947874,-0.027593972,-0.078398377,0.025664674,0.016720410
17.845062527,0.012737978,0.024947874,-0.027582176,-0.078398377,0.025658770,0.016702712
17.850057024,0.012720280,0.024939027,-0.027570372,-0.078398377,0.025646973,0.016702712
17.855062450,0.012684881,0.024939027,-0.027564473,-0.078398377,0.025646973,0.016679110
17.860057497,0.012649481,0.024947874,-0.027540874,-0.078398377,0.025629271,0.016637811
17.865061855,0.012631780,0.024939027,-0.027523173,-0.078398377,0.025617475,0.016637811
17.870056888,0.012614082,0.024936076,-0.027505478,-0.078398377,0.025611570,0.016614212
17.875061673,0.012590482,0.024947874,-0.027499573,-0.078398377,0.025605671,0.016596511
17.880062183,0.012590482,0.024936076,-0.027481878,-0.078398377,0.025593875,0.016572911
17.885061438,0.012572780,0.024936076,-0.027440578,-0.078398377,0.025576174,0.016513912
17.890057766,0.012572780,0.024936076,-0.027422875,-0.078398377,0.025564371,0.016490312
17.895057423,0.012555082,0.024936076,-0.027399275,-0.078398377,0.025552573,0.016449014
17.900057192,0.012555082,0.024936076,-0.027381582,-0.078398377,0.025534872,0.016407713
17.905057403,0.012555082,0.024936076,-0.027340280,-0.078398377,0.025505373,0.016342815
17.910056926,0.012555082,0.024936076,-0.027310783,-0.078398377,0.025493570,0.016301515
17.915062329,0.012537381,0.024936076,-0.027287183,-0.078398377,0.025475876,0.016260214
17.920062329,0.012537381,0.024944926,-0.027228178,-0.078398377,0.025434574,0.016177617
17.925061333,0.012537381,0.024933124,-0.027198682,-0.078398377,0.025405077,0.016136318
17.930057190,0.012537381,0.024933124,-0.027163278,-0.078398377,0.025375579,0.016112719
17.935061655,0.012537381,0.024933124,-0.027139679,-0.078398377,0.025346074,0.016071418
17.940061889,0.012537381,0.024933124,-0.027062980,-0.078398377,0.025269376,0.015988819
17.945062030,0.012537381,0.024933124,-0.027027585,-0.078398377,0.025228076,0.015947521
17.950057946,0.012537381,0.024933124,-0.026992181,-0.078398377,0.025180876,0.015900319
17.955062049,0.012537381,0.024933124,-0.026950881,-0.078398377,0.025139581,0.015882621
17.960061352,0.012537381,0.024933124,-0.026915485,-0.078398377,0.025098279,0.015841320
17.965061592,0.012537381,0.024933124,-0.026826983,-0.078398377,0.025015676,0.015776422
17.970057914,0.012519683,0.024933124,-0.026779784,-0.078398377,0.024974383,0.015758721
17.975062187,0.012537381,0.024933124,-0.026697189,-0.078398377,0.024891781,0.015717423
17.980061662,0.012537381,0.024933124,-0.026655886,-0.078398377,0.024850478,0.015717423
17.985061569,0.012519683,0.024933124,-0.026614586,-0.078398377,0.024815083,0.015693823
17.990057722,0.012519683,0.024933124,-0.026579190,-0.078398377,0.024773780,0.015693823
17.995062232,0.012519683,0.024933124,-0.026549691,-0.078398377,0.024732487,0.015693823
